term,phrase,tag1,tag2,tag3,tag4,tag5,tag6,tag7,tag8,tag9,tag10,tag11,tag12,tag13,tag14,tag15,tag16,tag17,tag18,tag19,tag20,meaninglanguage1,meaning1,meaninglanguage2,meaning2,meaninglanguage3,meaning3,meaninglanguage4,meaning4,meaninglanguage5,meaning5
abandonó,"La abandonó por negocios urgentes, volvió…",Verb,pretérito perfecto simple,él/ella/ud.,abandonar,abandonarse,abandonar,verbo,pretérito perfecto simple,él/ella/ud.,abandonarse,,,,,,,,,,,en,"he/she/it/ud  abandoned, left",,,,,,,,
abogados,"…recomendación de sus propios abogados, con la oposición de…",Noun,,,,,,,,,,,,,,,,,,,,en,lawyers,,,,,,,,
abogar,…y al mismo tiempo abogar por los,Verb,participio pasado,verb,participio pasado,,,,,,,,,,,,,,,,,en,to advocate,,,,,,,,
abono,…secreto estaba en el abono.,Verb,yo,presente,abonar,abonarse,Noun,verb,noun,presente,yo,abonar,abonarse,,,,,,,,,en,fertilizer,,,,,,,,
abra,"…temblorosa] Abra la puerta.- Ángela, tranquila.",Verb,él/ella/ud.,imperativo,subjuntivo presente,abrir,abrirse,Noun,sustantivo,abrir,imperativo,verbo,subjuntivo presente,él/ella/ud.,abrirse,,,,,,,en,Open,,,,,,,,
abrazarte,"…Es para abrazarte mejor, querida!""",,,,,,,,,,,,,,,,,,,,,en,hug,,,,,,,,
abrelatas,"…personas diestras. Las tijeras, abrelatas, cámaras, escritorios",,,,,,,,,,,,,,,,,,,,,en,can opener,,,,,,,,
ábreme,Ábreme.- Puta loca.,,,,,,,,,,,,,,,,,,,,,en,"open, open up",,,,,,,,
abrió,"…tocarla, la esfera se abrió y de ella salió…",Verb,pretérito perfecto simple,él/ella/ud.,abrir,abrirse,abrir,verbo,pretérito perfecto simple,él/ella/ud.,abrirse,,,,,,,,,,,en,opened,,,,,,,,
abrirla,"…negocios urgentes, volvió a abrirla cuando regresaba en tren…",,,,,,,,,,,,,,,,,,,,,en,open it,,,,,,,,
abuelita,…esta letra de mi abuelita era la que firmaba…,Noun,noun,,,,,,,,,,,,,,,,,,,en,grandmother,,,,,,,,
aburre,…Es que se aburre.,Verb,él/ella/ud.,presente,subjuntivo presente,aburrarse,aburrir,aburrirse,verbo,aburrir,presente,subjuntivo presente,él/ella/ud.,aburrirse,aburrarse,,,,,,,en,"v.  weary, bore (Aburrir)",,,,,,,,
abusada,La parca muy abusada,,,,,,,,,,,,,,,,,,,,,en,abused,,,,,,,,
acá,…insultos]-[ hombre]¡ Tomátela de acá!,Adverb,Noun,noun,adverb,,,,,,,,,,,,,,,,,en,here,,,,,,,,
acaba,…capítulo. El payaso lo acaba de subir.,Verb,él/ella/ud.,presente,acabar,acabarse,verbo,presente,acabar,él/ella/ud.,acabarse,,,,,,,,,,,en,"finish, terminate, end",,,,,,,,
acabado,cuántas veces se ha acabado el mundo la,Verb,yo,pretérito perfecto compuesto,acabar,acabarse,Noun,verbo,yo,acabar,pretérito perfecto compuesto,acabarse,,,,,,,,,,en,finished,,,,,,,,
acabar,…partidas de I+ D acabar de cuajo con un…,Verb,participio pasado,verbo,participio pasado,,,,,,,,,,,,,,,,,en,to finish,,,,,,,,
acabarte,"…que un día empezaste, acabarte el episodio de la…",,,,,,,,,,,,,,,,,,,,,en,to finish,,,,,,,,
acabó,Se acabó el payaso.,Verb,pretérito perfecto simple,él/ella/ud.,acabar,acabarse,Noun,sustantivo,verbo,acabar,pretérito perfecto simple,él/ella/ud.,acabarse,,,,,,,,,en,"v.  finish, terminate, end;",,,,,,,,
acaparan,Acaparan los medios de comunicación…,Verb,presente,ellos/ellas/uds.,acaparar,verbo,presente,ellos/ellas/uds.,acaparar,,,,,,,,,,,,,en,they monopolize,,,,,,,,
acari,"Los ácaros( Acarina o Acari, del griego akarés,"" diminuto"",""…",,,,,,,,,,,,,,,,,,,,,en,Acarina or Acari are a taxon of arachnids that contains mites and ticks,,,,,,,,
ácaros,"Los ácaros( Acarina o Acari, del…",Noun,,,,,,,,,,,,,,,,,,,,en,mites,,,,,,,,
acaso,Acaso tengo cara de idiota?,Adverb,Noun,sustantivo,adverbio,,,,,,,,,,,,,,,,,en,perhaps,,,,,,,,
accidente,…recibieron la noticia del accidente ferroviario y el nombre…,Verb,él/ella/ud.,imperativo,subjuntivo presente,accidentar,accidentarse,Noun,imperativo,verbo,subjuntivo presente,él/ella/ud.,accidentar,accidentarse,,,,,,,,en,accident,,,,,,,,
accionista,…hubiera sido el principal accionista de la empresa? En…,Noun,sustantivo,,,,,,,,,,,,,,,,,,,en,shareholder,,,,,,,,
acelerar,buenos días y quiero acelerar,Verb,participio pasado,verb,participio pasado,,,,,,,,,,,,,,,,,en,to accelerate,,,,,,,,
acentúo,…la mala reputación se acentúo en,,,,,,,,,,,,,,,,,,,,,en,it accentuated,,,,,,,,
acerca,…entonces dió una charla acerca de su descubrimiento.,Verb,él/ella/ud.,presente,acercar,acercarse,Adjective,Adverb,verb,adjective,presente,adverb,acercar,él/ella/ud.,acercarse,,,,,,,en,about,,,,,,,,
acercándose,"…exclamó Caperucita Roja, acercándose a la cama.",,,,,,,,,,,,,,,,,,,,,en,approaching,,,,,,,,
acerqué,Yo me acerqué al niño y le,Verb,yo,pretérito perfecto simple,acercar,acercarse,Noun,,,,,,,,,,,,,,,en,I approached,,,,,,,,
acertijos,acertijos sin resolver más antiguos…,Noun,noun,,,,,,,,,,,,,,,,,,,en,riddles,,,,,,,,
aclarándose,…y el misterio va aclarándose gradualmente a medida que…,,,,,,,,,,,,,,,,,,,,,en,becoming clearer,,,,,,,,
aclare,Quizá… esto te lo aclare.,Verb,él/ella/ud.,imperativo,subjuntivo presente,aclarar,aclararse,imperativo,verbo,aclararse,aclarar,subjuntivo presente,él/ella/ud.,,,,,,,,,en,clarify,,,,,,,,
acompáñeme,Ajá… un latino indocumentado...¡ Acompáñeme!,,,,,,,,,,,,,,,,,,,,,en,come with me,,,,,,,,
acontecimientos,Pero sabemos que hay acontecimientos que no pueden contarse,Noun,,,,,,,,,,,,,,,,,,,,en,"events, occurences,occasions",,,,,,,,
acordarme,"…cuyo nombre no quiero acordarme, no ha mucho tiempo…",Noun,sustantivo,,,,,,,,,,,,,,,,,,,en,acordarse: to remember,,,,,,,,
acostumbrada,Está acostumbrada a dar una vuelta…,Adjective,adjetivo,,,,,,,,,,,,,,,,,,,en,accustomed; used to *,,,,,,,,
acostumbrado,…tema que no estoy acostumbrado a usar el vocabulario…,Verb,yo,pretérito perfecto compuesto,acostumbrar,acostumbrarse,Adjective,verbo,yo,acostumbrarse,acostumbrar,pretérito perfecto compuesto,,,,,,,,,,en,(have) accustomed,,,,,,,,
acta,"…jurados dimos lectura al acta, que destacaba los méritos…",Noun,,,,,,,,,,,,,,,,,,,,en,"n.  act; record; minutes, notes of the proceedings of a meeting",,,,,,,,
activamente,…gente viese que trabajaban activamente en la confección de…,Adverb,,,,,,,,,,,,,,,,,,,,en,actively,,,,,,,,
actualizada,…está la versión más actualizada del calendario.,Adjective,adjetivo,,,,,,,,,,,,,,,,,,,en,updated,,,,,,,,
acuden,Tengo muchísimos clientes que acuden a mí porque son…,Verb,presente,ellos/ellas/uds.,acudir,acudir,verbo,presente,ellos/ellas/uds.,,,,,,,,,,,,,en,"resort to, turn to, come, attend",,,,,,,,
acuíferos,…por debajo de los acuíferos de agua dulce.,Noun,sustantivo,,,,,,,,,,,,,,,,,,,en,aquifers,,,,,,,,
acusa,"Cuidado, el ejército los acusa a ellos",Verb,él/ella/ud.,presente,acusar,acusarse,verb,presente,él/ella/ud.,acusar,acusarse,,,,,,,,,,,en,it accuses,,,,,,,,
acusar,Acusar a los que estamos…,Verb,participio pasado,verbo,participio pasado,,,,,,,,,,,,,,,,,en,to accuse,,,,,,,,
acusaron,acusaron de vender tarjetas SIM…,Verb,pretérito perfecto simple,ellos/ellas/uds.,acusar,acusarse,verb,pretérito perfecto simple,ellos/ellas/uds.,acusar,acusarse,,,,,,,,,,,en,accused,,,,,,,,
adaptaran,…que si los turcos adaptaran el estilo de vida…,Verb,ellos/ellas/uds.,subjuntivo pretérito imperfecto,adaptar,adaptarse,verb,adaptar,ellos/ellas/uds.,adaptarse,subjuntivo pretérito imperfecto,,,,,,,,,,,en,adapt,,,,,,,,
adarga,"…de lanza en astillero, adarga antigua, rocín flaco y…",Verb,él/ella/ud.,presente,adargar,adargarse,Noun,sustantivo,verbo,presente,él/ella/ud.,adargar,adargarse,,,,,,,,,en,hard leather shield,,,,,,,,
adecuada,…ha aparecido la persona adecuada... y tal vez sea…,Adjective,,,,,,,,,,,,,,,,,,,,en,"adj. adequate, suitable, appropriate",,,,,,,,
adecuadas,…el tipo de palabras adecuadas para no ofender a…,Adjective,,,,,,,,,,,,,,,,,,,,en,adequate ; suitable ; appropriate,,,,,,,,
además,"…de humor e ingenio, además de una gran crítica…",Adverb,adverbio,,,,,,,,,,,,,,,,,,,en,"besides, moreover, furthermore",,,,,,,,
adentramos,"…Qué?( TV)"" Nos adentramos en los barrios",Verb,presente,nosotros,adentrar,adentrarse,verb,nosotros,presente,adentrarse,adentrar,,,,,,,,,,,en,we delve into,,,,,,,,
adentraron,Ellos se adentraron en el bosque.,Verb,pretérito perfecto simple,ellos/ellas/uds.,adentrar,adentrarse,verb,pretérito perfecto simple,ellos/ellas/uds.,adentrarse,adentrar,,,,,,,,,,,en,they entered,,,,,,,,
adentro,inflado con un elefante adentro y cuando le enseñé,Verb,yo,presente,adentrar,adentrarse,Adverb,Noun,,,,,,,,,,,,,,en,"in, indoors, inward , interieur",,,,,,,,
adicionales,…un boletín con notas adicionales para profundizar en la…,Adjective,,,,,,,,,,,,,,,,,,,,en,Additional,,,,,,,,
adinerada,…poodle de una mujer adinerada.,Adjective,adjetivo,,,,,,,,,,,,,,,,,,,en,"wealthy, rich",,,,,,,,
adivináis,…Y a que no adivináis cómo es cada vez…,Verb,presente,vosotros,adivinar,adivinarse,verbo,presente,adivinar,vosotros,adivinarse,,,,,,,,,,,en,Guess,,,,,,,,
admiradores,…Tiene hasta páginas de admiradores?,Noun,noun,,,,,,,,,,,,,,,,,,,en,admirers,,,,,,,,
adónde me llevas,"Eh,¿ adónde me llevas?",,,,,,,,,,,,,,,,,,,,,en,where are you taking me,,,,,,,,
adorables,…sobre rubias bobas pero adorables que se enamoran de…,,,,,,,,,,,,,,,,,,,,,en,adorable,,,,,,,,
adoración,…exclusivamente al culto de adoración.,Noun,,,,,,,,,,,,,,,,,,,,en,worship,,,,,,,,
adulta,…pulgas pasan su vida adulta completa en su superficie..,Adjective,Noun,,,,,,,,,,,,,,,,,,,en,adult,,,,,,,,
adulto,"era muy mayor, demasiado adulto para poder ver ovejas",Adjective,Noun,,,,,,,,,,,,,,,,,,,en,adult,,,,,,,,
advertirle,…Tengo que advertirle a todos!”,,,,,,,,,,,,,,,,,,,,,en,warn,,,,,,,,
advierte,…su habitación y le advierte que una amenaza mortal…,Verb,él/ella/ud.,presente,advertir,verbo,presente,advertir,él/ella/ud.,,,,,,,,,,,,,en,"point out, warn, caution",,,,,,,,
afán,"…lo negativo, en su afán nacionalista",Noun,noun,,,,,,,,,,,,,,,,,,,en,eagerness,,,,,,,,
afectaba,…un loco no le afectaba mucho.,Verb,yo,indicativo pretérito imperfecto,afectar,afectarse,verbo,yo,afectar,afectarse,indicativo pretérito imperfecto,,,,,,,,,,,en,affected,,,,,,,,
aficionado,…trataba de que un aficionado fuera a la comunidad…,Verb,yo,pretérito perfecto compuesto,aficionar,aficionarse,Adjective,Noun,sustantivo,adjetivo,verbo,yo,pretérito perfecto compuesto,aficionarse,aficionar,,,,,,,en,amateur,,,,,,,,
afilada,…un arma blanca y afilada.,Adjective,adjective,,,,,,,,,,,,,,,,,,,en,sharp,,,,,,,,
afirman,…cargo en enero y afirman que el presidente favorece…,Verb,presente,ellos/ellas/uds.,afirmar,afirmarse,verbo,presente,afirmar,ellos/ellas/uds.,afirmarse,,,,,,,,,,,en,claim,,,,,,,,
afortunada,…mi sobrina fue muy afortunada en su cumpleaños.,Adjective,,,,,,,,,,,,,,,,,,,,en,happy,,,,,,,,
afortunadamente,"Afortunadamente, los mitos y las…",Adverb,Noun,,,,,,,,,,,,,,,,,,,en,fortunately,,,,,,,,
afuera,"…por la ventana hacia afuera, del mismo modo en…",Verb,él/ella/ud.,presente,aforar,Adverb,Noun,sustantivo,adverbio,verbo,presente,él/ella/ud.,aforar,,,,,,,,,en,outside,,,,,,,,
agarrarnos,"precisamente para no agarrarnos a golpes, sí es…",,,,,,,,,,,,,,,,,,,,,en,to get ourselves,,,,,,,,
agitada,…mujer jadea agitada],Adjective,adjetivo,,,,,,,,,,,,,,,,,,,en,"adj. agitated, excited, flurried; billowy",,,,,,,,
agobiente,…con buenos ojos el agobiente ajetreo de sus hijos.,,,,,,,,,,,,,,,,,,,,,en,overwhelming,,,,,,,,
agradable,"…era una persona sociable, agradable, humanitaria.",Adjective,Noun,,,,,,,,,,,,,,,,,,,en,"pleasant, you",,,,,,,,
agradables,…Lucen tan agradables y maduras...¡ y tan…,Adjective,adjective,,,,,,,,,,,,,,,,,,,en,pleasant,,,,,,,,
agradecido,Agradecido por la ayuda de…,Verb,yo,pretérito perfecto compuesto,agradecer,Adjective,adjetivo,verbo,yo,pretérito perfecto compuesto,agradecer,,,,,,,,,,,en,"adj. grateful,, thankful;",,,,,,,,
agradezco,"Te agradezco mucho que quieras ayudarme,…",Verb,yo,presente,agradecer,verbo,presente,yo,agradecer,,,,,,,,,,,,,en,appreciate,,,,,,,,
agregan,…geológicas particulares que le agregan valor como su importante…,Verb,presente,ellos/ellas/uds.,agregar,agregarse,agregar,verbo,presente,ellos/ellas/uds.,agregarse,,,,,,,,,,,en,They add,,,,,,,,
aguantaba,"Entonces, yo ya no aguantaba más.",Verb,yo,indicativo pretérito imperfecto,aguantar,aguantarse,verb,aguantar,yo,aguantarse,indicativo pretérito imperfecto,,,,,,,,,,,en,I couldn't take it anymore.,,,,,,,,
agudos,…de temperatura me causaban agudos dolores.,Adjective,Noun,sustantivo,adjetivo,,,,,,,,,,,,,,,,,en,acute,,,,,,,,
aguja,Una aguja indicadora señala el momento…,Verb,él/ella/ud.,presente,agujar,Noun,verbo,presente,él/ella/ud.,agujar,,,,,,,,,,,,en,"aguja (f) n. needle; pointer, hand on a clock;",,,,,,,,
agujero,…Vuelve arrastrándote al agujero del que saliste!,Verb,yo,presente,agujerar,Noun,verb,noun,presente,yo,agujerar,,,,,,,,,,,en,"hole, perforation",,,,,,,,
ahí,Mira ahí.,Adverb,Noun,,,,,,,,,,,,,,,,,,,en,there,,,,,,,,
ahogado,…mujer]¿ Se ha ahogado?,Verb,yo,pretérito perfecto compuesto,ahogar,ahogarse,Adjective,Adverb,verb,adjective,yo,adverb,ahogar,pretérito perfecto compuesto,ahogarse,,,,,,,en,"ahogar - choked, unable to breathe",,,,,,,,
ahogarse,…te preguntaste cómo es ahogarse?,Verb,participio pasado,verb,participio pasado,,,,,,,,,,,,,,,,,en,to drown,,,,,,,,
ahogase,Dejé que se ahogase con su propia sangre,Verb,yo,subjuntivo pretérito imperfecto,ahogar,ahogarse,verbo,yo,ahogar,ahogarse,subjuntivo pretérito imperfecto,,,,,,,,,,,en,"drowned, suffocated",,,,,,,,
ahogó,"…hijo de los Dursley, ahogó sus palabras.",Verb,pretérito perfecto simple,él/ella/ud.,ahogar,ahogarse,verbo,ahogar,pretérito perfecto simple,él/ella/ud.,ahogarse,,,,,,,,,,,en,suffocation,,,,,,,,
ahorita,llamó mucho mi atención ahorita,Noun,,,,,,,,,,,,,,,,,,,,en,"immediately, right now",,,,,,,,
aislamiento,El aislamiento Por cierto: de estos…,Noun,sustantivo,,,,,,,,,,,,,,,,,,,en,"isolation, insulation; remoteness; privacy",,,,,,,,
ajá,Ajá… un latino indocumentado...¡ Acompáñeme!,Noun,,,,,,,,,,,,,,,,,,,,en,"splendid, fine; aha",,,,,,,,
ajetreo,…buenos ojos el agobiente ajetreo de sus hijos.,Verb,yo,presente,ajetrear,ajetrearse,verbo,presente,yo,ajetrear,ajetrearse,,,,,,,,,,,en,"hustle and bustle   ajetrear - annoy, bother, harass; enslave",,,,,,,,
akarés,"…o Acari, del griego akarés,"" diminuto"","" que no se…",,,,,,,,,,,,,,,,,,,,,en,akarés,,,,,,,,
al,"Al ladito de la caldera,…",Noun,Preposition,sustantivo,preposición,,,,,,,,,,,,,,,,,en,to the; to,,,,,,,,
alacena,…gigante fue a la alacena y sacó una gallina…,Noun,noun,,,,,,,,,,,,,,,,,,,en,pantry,,,,,,,,
alargadas,"Muertes alargadas, personajes que parecemos clichés.",Adjective,adjetivo,,,,,,,,,,,,,,,,,,,en,"alargar - lengthen, stretch",,,,,,,,
alas,El rey de las alas negras.,Verb,presente,alarse,Noun,verb,noun,presente,alarse,,,,,,,,,,,,,en,wings,,,,,,,,
alcachofas,"…Callosa d'En Sarriá, las alcachofas de la Vega Baja…",Verb,presente,tú,alcachofar,Noun,tú,verbo,presente,alcachofar,,,,,,,,,,,,en,artichokes,,,,,,,,
alcancé,…levanté rápidamente y le alcancé la mitad de una…,Verb,yo,pretérito perfecto simple,alcanzar,alcanzarse,verb,yo,alcanzar,pretérito perfecto simple,alcanzarse,,,,,,,,,,,en,reached,,,,,,,,
alcancía,…y representa una preciosa alcancía de electricidad disponible en…,,,,,,,,,,,,,,,,,,,,,en,(f) collection box,,,,,,,,
alcanza,"…quienes ya no les alcanza ni para comer,",Verb,él/ella/ud.,presente,alcanzar,alcanzarse,verb,presente,alcanzar,él/ella/ud.,alcanzarse,,,,,,,,,,,en,it is enough,,,,,,,,
alcanzas,…de que no me alcanzas.,Verb,presente,tú,alcanzar,alcanzarse,verb,tú,presente,alcanzar,alcanzarse,,,,,,,,,,,en,you reach,,,,,,,,
alcanzó,"Cuando alcanzó la cima, tenía mucha…",Verb,pretérito perfecto simple,él/ella/ud.,alcanzar,alcanzarse,verb,alcanzar,pretérito perfecto simple,él/ella/ud.,alcanzarse,,,,,,,,,,,en,he/she reached,,,,,,,,
aldea,…más ocupado de la aldea.,Noun,noun,,,,,,,,,,,,,,,,,,,en,small village,,,,,,,,
alegre,…de Luna siempre está alegre y transmite luz a…,Verb,él/ella/ud.,imperativo,subjuntivo presente,alegrar,alegrarse,Adjective,Noun,verb,noun,imperativo,adjective,alegrarse,subjuntivo presente,alegrar,él/ella/ud.,,,,,en,cheerful,,,,,,,,
alegría,"ni alegría,",Noun,noun,,,,,,,,,,,,,,,,,,,en,joy,,,,,,,,
alejada,"Vaca Muerta se encuentra alejada de centros urbanos, lo…",Adjective,adjetivo,,,,,,,,,,,,,,,,,,,en,"remote, removed from",,,,,,,,
alejados,…a reunirse en lugares alejados de las calles fue…,Adjective,,,,,,,,,,,,,,,,,,,,en,"outlying, further afield",,,,,,,,
alejarte,Nunca supiste cuándo alejarte.,,,,,,,,,,,,,,,,,,,,,en,get away,,,,,,,,
alemán,"…una palabra del alto alemán antiguo:“ Heri”,",Adjective,Noun,noun,adjective,,,,,,,,,,,,,,,,,en,German,,,,,,,,
alemania,"…más grandes de Europa: Alemania,",Noun,sustantivo,,,,,,,,,,,,,,,,,,,en,Germany,,,,,,,,
aletargada,"Después se queda aletargada, o sea, se queda…",,,,,,,,,,,,,,,,,,,,,en,sluggish,,,,,,,,
alfarero,"…Potter”? En inglés significa…¡ alfarero! Guau,",Noun,noun,,,,,,,,,,,,,,,,,,,en,pottery,,,,,,,,
alfombras,…y tranquilos como las alfombras( una larva puede desplazarse 40…,Verb,presente,tú,alfombrar,Noun,tú,verbo,presente,alfombrar,,,,,,,,,,,,en,"carpet, rug",,,,,,,,
algo,"…allí, nos encontramos con algo impactante.",Pronoun,Adverb,,,,,,,,,,,,,,,,,,,en,"something, anything",,,,,,,,
alguien,Jennifer: Alguien en Chile se da…,Pronoun,Noun,,,,,,,,,,,,,,,,,,,en,someone,,,,,,,,
algún,…de mí siguen de algún modo pareciéndome especialmente dulces.,Pronoun,Noun,,,,,,,,,,,,,,,,,,,en,some,,,,,,,,
alguna,Alguna está un poco peor…,Adjective,Pronoun,pronombre,adjetivo,,,,,,,,,,,,,,,,,en,some,,,,,,,,
alguno,…así como para impulsar alguno de los innumerables artefactos…,Pronoun,Adverb,,,,,,,,,,,,,,,,,,,en,"some, any; a few",,,,,,,,
algunos,"…ninguna preposición, aunque en algunos casos podemos utilizar la…",Pronoun,,,,,,,,,,,,,,,,,,,,en,some; a few,,,,,,,,
alicate,…se me cayó un alicate al suelo con un…,Verb,él/ella/ud.,imperativo,alicatar,verb,imperativo,él/ella/ud.,alicatar,,,,,,,,,,,,,en,pliers,,,,,,,,
alimentado,bien hidratado y alimentado. Un resfriado se puede…,Verb,yo,pretérito perfecto compuesto,alimentar,alimentarse,verb,yo,pretérito perfecto compuesto,alimentarse,alimentar,,,,,,,,,,,en,fed,,,,,,,,
alimentaria,…través de la cadena alimentaria.,Adjective,Noun,noun,adjective,,,,,,,,,,,,,,,,,en,food,,,,,,,,
alimentarte,Tenemos que alimentarte bien mientras podamos... No…,,,,,,,,,,,,,,,,,,,,,en,feed you,,,,,,,,
alimento,nuestros estómagos convierten ese alimento en energía para nuestro…,Verb,yo,presente,alimentar,alimentarse,Noun,verb,noun,presente,yo,alimentarse,alimentar,,,,,,,,,en,food,,,,,,,,
alivies,"…descansando, para que te alivies",Verb,tú,subjuntivo presente,aliviar,aliviarse,aliviar,verb,tú,subjuntivo presente,aliviarse,,,,,,,,,,,en,you recover,,,,,,,,
allá,…en la tierra hacia allá arriba al cielo.,Adverb,Noun,noun,adverb,,,,,,,,,,,,,,,,,en,there,,,,,,,,
allí,"Cuando entramos allí, nos encontramos con algo…",Adverb,,,,,,,,,,,,,,,,,,,,en,there; over there,,,,,,,,
almacenada,"…quemado, activando la energía almacenada",,,,,,,,,,,,,,,,,,,,,en,stored,,,,,,,,
almohada,…mi hermano a su almohada.,Noun,noun,,,,,,,,,,,,,,,,,,,en,pillow,,,,,,,,
almorzar,…tenían tiempo libre para almorzar.,Verb,participio pasado,Noun,verbo,participio pasado,,,,,,,,,,,,,,,,fr,"have a dinner, lunch",,,,,,,,
alojamiento,…puede ofrecer trabajo ni alojamiento ni siquiera transporte a…,Noun,,,,,,,,,,,,,,,,,,,,en,"a place to stay, accomodation",,,,,,,,
alquilando,"…las compañías navieras, están alquilando sus propios barcos para",Verb,gerundio,alquilar,verb,gerundio,alquilar,,,,,,,,,,,,,,,en,renting,,,,,,,,
alrededor,"…primero sofocándola al enroscarse alrededor de su víctima, y…",Adverb,Noun,sustantivo,adverbio,,,,,,,,,,,,,,,,,en,"round, around",,,,,,,,
altanera,"…bella, pero orgullosa y altanera, y no podía sufrir…",,,,,,,,,,,,,,,,,,,,,en,haughty,,,,,,,,
altas,"…los polos y las altas montañas, los desiertos, el…",Adjective,Noun,,,,,,,,,,,,,,,,,,,en,high,,,,,,,,
alternase,…un caballero tan misterioso alternase con los miembros de…,Verb,yo,subjuntivo pretérito imperfecto,alternar,verb,yo,alternar,subjuntivo pretérito imperfecto,,,,,,,,,,,,,en,"To alternate, to socialize",,,,,,,,
altísimas,por las altísimas expectativas en torno al…,Adjective,adjetivo,,,,,,,,,,,,,,,,,,,en,extremely high,,,,,,,,
altura,"Poniéndome a su altura yo entonces, les hablaba...",Noun,sustantivo,,,,,,,,,,,,,,,,,,,en,height,,,,,,,,
alturas,…tenía miedo a las alturas.,Noun,noun,,,,,,,,,,,,,,,,,,,en,heights,,,,,,,,
alumbrado,"…momento para fines de alumbrado y calefacción, así como…",Verb,yo,pretérito perfecto compuesto,alumbrar,alumbrarse,Noun,verbo,yo,pretérito perfecto compuesto,alumbrarse,alumbrar,,,,,,,,,,en,"(m) lighting, illumination",,,,,,,,
ama,"…celos indican que me ama, mi pareja va a…",Verb,él/ella/ud.,presente,amar,amarse,Noun,verbo,presente,amar,él/ella/ud.,amarse,,,,,,,,,,en,she/he loves,,,,,,,,
amá,"…de su ropa, pero amá eligió el amarillo chillón…",,,,,,,,,,,,,,,,,,,,,en,Amd,,,,,,,,
amabilidad,"…doctor, tendrá usted la amabilidad de ocuparse de mi…",Noun,noun,,,,,,,,,,,,,,,,,,,en,kindness,,,,,,,,
amable,…una mujer buena y amable.,Adjective,adjective,,,,,,,,,,,,,,,,,,,en,kind,,,,,,,,
amada,"…mí misma, puedo sentirme amada a través de los…",Adjective,Noun,,,,,,,,,,,,,,,,,,,en,"loved, beloved",,,,,,,,
amanezca,"…vuelta antes de que amanezca,¿ vale?",Verb,él/ella/ud.,subjuntivo presente,amanecer,amanecerse,verb,subjuntivo presente,él/ella/ud.,amanecer,amanecerse,,,,,,,,,,,en,dawn,,,,,,,,
amante,"…la señora Flores, una amante de las artes.",Verb,él/ella/ud.,imperativo,amantar,Noun,sustantivo,imperativo,verbo,él/ella/ud.,amantar,,,,,,,,,,,en,n. lover,,,,,,,,
amar,"…del otro, y puedo amar sin temor a sufrir.",Verb,participio pasado,Noun,verbo,participio pasado,,,,,,,,,,,,,,,,en,"amar - to love, amarte - to love you",,,,,,,,
ambiciosa,…a la vez muy ambiciosa: hacer realidad los sueños…,Adjective,adjetivo,,,,,,,,,,,,,,,,,,,en,ambitious,,,,,,,,
ambicioso,…un objetivo sencillo pero ambicioso: convertir los sueños de…,Adjective,Noun,sustantivo,adjetivo,,,,,,,,,,,,,,,,,en,adj. ambitiious,,,,,,,,
ambiente,…huevos caen al medio ambiente donde terminan su desarrollo.,Verb,él/ella/ud.,imperativo,subjuntivo presente,ambientar,ambientarse,Adjective,Noun,imperativo,verbo,subjuntivo presente,él/ella/ud.,ambientar,ambientarse,,,,,,,en,environment,,,,,,,,
ambientes,…que se mueven en ambientes que están o estuvieron…,Verb,tú,subjuntivo presente,ambientar,ambientarse,Noun,tú,verbo,subjuntivo presente,ambientar,ambientarse,,,,,,,,,,en,environments,,,,,,,,
ambulante,…un podcast de Radio Ambulante Estudios.,Adjective,Noun,,,,,,,,,,,,,,,,,,,en,"(adj) mobile, walking, traveling",,,,,,,,
amenaza,…le advierte que una amenaza mortal se cierne sobre…,Verb,él/ella/ud.,presente,amenazar,Noun,sustantivo,verbo,presente,él/ella/ud.,amenazar,,,,,,,,,,,en,"menace, threat; assault",,,,,,,,
amenazándola,"Amenazándola con el martillo"".",,,,,,,,,,,,,,,,,,,,,en,threatening,,,,,,,,
amenazantes,"Entretanto, dos ojos amenazantes la observaban desde detrás…",Adjective,adjective,,,,,,,,,,,,,,,,,,,en,threatening,,,,,,,,
amigable,…a tener que ser amigable con ellas si quiero…,Adjective,adjective,,,,,,,,,,,,,,,,,,,en,friendly,,,,,,,,
amígdala,"…no lo controla la amígdala,",Noun,sustantivo,,,,,,,,,,,,,,,,,,,en,tonsil,en,amygdala,,,,,,
amistad,describió al narrador su amistad con el zorro. Como,Verb,imperativo,vosotros,amistar,Noun,,,,,,,,,,,,,,,,en,friendship,,,,,,,,
amistosa,…no era bondadosa y amistosa en absoluto.,Adjective,Noun,noun,adjective,,,,,,,,,,,,,,,,,en,friendly,,,,,,,,
amo,"…es que no le amo, el mito de la…",Verb,yo,presente,amar,amarse,Noun,verbo,presente,yo,amar,amarse,,,,,,,,,,en,n. owner; householder,,,,,,,,
amontonados,están ahora amontonados en algunos de esos…,,,,,,,,,,,,,,,,,,,,,en,heaped,,,,,,,,
amor,Mi amor.,Noun,,,,,,,,,,,,,,,,,,,,en,n.  love; truelove; passion,,,,,,,,
amorosa,…cómo es su carácter: amorosa y buena. Y su…,Adjective,Noun,noun,adjective,,,,,,,,,,,,,,,,,en,"affectionate, kind, loving",,,,,,,,
amortiguada,…respiración amortiguada],,,,,,,,,,,,,,,,,,,,,en,muffled; cushioned,,,,,,,,
anafes,…las tenazas y los anafes se caían de su…,,,,,,,,,,,,,,,,,,,,,en,braziers,,,,,,,,
ancho,"…tronco muy masivo, muy ancho en forma de una…",Verb,yo,presente,anchar,ancharse,Adjective,Noun,verb,noun,adjective,anchar,presente,yo,ancharse,,,,,,,en,wide,,,,,,,,
anciana,…Hola!” dijo una anciana desde detrás de la…,Adjective,Noun,noun,adjective,,,,,,,,,,,,,,,,,en,old woman,,,,,,,,
ando,…hacienda. Una hacienda no ando nada que no ya…,Verb,yo,presente,andar,andarse,Noun,andar,verbo,presente,yo,andarse,,,,,,,,,,en,"andar v. go, travel; walk, travel by foot; function; tamper with; engage in; elapse, go by",,,,,,,,
anecdóticos,"bastante anecdóticos. La empresa de Hanafin,…",,,,,,,,,,,,,,,,,,,,,en,anecdotal,,,,,,,,
angie,"…con su mejor amiga, Angie, para ver comedias románticas…",,,,,,,,,,,,,,,,,,,,,en,Angie,,,,,,,,
angustiaba,Antes me angustiaba porque les parecía ridículo.,Verb,yo,indicativo pretérito imperfecto,angustiar,angustiarse,verbo,yo,angustiar,angustiarse,indicativo pretérito imperfecto,,,,,,,,,,,en,were distressed,,,,,,,,
anhelados,"…mantener los logros tan anhelados,",,,,,,,,,,,,,,,,,,,,,en,longed for,,,,,,,,
anillos,"…mediante cómodos cinturones, pulseras, anillos y broches.",Noun,,,,,,,,,,,,,,,,,,,,en,Rings,,,,,,,,
animago,"…que Sirius sea un animago, o sea, un mago…",,,,,,,,,,,,,,,,,,,,,en,Animagus,,,,,,,,
ánimo,…gritos de ánimo de la multitud],Noun,,,,,,,,,,,,,,,,,,,,en,"(animar) inspire, make alive, animate- soul, mind",en,mind,en,"mood, spirit",,,,
ánimos,…tiempos tan polarizados los ánimos se encienden y una,Noun,noun,,,,,,,,,,,,,,,,,,,en,encouragement,en,.  mind; soul; zest; courage; encouragement,,,,,,
anónima,…subimos a una cuenta anónima.,Adjective,adjetivo,,,,,,,,,,,,,,,,,,,en,anonymous,,,,,,,,
ansiedad,"cuando tampoco sientes ansiedad,",Noun,noun,,,,,,,,,,,,,,,,,,,en,anxiety,,,,,,,,
ansiosos,"…unieron cada vez, esperando ansiosos los sábados para escapar…",Adjective,adjetivo,,,,,,,,,,,,,,,,,,,en,anxious,,,,,,,,
antebrazo,…cual había desaparecido su antebrazo.,Noun,noun,,,,,,,,,,,,,,,,,,,en,forearm,,,,,,,,
antepasados,Los antepasados de Arturo Xuncax y…,Noun,,,,,,,,,,,,,,,,,,,,en,forefathers,,,,,,,,
anterior,"…ya que, por lo anterior, muchas veces servían como…",Adjective,Noun,sustantivo,adjetivo,,,,,,,,,,,,,,,,,en,"adj. first, earlier; previous",,,,,,,,
anteriores,"En anteriores vídeos de VisualPolitik, hemos…",Adjective,Noun,sustantivo,adjetivo,,,,,,,,,,,,,,,,,en,preceding,,,,,,,,
antigua,…viene de la costumbre antigua de tapar la copa…,Verb,él/ella/ud.,presente,antiguar,Adjective,Noun,verbo,presente,él/ella/ud.,antiguar,,,,,,,,,,,en,"adj. ancient, very old; old established",,,,,,,,
antiguamente,…de los carpinteros que antiguamente sacaban sus trastos viejos…,Adverb,adverbio,,,,,,,,,,,,,,,,,,,en,"formerly, once, in the past",,,,,,,,
antiguo,antiguo del cuadrado de sator…,Verb,yo,presente,antiguar,Adjective,Noun,verb,noun,adjective,presente,yo,antiguar,,,,,,,,,en,ancient,,,,,,,,
antihigiénica,…o cualquier otra actividad antihigiénica,,,,,,,,,,,,,,,,,,,,,en,unhygienic,,,,,,,,
anual,…hablamos de un tijeretazo anual de más de 800…,Adjective,adjetivo,,,,,,,,,,,,,,,,,,,en,annual; yearly,,,,,,,,
anunciada,de una Muerte anunciada o el coronel no,,,,,,,,,,,,,,,,,,,,,en,announced,,,,,,,,
apagaba,Antes era razonable; apagaba el farol por la…,Verb,yo,indicativo pretérito imperfecto,apagar,apagarse,verb,yo,apagar,apagarse,indicativo pretérito imperfecto,,,,,,,,,,,en,I would extinguish,,,,,,,,
apagar,Apagar el farol.,Verb,participio pasado,verb,participio pasado,,,,,,,,,,,,,,,,,en,Turn off,,,,,,,,
apago,Enciendo y apago una vez por minuto.,Verb,yo,presente,apagar,apagarse,verb,presente,yo,apagar,apagarse,,,,,,,,,,,en,I turn off,,,,,,,,
aparcerías,…mayordomo una cuestión de aparcerías volvió al libro en…,,,,,,,,,,,,,,,,,,,,,en,"n.f partnerships, relations",,,,,,,,
aparecerá,"Y luego, solo luego, aparecerá un amor digno y…",Verb,él/ella/ud.,futuro,aparecer,aparecerse,verbo,futuro,aparecer,él/ella/ud.,aparecerse,,,,,,,,,,,en,will appear,,,,,,,,
aparecido,…que no le ha aparecido la persona adecuada... y…,Verb,yo,pretérito perfecto compuesto,aparecer,aparecerse,verbo,yo,aparecer,pretérito perfecto compuesto,aparecerse,,,,,,,,,,,en,(have) appeared,,,,,,,,
apareció,"la civilización, de pronto apareció un niño vestido de",Verb,pretérito perfecto simple,él/ella/ud.,aparecer,aparecerse,,,,,,,,,,,,,,,,en,appeared,,,,,,,,
apariencia,"…desaparecido, tras adoptar la apariencia de Marta Sánchez, en…",Noun,noun,,,,,,,,,,,,,,,,,,,en,appearance,,,,,,,,
apellido,Este es fácil. Su apellido en inglés ya nos…,Verb,yo,presente,apellidar,apellidarse,Noun,verb,noun,presente,yo,apellidarse,apellidar,,,,,,,,,en,last name,,,,,,,,
apenas,"…se vea demacrado, aunque apenas tiene( tenía) veintidós años.",Verb,presente,tú,apenar,apenarse,Adverb,adverbio,tú,verbo,presente,apenar,apenarse,,,,,,,,,en,only,,,,,,,,
apercibidos,"…oficial] Habiendo sido apercibidos,",,,,,,,,,,,,,,,,,,,,,en,warned,,,,,,,,
aperitivo,…España) es esencialmente un aperitivo que se sirve en…,Noun,,,,,,,,,,,,,,,,,,,,en,snack/appetizer,,,,,,,,
apetece,…Te apetece juntarnos para escribir?,Verb,él/ella/ud.,presente,apetecer,apetecerse,Noun,sustantivo,verbo,apetecer,presente,él/ella/ud.,apetecerse,,,,,,,,,en,apetecer - to feel like,,,,,,,,
aplastándola,"…de su víctima, y aplastándola.",,,,,,,,,,,,,,,,,,,,,en,squashing it,,,,,,,,
aplastar,…demasiado las raíces pueden aplastar y destruir mi planeta.,Verb,participio pasado,verb,participio pasado,,,,,,,,,,,,,,,,,en,to crush,,,,,,,,
aplastaré,…Os aplastaré a todos!,Verb,yo,futuro,aplastar,aplastarse,verb,yo,futuro,aplastar,aplastarse,,,,,,,,,,,en,I will crush,,,,,,,,
aplazado,…Queda aplazado.- El señor Kreighton dijo…,Verb,yo,pretérito perfecto compuesto,aplazar,aplazarse,verbo,yo,pretérito perfecto compuesto,aplazarse,aplazar,,,,,,,,,,,en,"v. postpone, put off to a later time, delay; defer, put off until later",,,,,,,,
apoderado,…una carta a su apoderado y discutir con el…,Verb,yo,pretérito perfecto compuesto,apoderar,apoderarse,Noun,verbo,yo,pretérito perfecto compuesto,apoderar,apoderarse,,,,,,,,,,en,"come/taken over, seized",,,,,,,,
apoderaron,"Los norteamericanos también se apoderaron de Texas, California, Colorado,…",Verb,pretérito perfecto simple,ellos/ellas/uds.,apoderar,apoderarse,verbo,pretérito perfecto simple,ellos/ellas/uds.,apoderar,apoderarse,,,,,,,,,,,en,seized,,,,,,,,
apoderó,…una rutina que se apoderó de los sábados.,Verb,pretérito perfecto simple,él/ella/ud.,apoderar,apoderarse,verbo,pretérito perfecto simple,él/ella/ud.,apoderar,apoderarse,,,,,,,,,,,en,"authorize, empower",,,,,,,,
apodo,…le gustaría tener un apodo?,Verb,yo,presente,apodar,apodarse,Noun,sustantivo,verbo,presente,yo,apodarse,apodar,,,,,,,,,en,nickname,,,,,,,,
aporten,y todos aporten según sus capacidades.. Podría…,Verb,ellos/ellas/uds.,imperativo,aportar,verb,imperativo,ellos/ellas/uds.,aportar,,,,,,,,,,,,,en,they contribute,,,,,,,,
apoyaba,Había un arpa dorada apoyaba en la esquina de…,Verb,yo,indicativo pretérito imperfecto,apoyar,apoyarse,verb,yo,apoyar,apoyarse,indicativo pretérito imperfecto,,,,,,,,,,,en,was resting,,,,,,,,
apoyaban,…miembros que ya nos apoyaban.,Verb,indicativo pretérito imperfecto,ellos/ellas/uds.,apoyar,apoyarse,verbo,apoyar,ellos/ellas/uds.,apoyarse,indicativo pretérito imperfecto,,,,,,,,,,,en,supported,,,,,,,,
apoyados,apoyados por el estado. En…,,,,,,,,,,,,,,,,,,,,,en,supported,,,,,,,,
apoyan,…en que muchas mujeres apoyan su tristeza en su…,Verb,presente,ellos/ellas/uds.,apoyar,apoyarse,verbo,presente,apoyar,ellos/ellas/uds.,apoyarse,,,,,,,,,,,en,"support, prop; sustain; underwrite",,,,,,,,
apoyo,…que ha recibido mucho apoyo en redes sociales y…,Verb,yo,presente,apoyar,apoyarse,Noun,verbo,presente,yo,apoyar,apoyarse,,,,,,,,,,en,"support, backing, upholder",,,,,,,,
aprenderla,…sin que tengamos que aprenderla:,,,,,,,,,,,,,,,,,,,,,en,learn,,,,,,,,
aprendiz,Pero¿ puede un aprendiz de mago defender la…,Noun,sustantivo,,,,,,,,,,,,,,,,,,,en,n. apprentice,,,,,,,,
apresuró,…la canasta... Ella se apresuró de regreso hacia el…,Verb,pretérito perfecto simple,él/ella/ud.,apresurar,apresurarse,verb,pretérito perfecto simple,él/ella/ud.,apresurar,apresurarse,,,,,,,,,,,en,hurried,,,,,,,,
apretados,…vestido: tiene unos rizos apretados y tiesos que me…,Adjective,adjetivo,,,,,,,,,,,,,,,,,,,en,adj. tight; constrained; pressed; jammed,,,,,,,,
aprietos,en serios aprietos económicos. Con las navidades…,Noun,noun,,,,,,,,,,,,,,,,,,,en,tight spots,,,,,,,,
aprisionaré,"…te absorberé, y te aprisionaré.",Verb,yo,futuro,aprisionar,verbo,yo,futuro,aprisionar,,,,,,,,,,,,,en,will imprison,,,,,,,,
aprobada,La ley recientemente aprobada en el estado norteamericano…,,,,,,,,,,,,,,,,,,,,,en,approved,,,,,,,,
aprobaron,…muy poco tiempo se aprobaron grandes paquetes de sanciones.,Verb,pretérito perfecto simple,ellos/ellas/uds.,aprobar,verbo,aprobar,pretérito perfecto simple,ellos/ellas/uds.,,,,,,,,,,,,,en,"approve, agree",,,,,,,,
aptitud,…que justificaba mi natural aptitud para salir de todo…,Noun,noun,,,,,,,,,,,,,,,,,,,en,aptitude,,,,,,,,
apuñalar,"…estuviera a punto de apuñalar a alguien, y la…",Verb,participio pasado,verbo,participio pasado,,,,,,,,,,,,,,,,,en,to stab,,,,,,,,
apunto,ÁNGELA: ME APUNTO.,Verb,yo,presente,apuntar,apuntarse,verbo,apuntarse,presente,apuntar,yo,,,,,,,,,,,en,"I point, I am aiming, about to",,,,,,,,
apuntó,El niño apuntó con el dedo,Verb,pretérito perfecto simple,él/ella/ud.,apuntar,apuntarse,,,,,,,,,,,,,,,,en,point out,,,,,,,,
apuro,…para salir de todo apuro.,Verb,yo,presente,apurar,apurarse,Noun,verb,noun,presente,yo,apurar,apurarse,,,,,,,,,en,predicament,,,,,,,,
apuró,"…almuerzo y luego, les apuró a salir de la…",Verb,pretérito perfecto simple,él/ella/ud.,apurar,apurarse,verb,pretérito perfecto simple,apurar,él/ella/ud.,apurarse,,,,,,,,,,,en,hurried,,,,,,,,
aquel,"Pero en aquel momento tan lejano, ni…",Pronoun,Noun,pronoun,noun,,,,,,,,,,,,,,,,,en,that,,,,,,,,
aquellos,…crema y chocolate de aquellos que tienen allí.,Pronoun,Noun,,,,,,,,,,,,,,,,,,,en,Those,,,,,,,,
árabe,"…cara de latino, de árabe... la policía del estado…",Adjective,Noun,,,,,,,,,,,,,,,,,,,en,arabic,,,,,,,,
arácnidos,"…a la clase Arachnida( arácnidos, tienen ocho patas).",,,,,,,,,,,,,,,,,,,,,en,"n.  arachnid, arachnoid",,,,,,,,
aranceles,…entran y salen sin aranceles… pero la gente no.,Noun,,,,,,,,,,,,,,,,,,,,en,duties; tariffs,,,,,,,,
árboles,"…la llenó de agua, árboles y animales.",Noun,sustantivo,,,,,,,,,,,,,,,,,,,en,trees,,,,,,,,
arcilla,en papiros tablillas de arcilla libros,Verb,él/ella/ud.,presente,arcillar,Noun,verb,noun,presente,él/ella/ud.,arcillar,,,,,,,,,,,en,clay,,,,,,,,
arengar,"…del frente luego de arengar a las compañías veteranas,…",Verb,participio pasado,verbo,participio pasado,,,,,,,,,,,,,,,,,en,to give a pep talk,,,,,,,,
ariel,"…un ser mágico llamado Ariel, que le pidió ayuda…",Noun,sustantivo,,,,,,,,,,,,,,,,,,,en,Ariel,,,,,,,,
arpa,Había un arpa dorada apoyaba en la…,Verb,él/ella/ud.,presente,arpar,Noun,verb,noun,presente,él/ella/ud.,arpar,,,,,,,,,,,en,harp,,,,,,,,
arquetipo,…la izquierda con el arquetipo maternal:,Noun,noun,,,,,,,,,,,,,,,,,,,en,archetype,,,,,,,,
arquitectos,…que se enamoran de arquitectos en las calles de…,Noun,sustantivo,,,,,,,,,,,,,,,,,,,en,architects,,,,,,,,
arrancar,…tengo que dedicarme a arrancar los baobabs para proteger…,Verb,participio pasado,verb,participio pasado,,,,,,,,,,,,,,,,,en,pull up,,,,,,,,
arranque,"…impiden que el animal arranque las flores del suelo,…",Verb,él/ella/ud.,imperativo,subjuntivo presente,arrancar,arrancarse,Noun,verb,noun,imperativo,subjuntivo presente,él/ella/ud.,arrancar,arrancarse,,,,,,,en,pulls,,,,,,,,
arrasaban,"…con los incendios que arrasaban las selvas en Brasil,…",Verb,indicativo pretérito imperfecto,ellos/ellas/uds.,arrasar,arrasarse,verbo,ellos/ellas/uds.,arrasar,arrasarse,indicativo pretérito imperfecto,,,,,,,,,,,en,"they destroyed, devastated (imperfecto)",,,,,,,,
arrastraban,"…había buscado, y se arrastraban en desbandada turbulenta detrás…",Verb,indicativo pretérito imperfecto,ellos/ellas/uds.,arrastrar,arrastrarse,verb,ellos/ellas/uds.,arrastrar,arrastrarse,indicativo pretérito imperfecto,,,,,,,,,,,en,they dragged,,,,,,,,
arrastrado,…La corriente lo habrá arrastrado.,Verb,yo,pretérito perfecto compuesto,arrastrar,arrastrarse,verb,yo,pretérito perfecto compuesto,arrastrar,arrastrarse,,,,,,,,,,,en,dragged,,,,,,,,
arrastrándote,…Vuelve arrastrándote al agujero del que…,,,,,,,,,,,,,,,,,,,,,en,crawling,,,,,,,,
arreglaba,…pero siempre se las arreglaba para verse como un…,Verb,yo,indicativo pretérito imperfecto,arreglar,arreglarse,verbo,yo,arreglar,arreglarse,indicativo pretérito imperfecto,,,,,,,,,,,en,"v. arrange, settle; fix; order, sort; tidy; quadrate; accommodate; regulate; posh up",,,,,,,,
arrellanado,Arrellanado en su sillón favorito…,Verb,pretérito perfecto compuesto,arrellanarse,verbo,pretérito perfecto compuesto,arrellanarse,,,,,,,,,,,,,,,en,"sprawled, spread out",,,,,,,,
arrepentida,"…tocó, o si estaba arrepentida porque no fue todas…",Adjective,adjetivo,,,,,,,,,,,,,,,,,,,en,sorry,,,,,,,,
arrepentimiento,"…corazón no cabe el arrepentimiento,",Noun,noun,,,,,,,,,,,,,,,,,,,en,regret,,,,,,,,
arriba,…están ligeramente curvados hacia arriba y alguien le rellenó…,Verb,él/ella/ud.,presente,arribar,arribarse,Adverb,Noun,sustantivo,arribar,adverbio,verbo,presente,él/ella/ud.,arribarse,,,,,,,en,upstairs,,,,,,,,
arriesgarías,…qué?¿ Por qué lo arriesgarías?,Verb,condicional,tú,arriesgar,arriesgarse,verb,tú,condicional,arriesgar,arriesgarse,,,,,,,,,,,en,would you risk,,,,,,,,
arrojado,…agradecidos que se han arrojado con los cuerpos difuntos…,Verb,yo,pretérito perfecto compuesto,arrojar,arrojarse,verb,yo,pretérito perfecto compuesto,arrojar,arrojarse,,,,,,,,,,,en,thrown,,,,,,,,
arrojó,"…de comerte!” Entonces, ella arrojó a Hansel a una…",Verb,pretérito perfecto simple,él/ella/ud.,arrojar,arrojarse,verb,pretérito perfecto simple,él/ella/ud.,arrojar,arrojarse,,,,,,,,,,,en,threw,,,,,,,,
arroyo,"…de frente, crucen el arroyo, giren a la derecha…",Verb,yo,presente,arroyar,arroyarse,Noun,verb,noun,presente,yo,arroyar,arroyarse,,,,,,,,,en,stream,,,,,,,,
arrugue,"…se estire y se arrugue, para que tu rostro…",Verb,él/ella/ud.,imperativo,subjuntivo presente,arrugar,arrugarse,imperativo,verbo,subjuntivo presente,él/ella/ud.,arrugarse,arrugar,,,,,,,,,en,wrinkle,,,,,,,,
artesanía,…de madera en la artesanía puertorriqueña.,Noun,sustantivo,,,,,,,,,,,,,,,,,,,en,"n.  craftsmanship, artistry; handicraft",,,,,,,,
artículo,Ve un artículo aterrador con un título…,Noun,noun,,,,,,,,,,,,,,,,,,,en,article,,,,,,,,
artrópodos,…son un orden de artrópodos que pertenecen a la…,Noun,,,,,,,,,,,,,,,,,,,,en,"n. arthropod, member of a family of animals with jointed legs and hard segmented bodies (includes crustaceans, spiders and insects)",,,,,,,,
arturo,…don Rodrigo se llamaba Arturo Xuncax.,Noun,,,,,,,,,,,,,,,,,,,,en,Arthur,,,,,,,,
asar,…lo bastante caliente para asar a tu hermano!”,Verb,participio pasado,verb,participio pasado,,,,,,,,,,,,,,,,,en,roast,,,,,,,,
ascendencia,…cada tres habitantes tiene ascendencia mexicana.,Noun,,,,,,,,,,,,,,,,,,,,en,ancestry,,,,,,,,
ascenso,"…podría haberme supuesto un ascenso de grado, sí no…",Noun,,,,,,,,,,,,,,,,,,,,en,m/ n. promotion,,,,,,,,
ascienda,…en usó la vieja ascienda es el lugar secreto…,Verb,él/ella/ud.,imperativo,ascender,imperativo,verbo,él/ella/ud.,ascender,,,,,,,,,,,,,en,"to promote, to rise, to. climb",,,,,,,,
asediaban,"…las pandillas que los asediaban, de las drogas que…",Verb,indicativo pretérito imperfecto,ellos/ellas/uds.,asediar,verbo,ellos/ellas/uds.,asediar,indicativo pretérito imperfecto,,,,,,,,,,,,,en,"v. besiege, surround",,,,,,,,
asegurada,la reacción inmediata está asegurada,Adjective,,,,,,,,,,,,,,,,,,,,en,guaranteed,,,,,,,,
asegurarme,"Aun así, voy a asegurarme de que no me…",,,,,,,,,,,,,,,,,,,,,en,to make sure,,,,,,,,
asegurarse,"…el tiempo necesario para asegurarse, mediante un segundo telegrama,…",Verb,participio pasado,verbo,participio pasado,,,,,,,,,,,,,,,,,en,make sure,,,,,,,,
asesinada,…su hija había sido asesinada en Aguascalientes.,,,,,,,,,,,,,,,,,,,,,en,killed,,,,,,,,
asesinado,…pero que no hubiera asesinado a alguien'.,Verb,yo,pretérito perfecto compuesto,asesinar,Adjective,verbo,yo,pretérito perfecto compuesto,asesinar,,,,,,,,,,,,en,killed,,,,,,,,
asesinato,…al sospechoso por el asesinato de María Isabel.,Noun,,,,,,,,,,,,,,,,,,,,en,"murder, assassination",,,,,,,,
asesinatos,"Son demasiados los asesinatos,",Noun,noun,,,,,,,,,,,,,,,,,,,en,murders,,,,,,,,
asfixia,El dolor La asfixia,Verb,él/ella/ud.,presente,asfixiar,asfixiarse,Noun,sustantivo,verbo,presente,él/ella/ud.,asfixiarse,asfixiar,,,,,,,,,en,"suffocation, asphyxia",,,,,,,,
así,"Así, cuando creemos en la…",Verb,yo,pretérito perfecto simple,asir,Adverb,Noun,verbo,asir,yo,pretérito perfecto simple,,,,,,,,,,,en,"so, in order that, like this/that",,,,,,,,
asiduamente,…Informativos comienzan a hablar asiduamente,,,,,,,,,,,,,,,,,,,,,en,regularly,,,,,,,,
asombrado,"Yo realmente estaba sorprendido, asombrado",Verb,yo,pretérito perfecto compuesto,asombrar,asombrarse,Adjective,,,,,,,,,,,,,,,en,amazed,,,,,,,,
áspero,"…pregonaba el gitano con áspero acento—, todo es cuestión…",Adjective,adjective,,,,,,,,,,,,,,,,,,,en,harsh,,,,,,,,
aspiradora,aspiradora],Noun,noun,,,,,,,,,,,,,,,,,,,en,vacuum cleaner,,,,,,,,
aspirante,La conoce todo aspirante a escritor.,Noun,sustantivo,,,,,,,,,,,,,,,,,,,en,"adj.  aspiring, sucking, would-be",,,,,,,,
asqueroso,ASQUEROSO!” gruñó el trol.,,,,,,,,,,,,,,,,,,,,,en,DISGUSTING,,,,,,,,
asteroide,"un nuevo planeta o asteroide, muchas veces, en vez",Noun,,,,,,,,,,,,,,,,,,,,en,asteroid,,,,,,,,
astillero,"…los de lanza en astillero, adarga antigua, rocín flaco…",Noun,sustantivo,,,,,,,,,,,,,,,,,,,en,"dockyard, shipyard",,,,,,,,
astuta,…mente enferma o una astuta?,Adjective,adjective,,,,,,,,,,,,,,,,,,,en,cunning,,,,,,,,
asunto,"…Esto es un asunto serio, importante!",Noun,noun,,,,,,,,,,,,,,,,,,,en,matter,,,,,,,,
asuntos,"Cuando sales a esos asuntos, se me quita el…",Noun,noun,,,,,,,,,,,,,,,,,,,en,matters,,,,,,,,
asustada,"…Estoy asustada”, dijo Gretel llorando.",Adjective,Noun,noun,adjective,,,,,,,,,,,,,,,,,en,scared,,,,,,,,
asustar,"Que, aparte de asustar,[ ríe] digo yo que…",Verb,participio pasado,verbo,participio pasado,,,,,,,,,,,,,,,,,en,"frighten, scare",,,,,,,,
asustas,…que tú no te asustas,Verb,presente,tú,asustar,asustarse,tú,verbo,presente,asustarse,asustar,,,,,,,,,,,en,"you scare, frighten",,,,,,,,
atacados,no están siendo atacados.,,,,,,,,,,,,,,,,,,,,,en,attacked,,,,,,,,
atacando,…Están atacando un convoy militar!,Verb,gerundio,atacar,verb,gerundio,atacar,,,,,,,,,,,,,,,en,attacking,,,,,,,,
atada,…la pita que estaba atada a un rebaño de…,Adjective,adjective,,,,,,,,,,,,,,,,,,,en,tied,,,,,,,,
atados,"…por qué coño estamos atados, tía?",,,,,,,,,,,,,,,,,,,,,en,tied up,,,,,,,,
ataque,"…verlos, te entra un ataque de pánico.",Verb,él/ella/ud.,imperativo,subjuntivo presente,atacar,atacarse,Noun,sustantivo,imperativo,verbo,atacar,subjuntivo presente,él/ella/ud.,atacarse,,,,,,,en,attack,,,,,,,,
atar,"y explorar, tú puedes atar la oveja a la",Verb,participio pasado,,,,,,,,,,,,,,,,,,,en,to tie,,,,,,,,
atardecer,…le gusta nadar al atardecer.,Verb,participio pasado,Noun,verb,noun,participio pasado,,,,,,,,,,,,,,,en,sunset,,,,,,,,
ataxia,que existe para la ataxia de Friedreich.,,,,,,,,,,,,,,,,,,,,,en,"Dificultad de coordinación de los movimientos, característica de ciertas enfermedades neurológicas.",,,,,,,,
atenta,…reunirse fuera de la atenta mirada de las autoridades.,Verb,él/ella/ud.,presente,atentar,Adjective,verbo,presente,él/ella/ud.,atentar,,,,,,,,,,,,en,attentive,,,,,,,,
atentos,Atentos!,Adjective,adjetivo,,,,,,,,,,,,,,,,,,,en,"attentive, polite, courtous",,,,,,,,
atenuado,…años transcurridos apenas han atenuado su efecto.,Verb,yo,pretérito perfecto compuesto,atenuar,atenuarse,Adjective,verb,adjective,yo,pretérito perfecto compuesto,atenuar,atenuarse,,,,,,,,,en,muted,,,,,,,,
aterrada,"Aterrada, sin poderse mover por…",,,,,,,,,,,,,,,,,,,,,en,Terrified,,,,,,,,
aterrador,Ve un artículo aterrador con un título aterrador.,Adjective,adjective,,,,,,,,,,,,,,,,,,,en,terrifying,,,,,,,,
aterradora,…oyó una potente voz aterradora que venía desde debajo…,Adjective,adjective,,,,,,,,,,,,,,,,,,,en,terrifying,,,,,,,,
A ti se te está yendo la olla,A ti se te está yendo la olla?,,,,,,,,,,,,,,,,,,,,,en,You are losing your mind,,,,,,,,
atraco,"…horas que comenzó el atraco,",Verb,yo,presente,atracar,atracarse,Noun,verbo,presente,yo,atracar,atracarse,,,,,,,,,,en,robbery; hold up,,,,,,,,
atrapado,"Una vez atrapado el pez, te puedes…",Verb,yo,pretérito perfecto compuesto,atrapar,Adjective,Adverb,verbo,yo,pretérito perfecto compuesto,atrapar,,,,,,,,,,,en,trapped,,,,,,,,
atrapar,…de pesca existen para atrapar peces.,Verb,participio pasado,verbo,participio pasado,,,,,,,,,,,,,,,,,en,"trap, catch; cop",,,,,,,,
atrás,…hacia el cielo dejando atrás al pequeño pueblo en…,Adverb,adverbio,,,,,,,,,,,,,,,,,,,en,"back, aback; behind; after",,,,,,,,
atrasado,…Vais atrasado.,Verb,yo,pretérito perfecto compuesto,atrasar,atrasarse,Adjective,verb,adjective,atrasar,yo,pretérito perfecto compuesto,atrasarse,,,,,,,,,en,behind,,,,,,,,
atraviesan,atraviesan el campo y llegan…,Verb,presente,ellos/ellas/uds.,atravesar,atravesarse,verb,atravesar,presente,ellos/ellas/uds.,atravesarse,,,,,,,,,,,en,they cross,,,,,,,,
atreve,"inescrutable, uno no se atreve a desobedecer",Verb,él/ella/ud.,presente,atrever,atreverse,,,,,,,,,,,,,,,,en,dares,,,,,,,,
atreves,"…Hoy veremos, si te atreves…",Verb,presente,tú,atrever,atreverse,tú,verbo,atreverse,presente,atrever,,,,,,,,,,,en,you dare,,,,,,,,
atrevidos,"también, los más atrevidos, podréis invertir en criptoactivos.",Adjective,adjetivo,,,,,,,,,,,,,,,,,,,en,bold,,,,,,,,
auditorio,astrónomos presentes en el auditorio eran europeos,Noun,,,,,,,,,,,,,,,,,,,,en,"auditorium, performance hall",,,,,,,,
aumentado,"de Madrid donde han aumentado..."". Mierda.",Verb,yo,pretérito perfecto compuesto,aumentar,aumentarse,verb,aumentar,yo,pretérito perfecto compuesto,aumentarse,,,,,,,,,,,en,increased,,,,,,,,
aumentaron,…forestales en todo Brasil aumentaron en más de80% con…,Verb,pretérito perfecto simple,ellos/ellas/uds.,aumentar,aumentarse,verbo,aumentar,pretérito perfecto simple,ellos/ellas/uds.,aumentarse,,,,,,,,,,,en,increased,,,,,,,,
aumento,"…una conferencia que"" el aumento de la deforestación muestra…",Verb,yo,presente,aumentar,aumentarse,Noun,sustantivo,verbo,aumentar,presente,yo,aumentarse,,,,,,,,,en,increase,,,,,,,,
aun,"es más sutil y.... aun así lo he hecho,…",Adverb,,,,,,,,,,,,,,,,,,,,en,"adv. yet, even, still",,,,,,,,
aún,"…daño y lo harán aún más en el futuro,",Adverb,adverbio,,,,,,,,,,,,,,,,,,,en,"even, yet; still",,,,,,,,
aunque,"…no usamos ninguna preposición, aunque en algunos casos podemos…",Adverb,Noun,,,,,,,,,,,,,,,,,,,en,although,,,,,,,,
autolastiméis,No queremos que os autolastiméis.,,,,,,,,,,,,,,,,,,,,,en,hurt yourself,,,,,,,,
automáticamente,…para que se descargue automáticamente.,Adverb,,,,,,,,,,,,,,,,,,,,en,adv. automatically,,,,,,,,
autoridades,y permite a las autoridades policiales detener a toda…,Noun,,,,,,,,,,,,,,,,,,,,en,authorities,,,,,,,,
avancen,…luz verde.-¡ Avancen!,Verb,ellos/ellas/uds.,imperativo,subjuntivo presente,avanzar,avanzarse,imperativo,verbo,avanzar,subjuntivo presente,ellos/ellas/uds.,avanzarse,,,,,,,,,en,advance,,,,,,,,
avanza,"…la mesa, es decir, avanza.",Verb,él/ella/ud.,presente,avanzar,avanzarse,Adjective,Noun,verbo,avanzar,presente,él/ella/ud.,avanzarse,,,,,,,,,en,"v. advance, move forward; come forward; proceed; develop; encroach; thrust forward; toil",,,,,,,,
avanzadas,…y... y cosas más avanzadas entre comillas en un…,Adjective,,,,,,,,,,,,,,,,,,,,en,advanced,,,,,,,,
avecina,…época navideña que se avecina.,Verb,él/ella/ud.,presente,avecinar,avecinarse,verbo,presente,él/ella/ud.,avecinarse,avecinar,,,,,,,,,,,en,coming,,,,,,,,
aventajase,…sufrir que nadie la aventajase en hermosura.,Verb,yo,subjuntivo pretérito imperfecto,aventajar,aventajarse,verb,yo,aventajar,aventajarse,subjuntivo pretérito imperfecto,,,,,,,,,,,en,outshone,,,,,,,,
averiguar,Pero… sé cómo averiguar quién es el payaso.,Verb,participio pasado,verbo,participio pasado,,,,,,,,,,,,,,,,,en,find out,,,,,,,,
avisar,…Rai siempre desaparece sin avisar.,Verb,participio pasado,verbo,participio pasado,,,,,,,,,,,,,,,,,en,"alert, warn; inform, notify; announce",,,,,,,,
avisarle,…por la calle para avisarle a todos los demás.,,,,,,,,,,,,,,,,,,,,,en,to notify him/ her,,,,,,,,
avisaron,…lo peor y nos avisaron.,Verb,pretérito perfecto simple,ellos/ellas/uds.,avisar,avisarse,verb,pretérito perfecto simple,ellos/ellas/uds.,avisar,avisarse,,,,,,,,,,,en,they warned,,,,,,,,
ayudantes,"Rodeado de sus ayudantes, con taciturno despecho, se…",Noun,,,,,,,,,,,,,,,,,,,,en,"assistants, helpers",,,,,,,,
ayudar,Delito de ayudar al prójimo.,Verb,participio pasado,verbo,participio pasado,,,,,,,,,,,,,,,,,it,"help, assist",,,,,,,,
ayudarlo,…sé. Pero tengo que ayudarlo.,,,,,,,,,,,,,,,,,,,,,en,help him,,,,,,,,
ayuntamiento,…en la Plaza del Ayuntamiento.,Noun,sustantivo,,,,,,,,,,,,,,,,,,,en,"n. town council, city council; town hall, city hall; corporation; sexual interco",,,,,,,,
bachillerato,"…el último año de bachillerato, de preparatoria.",Noun,,,,,,,,,,,,,,,,,,,,en,baccalaureate; bachelorship,,,,,,,,
balbuceó,Balbuceó.,Verb,pretérito perfecto simple,él/ella/ud.,balbucear,verb,pretérito perfecto simple,él/ella/ud.,balbucear,,,,,,,,,,,,,en,He babbled,,,,,,,,
balde,…pero por gusto en balde porque el Principito había…,Verb,él/ella/ud.,imperativo,subjuntivo presente,baldar,baldarse,Noun,verb,noun,imperativo,subjuntivo presente,él/ella/ud.,baldarse,baldar,,,,,,,en,bucket,,,,,,,,
balón,"…puñado de jóvenes, un balón, una pequeña cancha de…",Noun,sustantivo,,,,,,,,,,,,,,,,,,,en,ball,,,,,,,,
baluartes,"…fajinas y parapetos, recorre baluartes y trincheras, dicta órdenes:",,,,,,,,,,,,,,,,,,,,,en,"bastion, fortress; stronghold, safe refuge",,,,,,,,
banderillas,"…del pincho moruno, las banderillas o el montadito.",,,,,,,,,,,,,,,,,,,,,en,(tapa) pickled vegetable on a cocktail stick,,,,,,,,
banquillo,habitual: Cambio en el banquillo.,Noun,sustantivo,,,,,,,,,,,,,,,,,,,en,n. footstool; dock; sidelines (Sports),,,,,,,,
baobabs,"…mi planeta, hay muchos baobabs que brotan en el…",Noun,noun,,,,,,,,,,,,,,,,,,,en,tropical tree,,,,,,,,
barata,…gruesas capas de base barata que hacen que su…,Verb,él/ella/ud.,presente,baratar,Adjective,adjetivo,verbo,presente,él/ella/ud.,baratar,,,,,,,,,,,en,"cheap, inexpensive",,,,,,,,
baratijas,…más allá de hacer baratijas.,,,,,,,,,,,,,,,,,,,,,en,"n. trinkets, bric-a-brac, odds and ends",,,,,,,,
barbaridad,Una barbaridad.,Noun,sustantivo,,,,,,,,,,,,,,,,,,,en,lots and lots,,,,,,,,
barco,"Nos subiremos a un barco, navegaremos hasta un lugar",Noun,sustantivo,,,,,,,,,,,,,,,,,,,en,"boat, ship",,,,,,,,
barranquilla,estudiar a Barranquilla a los 20 años,Noun,noun,,,,,,,,,,,,,,,,,,,en,Barranquilla,,,,,,,,
barrios,…encienden hogueras en los barrios... lo de las hogueras…,Noun,,,,,,,,,,,,,,,,,,,,en,"suburbs, neighborhood, district",,,,,,,,
basada,basada en uno de los…,,,,,,,,,,,,,,,,,,,,,en,based,,,,,,,,
basado,…químico especial. Un producto basado en,Verb,yo,pretérito perfecto compuesto,basar,basarse,Adjective,adjetivo,verbo,yo,pretérito perfecto compuesto,basar,basarse,,,,,,,,,en,"basar - base, predicate, base on",,,,,,,,
básicamente,"…los idiomas pero... bueno, básicamente esta mañana me he…",Adverb,Noun,,,,,,,,,,,,,,,,,,,en,basically,,,,,,,,
basta,Basta con hacer constar la…,Verb,él/ella/ud.,presente,bastar,bastarse,Adjective,Noun,verb,noun,adjective,presente,él/ella/ud.,bastar,bastarse,,,,,,,en,enough,,,,,,,,
bastaba,"Solo bastaba ver sus sonrisas, escuchar…",Verb,yo,indicativo pretérito imperfecto,bastar,bastarse,verbo,yo,bastar,bastarse,indicativo pretérito imperfecto,,,,,,,,,,,en,"bastar - be enough, be sufficient, suffice",,,,,,,,
bastante,"Allí está, bastante bien y quieto.",Pronoun,Adverb,pronoun,adverb,,,,,,,,,,,,,,,,,en,quite,,,,,,,,
bastantes,…días antes suelen oírse bastantes petardos en la calle…,Adjective,Pronoun,,,,,,,,,,,,,,,,,,,en,"enough, sufficient; a good deal of",,,,,,,,
bastó,Bastó con ver sus sonrisas…,Verb,pretérito perfecto simple,él/ella/ud.,bastar,bastarse,verbo,pretérito perfecto simple,él/ella/ud.,bastar,bastarse,,,,,,,,,,,en,"v. be enough, suffice, be sufficient, last, do",,,,,,,,
bastos,"el hacendado Vitalmiro Bastos de Moura,",Noun,noun,,,,,,,,,,,,,,,,,,,en,Bastos,,,,,,,,
batalla,…charla puede acabar¡ en batalla campal! Pero en CuriosaMente…,Verb,él/ella/ud.,presente,batallar,Noun,verb,noun,presente,él/ella/ud.,batallar,,,,,,,,,,,en,battle,,,,,,,,
bautizarme,Me gustaría bautizarme yo misma con un…,,,,,,,,,,,,,,,,,,,,,en,baptized,,,,,,,,
beicon,…Quiero más beicon!,,,,,,,,,,,,,,,,,,,,,en,bacon,,,,,,,,
bellamente,"…de la sangre destacaba bellamente sobre el fondo blanco,…",,,,,,,,,,,,,,,,,,,,,en,beautifully,,,,,,,,
belleza,la belleza,Noun,sustantivo,,,,,,,,,,,,,,,,,,,en,beauty,,,,,,,,
bendecir,"…día, se llevan a bendecir las semillas y velas…",Verb,participio pasado,verbo,participio pasado,,,,,,,,,,,,,,,,,en,v.  bless,,,,,,,,
benditas,Las velas benditas se pueden prender cuando…,,,,,,,,,,,,,,,,,,,,,en,"adj.  blessed, blest",,,,,,,,
benévolo,…yo soy un monarca benévolo Los monarcas benévolos no…,Adjective,adjective,,,,,,,,,,,,,,,,,,,en,benevolent,,,,,,,,
bengalas,"…pirotecnia... cohetes... y bueno, bengalas y... todo tipo de…",Noun,,,,,,,,,,,,,,,,,,,,en,"flares, sparklers",,,,,,,,
bermellón,B: Con ladrillo o bermellón:,Adjective,Noun,sustantivo,adjetivo,,,,,,,,,,,,,,,,,en,"adj. vermilion, scarlet, having a bright red coloring",,,,,,,,
besito,"Un besito, guapa.",,,,,,,,,,,,,,,,,,,,,en,kiss,,,,,,,,
besó,Caperucita Roja besó a su madre y…,Verb,pretérito perfecto simple,él/ella/ud.,besar,besarse,verb,pretérito perfecto simple,él/ella/ud.,besar,besarse,,,,,,,,,,,en,kissed,,,,,,,,
bichos,"…células muertas, tanto de bichos infecciosos como de nuestras",Noun,noun,,,,,,,,,,,,,,,,,,,en,bugs,,,,,,,,
bienestar,…tiene un estado del bienestar grande y generoso.,Noun,noun,,,,,,,,,,,,,,,,,,,en,welfare,,,,,,,,
bigote,"…a un Byron de bigote y patillas, a un…",Noun,noun,,,,,,,,,,,,,,,,,,,en,mustache,,,,,,,,
billones,…es de unos 2 billones hispanos de dólares.,Noun,sustantivo,,,,,,,,,,,,,,,,,,,en,Billions,,,,,,,,
biogen,como Biogen?,,,,,,,,,,,,,,,,,,,,,en,biogene,,,,,,,,
bisabuela,…el nombre de mi bisabuela y ahora es mío.,Noun,sustantivo,,,,,,,,,,,,,,,,,,,en,great-grandmother,,,,,,,,
blancanieves,Blancanieves,,,,,,,,,,,,,,,,,,,,,en,Snow White,,,,,,,,
blandos,…durmieron en unos matorrales blandos para mantenerse calientes.,Adjective,Noun,noun,adjective,,,,,,,,,,,,,,,,,en,soft,,,,,,,,
blanquísimo,"…cubierta con un mantel blanquísimo, con siete minúsculos platitos…",,,,,,,,,,,,,,,,,,,,,en,whitest,,,,,,,,
blindados,…hummer son esos coches blindados que veis,Adjective,adjetivo,,,,,,,,,,,,,,,,,,,en,adj. armored; armor clad; plated,,,,,,,,
bloc,"Entonces, cogí mi bloc y mi lápiz y",Noun,,,,,,,,,,,,,,,,,,,,en,"n. notepad, pad of writing paper, tablet",,,,,,,,
bloqueada,"Sebas, estoy bloqueada. Llevo seis años bloqueada.",,,,,,,,,,,,,,,,,,,,,en,blocked (having a mental block),,,,,,,,
bloqueados,Gracias. Estáis bloqueados por vuestra propia seguridad.,,,,,,,,,,,,,,,,,,,,,en,blocked,,,,,,,,
bobas,…románticas malísimas sobre rubias bobas pero adorables que se…,,,,,,,,,,,,,,,,,,,,,en,"bobo adj	(tonto, idiota) 	stupid, dumb, idiotic adj  		naive adj  		dunce n  	Ese chico es bobo, no es capaz de hacer nada bien.",,,,,,,,
boca,en boca de todos.,Adverb,Noun,sustantivo,adverbio,,,,,,,,,,,,,,,,,en,mouth,,,,,,,,
bocadito,…de legumbres y un bocadito de pan de cada…,,,,,,,,,,,,,,,,,,,,,en,snack,,,,,,,,
bocado,"…comerla, de un solo bocado y¿ tú crees que…",Noun,noun,,,,,,,,,,,,,,,,,,,en,bite,,,,,,,,
bohemia,…por un día su bohemia existencia y fuera a…,Noun,noun,,,,,,,,,,,,,,,,,,,en,bohemian,,,,,,,,
boletín,…los viernes enviamos un boletín con notas adicionales para…,Noun,,,,,,,,,,,,,,,,,,,,en,bulletin; review;,,,,,,,,
bollos,Bollos recién hechos!,Noun,noun,,,,,,,,,,,,,,,,,,,en,buns,,,,,,,,
bolsillo,…de oro de su bolsillo y las contó.,Noun,noun,,,,,,,,,,,,,,,,,,,en,"n. pocket, sac; pocketful",en,pocket,en,wallet,,,,
bolsillos,…y se llenó los bolsillos con piedrecitas blancas del…,Noun,noun,,,,,,,,,,,,,,,,,,,en,pockets,,,,,,,,
bolso,…las metió en su bolso.,Noun,noun,,,,,,,,,,,,,,,,,,,en,bag,,,,,,,,
bolsonaro,…vegetación desde que Jair Bolsonaro asumió el cargo en…,Noun,sustantivo,,,,,,,,,,,,,,,,,,,en,Bolsonaro,,,,,,,,
bondadosa,…pero ella no era bondadosa ni amable.,Adjective,adjective,,,,,,,,,,,,,,,,,,,en,"kind-hearted, caring, good-natured, tender-hearted.",,,,,,,,
bondadosamente,…amable sujeto se prestó bondadosamente a traerme aquí.,,,,,,,,,,,,,,,,,,,,,en,kindly,,,,,,,,
borbotones,…desgarrándose y sangre a borbotones],,,,,,,,,,,,,,,,,,,,,en,spurts,,,,,,,,
borracho,…miró el planeta del borracho una última vez y…,Adjective,Noun,noun,adjective,,,,,,,,,,,,,,,,,en,drunk,,,,,,,,
borrador,Es solo un borrador.,Noun,sustantivo,,,,,,,,,,,,,,,,,,,en,draft copy,,,,,,,,
borrosa,muy borrosa. Y el63% de todo…,Adjective,adjetivo,,,,,,,,,,,,,,,,,,,en,blurred,,,,,,,,
bosque,"…mientras paseaba por el bosque cercano, se encontró con…",Noun,sustantivo,,,,,,,,,,,,,,,,,,,en,"woods, forest",,,,,,,,
bosques,la destrucción de bosques…,Noun,noun,,,,,,,,,,,,,,,,,,,en,forests,,,,,,,,
bosteces,Yo prohibo que bosteces.,Verb,tú,subjuntivo presente,bostezar,verb,tú,subjuntivo presente,bostezar,,,,,,,,,,,,,en,you yawn,,,,,,,,
bostezar,…una falta de respeto bostezar en presencia de tu…,Verb,participio pasado,verb,participio pasado,,,,,,,,,,,,,,,,,en,to yawn,,,,,,,,
bostezó,…y entonces el Principito bostezó.,Verb,pretérito perfecto simple,él/ella/ud.,bostezar,verb,pretérito perfecto simple,él/ella/ud.,bostezar,,,,,,,,,,,,,en,yawned,,,,,,,,
botella,…momento en que la botella está llena.,Noun,,,,,,,,,,,,,,,,,,,,en,bottle,,,,,,,,
botellita,…haciéndolos converger en una botellita de Leyden que puede…,,,,,,,,,,,,,,,,,,,,,en,"botella (f) n. bottle; sinecure, profitable and easy job",,,,,,,,
botó,…los frijoles y los botó por la ventana.,Verb,pretérito perfecto simple,él/ella/ud.,botar,botarse,verb,pretérito perfecto simple,él/ella/ud.,botar,botarse,,,,,,,,,,,en,threw,,,,,,,,
bozal,…Yo puedo dibujar un bozal para tu oveja.,,,,,,,,,,,,,,,,,,,,,en,muzzle,,,,,,,,
brasileño,…que no pasaba uno brasileño.,Adjective,Noun,,,,,,,,,,,,,,,,,,,en,Brazilian (masculino / femenino = brasileña),,,,,,,,
brazo,"…fijos sobre el nervudo brazo, lleno de marcas y…",Noun,sustantivo,,,,,,,,,,,,,,,,,,,en,arm,,,,,,,,
brillaba,…hacia otro planeta que brillaba mucho y el Principito…,Verb,yo,indicativo pretérito imperfecto,brillar,verb,yo,brillar,indicativo pretérito imperfecto,,,,,,,,,,,,,en,was shining,,,,,,,,
brillar,…árboles altos y hacía brillar sus diminutas piedrecitas blancas.,Verb,participio pasado,verb,participio pasado,,,,,,,,,,,,,,,,,en,to shine,,,,,,,,
brisa,brisa suave],Noun,noun,,,,,,,,,,,,,,,,,,,en,breeze,,,,,,,,
bromas,"…sonrisas extendidas, oir sus bromas y sus carcajadas, observar…",Verb,presente,tú,bromar,Adjective,Noun,sustantivo,adjetivo,tú,verbo,presente,bromar,,,,,,,,,en,joking/jokes,,,,,,,,
brotan,…hay muchos baobabs que brotan en el suelo todos…,Verb,presente,ellos/ellas/uds.,brotar,verb,presente,brotar,ellos/ellas/uds.,,,,,,,,,,,,,en,sprout,,,,,,,,
brotando,"…nuevos baobabs que estaban brotando en el suelo, limpié…",Verb,gerundio,brotar,verb,gerundio,brotar,,,,,,,,,,,,,,,en,sprouting,,,,,,,,
bruja,…Ella era una bruja mala!,Verb,él/ella/ud.,imperativo,brujir,Noun,verb,noun,imperativo,él/ella/ud.,brujir,,,,,,,,,,,en,witch,,,,,,,,
brujas,"fantasmas, brujas…",Verb,tú,subjuntivo presente,brujir,Noun,sustantivo,tú,verbo,subjuntivo presente,brujir,,,,,,,,,,,en,Witches,,,,,,,,
bucle,Ponlo en bucle.,Noun,noun,,,,,,,,,,,,,,,,,,,en,loop,,,,,,,,
burlan,…simpáticos; incluso cuando se burlan de mí siguen de…,Verb,presente,ellos/ellas/uds.,burlar,burlarse,verbo,presente,ellos/ellas/uds.,burlarse,burlar,,,,,,,,,,,en,"burlarse verbo reflexivo to mock, make fun [de, of]",,,,,,,,
burlesco,…como forma de epitafio burlesco y como modo de…,,,,,,,,,,,,,,,,,,,,,en,burlesque,en,"Festivo, jocoso, que implica burla",en,"burlesque, sarcastic",en,funny; comic,en,"mocking, comical (adj)"
buscadlo,Necesito a ese chaval. Buscadlo.,,,,,,,,,,,,,,,,,,,,,en,Look for him,,,,,,,,
buscados,…de los prófugos más buscados.,,,,,,,,,,,,,,,,,,,,,en,sought; wanted,,,,,,,,
buscáis,"…inversión a largo plazo, buscáis un broker confiable, con…",Verb,presente,vosotros,buscar,buscarse,verbo,presente,buscar,vosotros,buscarse,,,,,,,,,,,en,"seek,",,,,,,,,
buscarte,Hemos venido a buscarte.,,,,,,,,,,,,,,,,,,,,,en,seek you out,,,,,,,,
cabalgatas,cabalgatas… Desde el 1 de…,Noun,sustantivo,,,,,,,,,,,,,,,,,,,en,procession,,,,,,,,
caballero,…y encontré a un caballero sentado junto a la…,Adjective,Noun,noun,adjective,,,,,,,,,,,,,,,,,en,gentleman,,,,,,,,
caballeros,"Una noche, caballeros.",Noun,noun,,,,,,,,,,,,,,,,,,,en,Gentlemen,,,,,,,,
caballo,Una mujer caballo nacida como yo en…,Noun,sustantivo,,,,,,,,,,,,,,,,,,,en,horse,en,"horse, knight, heroin",en,horse; heroin,,,,
cabe,"…en tu corazón no cabe el arrepentimiento,",Verb,él/ella/ud.,presente,caber,verb,presente,él/ella/ud.,caber,,,,,,,,,,,,,en,fits,,,,,,,,
cabo,…misma se llevará a cabo,Adjective,Noun,sustantivo,adjetivo,,,,,,,,,,,,,,,,,en,"end, termination",,,,,,,,
cabras,…una pequeña aldea de cabras llamada Villacabras.,Noun,noun,,,,,,,,,,,,,,,,,,,en,goats,,,,,,,,
cacarea,…gallina cacarea],Verb,él/ella/ud.,presente,cacarear,verb,presente,él/ella/ud.,cacarear,,,,,,,,,,,,,en,cackles,,,,,,,,
cachonda,…O te pone cachonda el rollo forcejeo?,,,,,,,,,,,,,,,,,,,,,en,"adj.  (vulgar) horny, hot, randy",,,,,,,,
cadáver,Y un cadáver.,Noun,sustantivo,,,,,,,,,,,,,,,,,,,en,corpse,,,,,,,,
cadáveres,…ciencia. Andarán justitos de cadáveres.,Noun,sustantivo,,,,,,,,,,,,,,,,,,,en,corpses,,,,,,,,
cadena,…primera etapa en la cadena de valor de los…,Noun,sustantivo,,,,,,,,,,,,,,,,,,,en,network,,,,,,,,
caduca,"…amigos, cuando una patente caduca en la industria farmacéutica,…",Verb,él/ella/ud.,presente,caducar,verbo,presente,él/ella/ud.,caducar,,,,,,,,,,,,,en,expired,,,,,,,,
caducando,de esta compañía están caducando.,Verb,gerundio,caducar,gerundio,verbo,caducar,,,,,,,,,,,,,,,en,expiring,,,,,,,,
cae,"…que la sangre le cae por la cuenca…"".",Verb,él/ella/ud.,presente,caer,caerse,verbo,presente,caer,él/ella/ud.,caerse,,,,,,,,,,,en,(he/she/it) falls,,,,,,,,
caen,A continuación estos huevos caen al medio ambiente donde…,Verb,presente,ellos/ellas/uds.,caer,caerse,verbo,presente,caer,ellos/ellas/uds.,caerse,,,,,,,,,,,en,"caer v. fall; drop, tumble",,,,,,,,
caer,"…probable que ruede hasta caer de la mesa, es…",Verb,participio pasado,verbo,participio pasado,,,,,,,,,,,,,,,,,en,"fall; drop, tumble; plunge; decline; droop; sink; demise; catch on",,,,,,,,
cagas,…Te cagas con esas…- No.,Verb,presente,tú,cagar,cagarse,Noun,sustantivo,tú,verbo,presente,cagar,cagarse,,,,,,,,,en,shit,,,,,,,,
cago,"Me cago en ti, Eva. Solo…",Verb,yo,presente,cagar,cagarse,verbo,presente,yo,cagar,cagarse,,,,,,,,,,,en,"shit, fuck up  (cagarse)",,,,,,,,
caía,"…chillaba el trol mientras caía hacia abajo, abajo, abajo…",Verb,yo,indicativo pretérito imperfecto,caer,caerse,verb,yo,caer,caerse,indicativo pretérito imperfecto,,,,,,,,,,,en,was falling,,,,,,,,
caían,"…y los anafes se caían de su sitio, y…",Verb,indicativo pretérito imperfecto,ellos/ellas/uds.,caer,caerse,verb,caer,ellos/ellas/uds.,caerse,indicativo pretérito imperfecto,,,,,,,,,,,en,fell,,,,,,,,
caja,"…te quiero mostrar mi caja de los recuerdos, donde…",Noun,sustantivo,,,,,,,,,,,,,,,,,,,en,box,,,,,,,,
calaverita,La calaverita literaria es una composición…,,,,,,,,,,,,,,,,,,,,,en,sugar skull,,,,,,,,
calaveritas,Las primeras calaveritas impresas se publicaron en…,,,,,,,,,,,,,,,,,,,,,en,little skulls,,,,,,,,
caldera,"Al ladito de la caldera, por si nos dan…",Noun,sustantivo,,,,,,,,,,,,,,,,,,,en,"n. boiler, copper; cauldron, large pot used for cooking or boiling liquids",,,,,,,,
calderos,"…al ver que los calderos, las pailas, las tenazas…",Noun,noun,,,,,,,,,,,,,,,,,,,en,cauldrons,,,,,,,,
calefacción,"…fines de alumbrado y calefacción, así como para impulsar…",Noun,,,,,,,,,,,,,,,,,,,,en,heating,,,,,,,,
calentamiento,…ralentiza el ritmo del calentamiento global.,Noun,sustantivo,,,,,,,,,,,,,,,,,,,en,heating,,,,,,,,
calidad,…que destacar por su calidad diversas denominaciones específicas de…,Noun,,,,,,,,,,,,,,,,,,,,en,"N. Quality; grade; position, rank; chacacter",,,,,,,,
cálidos,…sobre todo en climas cálidos y en aquellos animales…,Adjective,,,,,,,,,,,,,,,,,,,,en,(adj.m.pl) warm,,,,,,,,
calientita,…su casa siempre estaba calientita y los niños siempre…,,,,,,,,,,,,,,,,,,,,,en,cozy,,,,,,,,
callado,el niño se quedó callado,Verb,yo,pretérito perfecto compuesto,callar,callarse,Adjective,Noun,,,,,,,,,,,,,,en,"silent, quiet",,,,,,,,
callar,…Te quieres callar?-¿ Dónde estabas?,Verb,participio pasado,Noun,sustantivo,verbo,participio pasado,,,,,,,,,,,,,,,en,keep quiet; quieten; shut up,,,,,,,,
calle,…gatos recogidos de la calle o de refugios.,Verb,él/ella/ud.,imperativo,subjuntivo presente,callar,callarse,Noun,imperativo,verbo,callar,subjuntivo presente,él/ella/ud.,callarse,,,,,,,,en,street,,,,,,,,
callejón,un oscuro callejón… o porque te toca…,Noun,sustantivo,,,,,,,,,,,,,,,,,,,en,"n. alley, lane; passage, passageway; backstreet; impasse",,,,,,,,
calles,"…con amigos, por las calles, se oyen mucho, la…",Verb,tú,subjuntivo presente,callar,callarse,Noun,tú,verbo,callar,subjuntivo presente,callarse,,,,,,,,,,en,streets,,,,,,,,
calmada,Pero Gretel permaneció calmada.,Adjective,adjective,,,,,,,,,,,,,,,,,,,en,calm,,,,,,,,
calorcito,"Por otro lado, el calorcito hace que se muevan…",,,,,,,,,,,,,,,,,,,,,en,warmth,,,,,,,,
cama,…Váyanse directamente a la cama!”,Noun,noun,,,,,,,,,,,,,,,,,,,en,bed,,,,,,,,
camarera,"Camarera: Buenos días,¿ Qué desean…",Noun,,,,,,,,,,,,,,,,,,,,en,waitress,,,,,,,,
camarero,…no tengo por ser camarero?- Yo no he dicho…,Noun,sustantivo,,,,,,,,,,,,,,,,,,,en,Waiter,,,,,,,,
cambiarlos,"…sabemos muy bien cómo cambiarlos,¿ cómo",,,,,,,,,,,,,,,,,,,,,en,change them,,,,,,,,
cambio,…Sara] Cambio de turno.,Verb,yo,presente,cambiar,cambiarse,Pronoun,Noun,pronombre,sustantivo,verbo,cambiar,presente,yo,cambiarse,,,,,,,en,change,,,,,,,,
cambios,"…me impedía andar, los cambios de temperatura me causaban…",Noun,sustantivo,,,,,,,,,,,,,,,,,,,en,changes,,,,,,,,
caminar,…no pueden ni siquiera caminar tranquilos por las calles…,Verb,participio pasado,Noun,verbo,participio pasado,,,,,,,,,,,,,,,,en,walk,,,,,,,,
caminé,"Yo entonces, caminé hacia el niño",Verb,yo,pretérito perfecto simple,caminar,,,,,,,,,,,,,,,,,en,I walked,,,,,,,,
camino,"Ése amigos, es un camino que todos debemos aprender,…",Verb,yo,presente,caminar,Noun,verbo,presente,yo,caminar,,,,,,,,,,,,en,Path,,,,,,,,
camitas,"…la pared veíanse, siete camitas, con sábanas de inmaculada…",,,,,,,,,,,,,,,,,,,,,en,little beds,,,,,,,,
campal,…puede acabar¡ en batalla campal! Pero en CuriosaMente creemos…,Adjective,adjective,,,,,,,,,,,,,,,,,,,en,street,,,,,,,,
campesinas,para 600 familias campesinas,Adjective,adjective,,,,,,,,,,,,,,,,,,,en,peasant,,,,,,,,
campesinos,Los campesinos no tienen,Adjective,Noun,noun,adjective,,,,,,,,,,,,,,,,,en,farmers,,,,,,,,
canadiense,La policía canadiense la arrestó a finales…,Adjective,adjetivo,,,,,,,,,,,,,,,,,,,en,"adj.  Canadian, of or pertaining to Canada or the people of Canada (country in northern North America)",,,,,,,,
canadienses,coquetee mucho con los canadienses,Adjective,Noun,,,,,,,,,,,,,,,,,,,en,Canadian,,,,,,,,
canasta,"Llévale esta canasta de pasteles,¡ pero sé…",Noun,noun,,,,,,,,,,,,,,,,,,,en,basket,,,,,,,,
cancha,"…un balón, una pequeña cancha de asfalto, una rutina…",Noun,sustantivo,,,,,,,,,,,,,,,,,,,en,"field, court, soccer field",,,,,,,,
canciones,"…defienden esa postura, también canciones, como Sin ti no…",Noun,,,,,,,,,,,,,,,,,,,,en,Children's songs,,,,,,,,
candelaria,El día de la Candelaria se celebra el 2 de…,Noun,,,,,,,,,,,,,,,,,,,,en,"n.  Candlemas February 2nd; pagan holliday celebrated throughout most of Mexico ,Costa Rica and Guatemala",,,,,,,,
cansaste,"…demasiado y ya te cansaste,¿ verdad?",Verb,pretérito perfecto simple,tú,cansar,cansarse,verb,tú,cansar,pretérito perfecto simple,cansarse,,,,,,,,,,,en,you got tired,,,,,,,,
cantidad,"…a la NASA, la cantidad de fuegos que ardieron…",Noun,sustantivo,,,,,,,,,,,,,,,,,,,en,"amount, quantity",,,,,,,,
cantor,"He sido cantor ambulante, he sido artista…",Noun,noun,,,,,,,,,,,,,,,,,,,en,singer,,,,,,,,
caoba,"con los árboles de caoba,",Adjective,Noun,noun,adjective,,,,,,,,,,,,,,,,,en,mahogany,,,,,,,,
caos,…de haber provocado el caos.,Noun,noun,,,,,,,,,,,,,,,,,,,en,chaos,,,,,,,,
caótica,…se ha vuelto más caótica si,Adjective,adjetivo,,,,,,,,,,,,,,,,,,,en,chaotic,,,,,,,,
capacitación,"juegos, programas de capacitación, reuniones, encuentros y eventos.",Noun,sustantivo,,,,,,,,,,,,,,,,,,,en,training,,,,,,,,
capas,…están cubiertos por gruesas capas de base barata que…,Verb,presente,tú,capar,Noun,sustantivo,tú,verbo,presente,capar,,,,,,,,,,,en,"n. cape, cloak; pretence, false appearance; layer, bed; pall; film; coat; blanke",,,,,,,,
capaz,…del grupo no fue capaz de soportar el miedo.,Adjective,adjetivo,,,,,,,,,,,,,,,,,,,en,capable,,,,,,,,
capitales,…Qué cínicos!… Los capitales van y vienen sin…,Adjective,Noun,,,,,,,,,,,,,,,,,,,en,capital,,,,,,,,
capítulos,SON SOLO UNOS PRIMEROS CAPÍTULOS.,Noun,sustantivo,,,,,,,,,,,,,,,,,,,en,chapters,,,,,,,,
capó,"de herramientas, abrí el capó, o sea, la puerta",Verb,pretérito perfecto simple,él/ella/ud.,capar,Noun,,,,,,,,,,,,,,,,en,"bonnet, hood",,,,,,,,
captan,"…no sé cómo los captan, no sé cómo los…",Verb,presente,ellos/ellas/uds.,captar,captarse,verb,presente,ellos/ellas/uds.,captarse,captar,,,,,,,,,,,en,they capture,,,,,,,,
capullo,pero el capullo de nuestro amigo se…,Noun,noun,,,,,,,,,,,,,,,,,,,en,bud,,,,,,,,
cara,…de ser“ portador” de cara.,Adjective,Noun,,,,,,,,,,,,,,,,,,,en,face,,,,,,,,
carabanchel,Sí. Las celebrities de Carabanchel.,Noun,noun,,,,,,,,,,,,,,,,,,,en,"Carabanchel is a district in the south western suburbs of Madrid, Spain.",,,,,,,,
característica,Las catacumbas eran una característica común de muchas ciudades…,Adjective,Noun,,,,,,,,,,,,,,,,,,,en,Characteristic,,,,,,,,
caramba,"Caramba”, pensó el chivito.",Noun,noun,,,,,,,,,,,,,,,,,,,en,Wow,,,,,,,,
caravana,…la carroza de la caravana y regresó a Turquía…,Noun,noun,,,,,,,,,,,,,,,,,,,en,"n. caravan, mobile home, trailer; train; compliment; (Mexico) bow, bending forwa",,,,,,,,
carcajadas,"…sus bromas y sus carcajadas, observar la puntualidad con…",Noun,sustantivo,,,,,,,,,,,,,,,,,,,en,"n.  peals of laughter; guffaw, shrieks of laughter, n.  laugh, burst of laughter",,,,,,,,
cárcel,…y mandarlo a la cárcel.,Noun,,,,,,,,,,,,,,,,,,,,en,"prison, jail (f)",,,,,,,,
carcomen,…toxinas del río te carcomen los nervios.,Verb,presente,ellos/ellas/uds.,carcomer,carcomerse,verb,presente,ellos/ellas/uds.,carcomer,carcomerse,,,,,,,,,,,en,eat away,,,,,,,,
carecían,"…reciente, que muchas cosas carecían de nombre, y para…",Verb,indicativo pretérito imperfecto,ellos/ellas/uds.,carecer,verb,carecer,ellos/ellas/uds.,indicativo pretérito imperfecto,,,,,,,,,,,,,en,they lacked,,,,,,,,
carencia,El terror tiene una carencia.,Noun,sustantivo,,,,,,,,,,,,,,,,,,,en,"lack, deficit",,,,,,,,
cargadas,"esculturas de cartón-piedra cargadas de humor e ingenio,…",Adjective,adjetivo,,,,,,,,,,,,,,,,,,,en,"loaded, charged",,,,,,,,
cargado,se puede ser más cargado hacia un lado que…,Verb,yo,pretérito perfecto compuesto,cargar,cargarse,Adjective,verb,adjective,cargar,yo,pretérito perfecto compuesto,cargarse,,,,,,,,,en,loaded,,,,,,,,
cargando,"…ORDENADOR)"" Cargando mapa de Madrid. Versión…",Verb,gerundio,cargar,verb,gerundio,cargar,,,,,,,,,,,,,,,en,Loading,,,,,,,,
cargos,parte de los cargos políticos republicanos y la…,Noun,,,,,,,,,,,,,,,,,,,,en,"n.  load; weight; post, office; trust, care; charge",,,,,,,,
carguen,…que tus opiniones se carguen más hacia uno u…,Verb,ellos/ellas/uds.,imperativo,subjuntivo presente,cargar,cargarse,verb,imperativo,cargar,subjuntivo presente,ellos/ellas/uds.,cargarse,,,,,,,,,en,they lean,,,,,,,,
cariñosos,…sonrisa amable y ojos cariñosos.,,,,,,,,,,,,,,,,,,,,,en,affectionate,,,,,,,,
carnero,Es un carnero,Noun,,,,,,,,,,,,,,,,,,,,en,"ram, male sheep",,,,,,,,
carpetazo,antes de darle carpetazo a todo.,,,,,,,,,,,,,,,,,,,,,en,closure,,,,,,,,
carpinteros,"…José, patrón de los carpinteros que antiguamente sacaban sus…",Adjective,Noun,sustantivo,adjetivo,,,,,,,,,,,,,,,,,en,carpenters,,,,,,,,
carrera,Tu carrera de escritora a la…,Noun,sustantivo,,,,,,,,,,,,,,,,,,,en,career,,,,,,,,
carretera,…la derecha hacia la carretera principal...,Noun,noun,,,,,,,,,,,,,,,,,,,en,road,,,,,,,,
cartas,…donde básicamente están las cartas que me escribieron mis…,Noun,sustantivo,,,,,,,,,,,,,,,,,,,en,"n. letters, posts.",,,,,,,,
carteras,"…americano, ha bloquedo 25.000 carteras asociadas a rusia.",Noun,sustantivo,,,,,,,,,,,,,,,,,,,en,portfolios,en,"cartera nf. wallet, small purse used to carry money and personal documents; billfold; woman's purse, handbag; portfolio, briefcase; pannier",,,,,,
cartón,esculturas de cartón-piedra cargadas de humor…,Noun,sustantivo,,,,,,,,,,,,,,,,,,,en,"cardboard, carton",,,,,,,,
casaca,niño que llevaba una casaca verde elegante con un,Noun,,,,,,,,,,,,,,,,,,,,en,"jacket, frock coat",,,,,,,,
casamiento,"…mucho después de mi casamiento, cuando ocurrieron los sucesos…",Noun,noun,,,,,,,,,,,,,,,,,,,en,wedding,,,,,,,,
caserío,un caserío perdido,Noun,noun,,,,,,,,,,,,,,,,,,,en,hamlet,,,,,,,,
caseta,…del disfraz y la caseta donde es.,Noun,sustantivo,,,,,,,,,,,,,,,,,,,en,"n. stall, stand; dressing room; bathhouse",,,,,,,,
casi,…pero no les pagaba casi nada de dinero a…,Adverb,Noun,,,,,,,,,,,,,,,,,,,en,"almost, nearly",,,,,,,,
casi nada,…pero no les pagaba casi nada de dinero a los…,,,,,,,,,,,,,,,,,,,,,en,next to nothing,,,,,,,,
casita,puede ser una buena casita para mi oveja,Noun,,,,,,,,,,,,,,,,,,,,en,little house,,,,,,,,
caso,…detalles en torno al caso y también solicitar las…,Verb,yo,presente,casar,casarse,Noun,verbo,presente,yo,casar,casarse,,,,,,,,,,en,"case, listen",,,,,,,,
casó,…salvaje que no se casó sino hasta que mi…,Verb,pretérito perfecto simple,él/ella/ud.,casar,casarse,verbo,casar,pretérito perfecto simple,él/ella/ud.,casarse,,,,,,,,,,,en,marry,,,,,,,,
castigaba,"…dejaba de hacerlo, le castigaba con palizas.",Verb,yo,indicativo pretérito imperfecto,castigar,castigarse,verbo,yo,castigar,castigarse,indicativo pretérito imperfecto,,,,,,,,,,,en,"v. punish, slap, victimise",,,,,,,,
castigo,…y ejemplarizarla con un castigo sangriento.,Verb,yo,presente,castigar,castigarse,Noun,verbo,presente,yo,castigar,castigarse,,,,,,,,,,en,punishment,,,,,,,,
castigos,"…mostraban las guerrillas, jura castigos muy severos a los…",Noun,,,,,,,,,,,,,,,,,,,,en,"n. castigation, severe punishment, chastisement, strong criticism",,,,,,,,
castillo,…viniendo abajo como un castillo de naipes.],Noun,sustantivo,,,,,,,,,,,,,,,,,,,en,castle,,,,,,,,
casualidad,"…gran perro. Uy, qué casualidad que Sirius sea un…",Noun,noun,,,,,,,,,,,,,,,,,,,en,coincidence,,,,,,,,
cataluña,"…pero como mínimo en Cataluña es un día festivo,…",Noun,,,,,,,,,,,,,,,,,,,,en,"Catalonia, region in northeastern Spain",,,,,,,,
cataplum,Cataplum.,,,,,,,,,,,,,,,,,,,,,en,"boom, bang",,,,,,,,
catarro,"resfriado, o catarro es causado por más…",,,,,,,,,,,,,,,,,,,,,en,cold,,,,,,,,
catorceavo,"…que encontrara al hombre catorceavo para vuestra expedición, y…",,,,,,,,,,,,,,,,,,,,,en,fourteenth,,,,,,,,
causarle,…por su lado sin causarle el menor daño.,,,,,,,,,,,,,,,,,,,,,en,cause him,,,,,,,,
cauto,"El Tirano, cauto, receloso, vigila las defensas,…",,,,,,,,,,,,,,,,,,,,,en,"cautious, careful, wary",,,,,,,,
cayendo,…2024 su facturación continuará cayendo.,Verb,gerundio,caer,gerundio,verbo,caer,,,,,,,,,,,,,,,en,"falling, dropping, tumbling",,,,,,,,
cazado,"Una vez cazado el conejo, te puedes…",Verb,yo,pretérito perfecto compuesto,cazar,verbo,yo,pretérito perfecto compuesto,cazar,,,,,,,,,,,,,en,hunted,,,,,,,,
cazador,El cazador escuchó un silbido extraño…,Noun,noun,,,,,,,,,,,,,,,,,,,en,hunter,,,,,,,,
cazar,…para conejos existen para cazar conejos.,Verb,participio pasado,verbo,participio pasado,,,,,,,,,,,,,,,,,en,to hunt,,,,,,,,
cede,"y la policía cede, entrega a Cortés.",Verb,él/ella/ud.,presente,ceder,verbo,ceder,presente,él/ella/ud.,,,,,,,,,,,,,en,yields,,,,,,,,
cedro,"de cedro, con el jatobá?",Noun,noun,,,,,,,,,,,,,,,,,,,en,cedar,,,,,,,,
cejas,…alguien le rellenó las cejas ralas con un lápiz…,Verb,presente,tú,cejar,Noun,sustantivo,tú,verbo,presente,cejar,,,,,,,,,,,en,Eyebrows,,,,,,,,
celaré,"…siempre te necesitaré, te celaré, te absorberé, y te…",Verb,yo,futuro,celar,verbo,yo,futuro,celar,,,,,,,,,,,,,en,will be jealous,,,,,,,,
celebramos,"…festivo, y ayer, pues celebramos la verbena de San…",Verb,presente,nosotros,celebrar,celebrarse,verbo,nosotros,presente,celebrar,celebrarse,,,,,,,,,,,en,we celebrate (present); we celebrated (past),,,,,,,,
células,…la división de las células patógenas( las que ya…,Noun,noun,,,,,,,,,,,,,,,,,,,en,cells,,,,,,,,
cena,"La gente cena, se come la tarta…",Verb,él/ella/ud.,presente,cenar,Noun,verbo,cenar,presente,él/ella/ud.,,,,,,,,,,,,en,dinner,,,,,,,,
cenicero,No hay ningún cenicero.,Noun,noun,,,,,,,,,,,,,,,,,,,en,ashtray,,,,,,,,
cenizas,encontraron bajo las cenizas que dejó la,Noun,noun,,,,,,,,,,,,,,,,,,,en,ashes,,,,,,,,
censuradas,"…lo mismo, eran frecuentemente censuradas o destruidos ya que,…",,,,,,,,,,,,,,,,,,,,,en,censored,,,,,,,,
centrarse,…deber del RIS es centrarse en esto.,Verb,participio pasado,verb,participio pasado,,,,,,,,,,,,,,,,,en,to focus,,,,,,,,
centro,"…una calle cerca del centro del pueblo, pegada a…",Verb,yo,presente,centrar,centrarse,Noun,verbo,presente,yo,centrarse,centrar,,,,,,,,,,en,center,,,,,,,,
cepa,…era inglés de pura cepa; pero quizás no había…,Noun,noun,,,,,,,,,,,,,,,,,,,en,stock,,,,,,,,
cerca,"…estaba) en una calle cerca del centro del pueblo,…",Verb,él/ella/ud.,presente,cercar,cercarse,Adverb,Noun,verbo,presente,él/ella/ud.,cercar,cercarse,,,,,,,,,en,"close, near, nearby",,,,,,,,
cercana,…fe es la más cercana a la original.,Adjective,,,,,,,,,,,,,,,,,,,,en,close; near *,,,,,,,,
cercano,"…paseaba por el bosque cercano, se encontró con una…",Adjective,Noun,sustantivo,adjetivo,,,,,,,,,,,,,,,,,en,"near, close",,,,,,,,
cercanos,…mil de sus amigos cercanos.,Adjective,adjective,,,,,,,,,,,,,,,,,,,en,close,,,,,,,,
cerezas,"…y verduras como las cerezas de la montaña, los…",Noun,,,,,,,,,,,,,,,,,,,,en,cherries,,,,,,,,
cerraba,…la puerta que se cerraba; era su nuevo amo…,Verb,yo,indicativo pretérito imperfecto,cerrar,cerrarse,verb,cerrar,yo,cerrarse,indicativo pretérito imperfecto,,,,,,,,,,,en,closing,,,,,,,,
cerrada,La playa está cerrada.,Adjective,Noun,noun,adjective,,,,,,,,,,,,,,,,,en,closed,,,,,,,,
cerró,"…Hansel y Gretel, ella cerró de golpe la puerta…",Verb,pretérito perfecto simple,él/ella/ud.,cerrar,cerrarse,verb,cerrar,pretérito perfecto simple,él/ella/ud.,cerrarse,,,,,,,,,,,en,closed,,,,,,,,
cesa,…zumbido cesa],Verb,él/ella/ud.,presente,cesar,verb,presente,cesar,él/ella/ud.,,,,,,,,,,,,,en,"v. stop, cease, surcease; end, terminate; dismiss, fire; quit, leave",,,,,,,,
cesta,Los niños hallaron una cesta y la llenaron con…,Noun,noun,,,,,,,,,,,,,,,,,,,en,basket,,,,,,,,
chaleco,…del bolsillo de su chaleco un enorme reloj de…,Noun,noun,,,,,,,,,,,,,,,,,,,en,vest,,,,,,,,
chalets,…gatos que habitan en chalets o en casas bajas…,,,,,,,,,,,,,,,,,,,,,en,"cottage, chalet, villa",,,,,,,,
chantajear,…dictador ruso no pudo chantajear a Europa con hacer…,Verb,participio pasado,verbo,participio pasado,,,,,,,,,,,,,,,,,en,"to blackmail, to extort money",,,,,,,,
chapas,…Gata que te pintas chapas,Verb,presente,tú,chapar,Noun,sustantivo,tú,verbo,presente,chapar,,,,,,,,,,,en,sheeting,en,"sheeting, plates",en,"pink cheeks, sheets, plates",en,Badges,,
charla,Esra entonces dió una charla acerca de su descubrimiento,Verb,él/ella/ud.,presente,charlar,Noun,,,,,,,,,,,,,,,,en,talk,,,,,,,,
chaval,Necesito a ese chaval. Buscadlo.,Noun,noun,,,,,,,,,,,,,,,,,,,en,kid,,,,,,,,
chiclosos,…se van convirtiendo en chiclosos y sólidos?,,,,,,,,,,,,,,,,,,,,,en,sticky,,,,,,,,
chillaba,"…AYYYYYYY!”, chillaba el trol mientras caía…",Verb,yo,indicativo pretérito imperfecto,chillar,verb,yo,chillar,indicativo pretérito imperfecto,,,,,,,,,,,,,en,was screaming,,,,,,,,
chillón,…amá eligió el amarillo chillón con flores rosas que…,,,,,,,,,,,,,,,,,,,,,en,"loud, noisy, trashy",,,,,,,,
chistosa,"…soy talentosa, inteligente, muy chistosa y sobre todo una…",,,,,,,,,,,,,,,,,,,,,en,funny,,,,,,,,
chivar,…ves que se puede chivar?- No. Virginia no vas…,Verb,participio pasado,verbo,participio pasado,,,,,,,,,,,,,,,,,en,"squeal, rat out, tell on",,,,,,,,
chivito,Sólo un chivito podía cruzar a la…,Noun,noun,,,,,,,,,,,,,,,,,,,en,little goat,,,,,,,,
chivitos,Los Tres Chivitos Traviesos: The Three Billygoats…,Noun,noun,,,,,,,,,,,,,,,,,,,en,Kids,,,,,,,,
chupaban,"…era la derecha, 10 chupaban",Verb,indicativo pretérito imperfecto,ellos/ellas/uds.,chupar,chuparse,verb,ellos/ellas/uds.,chuparse,chupar,indicativo pretérito imperfecto,,,,,,,,,,,en,they were sucking,,,,,,,,
chupándose,Se observaron 75 fetos chupándose el dedo. Cuando llegaron…,,,,,,,,,,,,,,,,,,,,,en,sucking,,,,,,,,
ciática,"…de cabeza, por la ciática, ya ves,",,,,,,,,,,,,,,,,,,,,,en,sciatica,en,"Sciatica, disease",,,,,,
cicatrices,…lleno de marcas y cicatrices dejadas por la jeringa.,Verb,tú,subjuntivo presente,cicatrizar,cicatrizarse,Noun,sustantivo,tú,verbo,subjuntivo presente,cicatrizar,cicatrizarse,,,,,,,,,en,scar,,,,,,,,
cie,…Muerta tiene una super cie de 30 mil km…,,,,,,,,,,,,,,,,,,,,,en,"company, co.",,,,,,,,
ciego,"…Sí, pero no dejes ciego a Boris.- Eso es…",Verb,yo,presente,cegar,cegarse,Adjective,Noun,verb,noun,adjective,presente,yo,cegar,cegarse,,,,,,,en,blind,,,,,,,,
cielo,…que voló hacia el cielo dejando atrás al pequeño…,Noun,sustantivo,,,,,,,,,,,,,,,,,,,en,sky,,,,,,,,
ciénegas,"…pleno desierto de Cuatro Ciénegas, en el estado de…",,,,,,,,,,,,,,,,,,,,,en,"pond, swamp",,,,,,,,
cientos,Cientos de clientes me han…,Adjective,Noun,,,,,,,,,,,,,,,,,,,en,Hundreds,,,,,,,,
cierne,…una amenaza mortal se cierne sobre la escuela.,Verb,él/ella/ud.,presente,cerner,cernerse,cernir,verbo,presente,él/ella/ud.,cerner,cernir,cernerse,,,,,,,,,en,looms,,,,,,,,
cierre,…habitación…- Nando vendrá cuando cierre el bar.,Verb,él/ella/ud.,imperativo,subjuntivo presente,cerrar,cerrarse,Noun,sustantivo,imperativo,cerrar,verbo,subjuntivo presente,él/ella/ud.,cerrarse,,,,,,,en,closing,en,"n. closing, closure",en,"closing; zipper, clasp",,,,
ciertas,…la mano izquierda para ciertas actividades y la derecha…,Adjective,Pronoun,pronoun,adjective,,,,,,,,,,,,,,,,,en,certain,,,,,,,,
cierto,…y tal vez sea cierto... se dice que todos…,Adjective,Noun,,,,,,,,,,,,,,,,,,,en,certain,,,,,,,,
cifras,…les gustan mucho las cifras.,Verb,presente,tú,cifrar,cifrarse,Noun,verb,noun,tú,presente,cifrarse,cifrar,,,,,,,,,en,"(f)n. number, cipher; digit, numeral, figure; quantity",,,,,,,,
cine,"…fiesta, se van al cine, se van a cenar.",Noun,,,,,,,,,,,,,,,,,,,,en,movie theater,,,,,,,,
cínicos,…Qué cínicos!… Los capitales van y…,Noun,,,,,,,,,,,,,,,,,,,,en,adj. cynical,,,,,,,,
cinturones,"…cuerpo infantil, mediante cómodos cinturones, pulseras, anillos y broches.",Noun,,,,,,,,,,,,,,,,,,,,en,belts,,,,,,,,
circulado,…en 2009 en Aguascalientes habían circulado fotos de una persona…,Verb,yo,pretérito perfecto compuesto,circular,verbo,yo,pretérito perfecto compuesto,circular,,,,,,,,,,,,,en,circulated,,,,,,,,
ciudadanos,…le gusta que sus ciudadanos puedan escapar de sus…,Noun,sustantivo,,,,,,,,,,,,,,,,,,,en,citizens,,,,,,,,
ciudades,…característica común de muchas ciudades del Imperio.,Noun,,,,,,,,,,,,,,,,,,,,en,cities,,,,,,,,
claman,…y movimientos que todos claman que su particular expresión…,Verb,presente,ellos/ellas/uds.,clamar,verbo,presente,ellos/ellas/uds.,clamar,,,,,,,,,,,,,en,"clamar - to clamor, to make an outcry",,,,,,,,
clara,…donde se muestra la clara dependencia emocional hacia otra…,Verb,él/ella/ud.,presente,clarar,Adjective,Noun,verbo,presente,él/ella/ud.,clarar,,,,,,,,,,,en,Light. Fair Complexion. Clear,,,,,,,,
claro,"…Y lo vemos y claro, pues era él.",Verb,yo,presente,clarar,Adjective,Noun,verbo,presente,yo,clarar,,,,,,,,,,,en,"sure, clearly",,,,,,,,
claustro,…lo pillas en el claustro y de ahí…,Noun,sustantivo,,,,,,,,,,,,,,,,,,,en,n. cloister,,,,,,,,
clave,Pues la clave está en vivir.,Verb,él/ella/ud.,imperativo,subjuntivo presente,clavar,clavarse,Adjective,Noun,sustantivo,adjetivo,imperativo,verbo,subjuntivo presente,él/ella/ud.,clavar,clavarse,,,,,en,clue,,,,,,,,
clavos,…la desesperación de los clavos y los tornillos tratando…,Noun,noun,,,,,,,,,,,,,,,,,,,en,nails,,,,,,,,
clero,"…los aristócratas y el clero no, quienes sienten que…",Noun,noun,,,,,,,,,,,,,,,,,,,en,clergy,,,,,,,,
climas,"…gallinacea), sobre todo en climas cálidos y en aquellos…",Noun,,,,,,,,,,,,,,,,,,,,en,climates,,,,,,,,
cobarde,"Vander, el cobarde, huyó de la ciudad…",Adjective,Noun,noun,adjective,,,,,,,,,,,,,,,,,en,coward,,,,,,,,
cobardes,…muy severos a los cobardes y traidores: Le contraría…,Adjective,Noun,,,,,,,,,,,,,,,,,,,en,cowards,,,,,,,,
cobayas,"…Torth, no son ustedes cobayas.",Noun,noun,,,,,,,,,,,,,,,,,,,en,guinea pigs,,,,,,,,
coca,"…cosa típica es la coca de San Juan, que…",Verb,él/ella/ud.,presente,cocar,Noun,verbo,presente,él/ella/ud.,cocar,,,,,,,,,,,,en,Coke,,,,,,,,
coche,…a Hogwarts en un coche volador.,Noun,sustantivo,,,,,,,,,,,,,,,,,,,en,car,,,,,,,,
cocinas,"…tus tareas del hogar, cocinas, pero también quieres socializar,",Verb,presente,tú,cocinar,Noun,verb,noun,tú,cocinar,presente,,,,,,,,,,,en,kitchens,,,,,,,,
codo,…su tristeza en su codo.,Noun,sustantivo,,,,,,,,,,,,,,,,,,,en,elbow,,,,,,,,
cógelo,"Cógelo, tía.",,,,,,,,,,,,,,,,,,,,,en,Take it,,,,,,,,
coger,"…Sírvanse los jugadores de coger un arma"".",Verb,participio pasado,verb,participio pasado,,,,,,,,,,,,,,,,,en,catch,,,,,,,,
coges,Coges una historia que existe…,Verb,presente,tú,coger,cogerse,tú,verbo,coger,presente,cogerse,,,,,,,,,,,en,you catch,,,,,,,,
cogí,"Entonces, cogí mi bloc y mi",Verb,yo,pretérito perfecto simple,coger,cogerse,Noun,,,,,,,,,,,,,,,en,I took,,,,,,,,
cohetes,"…todo tipo de pirotecnia... cohetes... y bueno, bengalas y...…",Noun,,,,,,,,,,,,,,,,,,,,en,rocket,,,,,,,,
coinciden,…el internacionalismo. Ambas posturas coinciden en defender la libertad,Verb,presente,ellos/ellas/uds.,coincidir,verb,presente,ellos/ellas/uds.,coincidir,,,,,,,,,,,,,en,"agree, concur",en,they coincide,,,,,,
cojeando,…la bruja se fue cojeando hacia Hansel y gruñó:“…,Verb,gerundio,cojear,verb,gerundio,cojear,,,,,,,,,,,,,,,en,limping,,,,,,,,
cojones,…Está muerto?-[ Rai]¿ Qué cojones has hecho?,Noun,sustantivo,,,,,,,,,,,,,,,,,,,en,balls (vulgar) (peninsular Spanish),,,,,,,,
col,…y tengo sabor a col.,Noun,noun,,,,,,,,,,,,,,,,,,,en,cabbage,,,,,,,,
colas,…pies y meneaban sus colas.,Noun,noun,,,,,,,,,,,,,,,,,,,en,tails,,,,,,,,
colega,El colega o la colega que…,Noun,sustantivo,,,,,,,,,,,,,,,,,,,en,colleague,en,"mate, friend, buddy, colleague",,,,,,
colegio,…del segundo curso del Colegio Hogwarts de Magia y…,Verb,yo,presente,colegiar,colegiarse,Noun,sustantivo,verbo,presente,yo,colegiar,colegiarse,,,,,,,,,en,school,,,,,,,,
colgada,"…Dónde está colgada esta mierda?- En Escrileo,…",Adjective,adjetivo,,,,,,,,,,,,,,,,,,,en,hanging,,,,,,,,
colgado,"Koldo,¿ quién es este colgado?",Verb,yo,pretérito perfecto compuesto,colgar,colgarse,verbo,yo,pretérito perfecto compuesto,colgar,colgarse,,,,,,,,,,,en,"adj. hanging, dangling",,,,,,,,
colina,…estado parado en la colina hablándome.,Noun,noun,,,,,,,,,,,,,,,,,,,en,hill; height; dome,,,,,,,,
colocarlas,…o trabajos para posteriormente colocarlas en el altar de…,,,,,,,,,,,,,,,,,,,,,en,"v. place, put; position; set in place, lay; locate; station; collocate",en,placing them,en,"to place them, placing them",,,,
colocarse,…de Leyden que puede colocarse en la espalda o…,Verb,participio pasado,verbo,participio pasado,,,,,,,,,,,,,,,,,en,v. go in; station oneself; attach; be place,,,,,,,,
colocó,"…la mano izquierda, lo colocó en su cabeza mediante…",Verb,pretérito perfecto simple,él/ella/ud.,colocar,colocarse,verb,colocar,pretérito perfecto simple,él/ella/ud.,colocarse,,,,,,,,,,,en,he placed,,,,,,,,
colorada,…que se nos ponga colorada,Adjective,Noun,noun,adjective,,,,,,,,,,,,,,,,,en,red,,,,,,,,
comedor,…en la mesa del comedor de la casa de…,Adjective,Noun,,,,,,,,,,,,,,,,,,,en,dining room,,,,,,,,
comentar,"Bueno, sólo quería comentar esto.",Verb,participio pasado,verbo,participio pasado,,,,,,,,,,,,,,,,,en,to comment,,,,,,,,
comenzamos,Comenzamos,Verb,presente,nosotros,comenzar,verbo,nosotros,presente,comenzar,,,,,,,,,,,,,en,We started,,,,,,,,
comenzó,"Hace 44 horas que comenzó el atraco,",Verb,pretérito perfecto simple,él/ella/ud.,comenzar,Noun,verbo,pretérito perfecto simple,comenzar,él/ella/ud.,,,,,,,,,,,,en,began,,,,,,,,
comercialización,desarrollo y comercialización de tratamientos contra enfermedades…,Noun,sustantivo,,,,,,,,,,,,,,,,,,,en,commercialization,,,,,,,,
comercio,…que el volumen de comercio wentre cryptos y rublos…,Verb,yo,presente,comerciar,Noun,sustantivo,verbo,presente,yo,comerciar,,,,,,,,,,,en,"n. commerce, trade. (m)",,,,,,,,
comerla,"…llegar una oveja, destruirla, comerla, de un solo bocado…",,,,,,,,,,,,,,,,,,,,,en,eat it,,,,,,,,
cometía,"…mundo le dijo que cometía una gran necedad, porque…",Verb,yo,indicativo pretérito imperfecto,cometer,cometerse,cometer,verbo,yo,cometerse,indicativo pretérito imperfecto,,,,,,,,,,,en,"(I/he/she/you) committed, made",,,,,,,,
comillas,"…cosas más avanzadas entre comillas en un idioma extranjero,¿…",Noun,,,,,,,,,,,,,,,,,,,,en,"inverted commas, quotation marks",,,,,,,,
cómoda,Siéntate. Ponte cómoda.,Adjective,Noun,sustantivo,adjetivo,,,,,,,,,,,,,,,,,en,comfortable,,,,,,,,
cómodos,"…delicado cuerpo infantil, mediante cómodos cinturones, pulseras, anillos y…",Adjective,,,,,,,,,,,,,,,,,,,,en,"adj.  comfortable,",,,,,,,,
compañera,"Delito de cara, compañera.",Noun,,,,,,,,,,,,,,,,,,,,en,partner,,,,,,,,
compañeros,…Andrés Wiesner y sus compañeros de la Universidad de…,Adjective,Noun,sustantivo,adjetivo,,,,,,,,,,,,,,,,,en,"companion, partner; associate, comrade; compeer, mate",,,,,,,,
compararlo,…Nueva York y quería compararlo un poco con la…,,,,,,,,,,,,,,,,,,,,,en,to compare it,,,,,,,,
compartido,…Y lo ha compartido.-¿ Conmigo?,Verb,yo,pretérito perfecto compuesto,compartir,verbo,yo,compartir,pretérito perfecto compuesto,,,,,,,,,,,,,en,Shared,,,,,,,,
compartimos,"Compartimos una visión, Vander!",Verb,presente,nosotros,compartir,verb,nosotros,presente,compartir,,,,,,,,,,,,,en,we share,,,,,,,,
compleja,…la realidad es más compleja aún:,Adjective,adjective,,,,,,,,,,,,,,,,,,,en,complex,,,,,,,,
complejas,…con un montón de complejas e interesantes,Adjective,adjective,,,,,,,,,,,,,,,,,,,en,complex,,,,,,,,
completa,…pasan su vida adulta completa en su superficie..,Verb,él/ella/ud.,presente,completar,Adjective,Noun,verbo,completar,presente,él/ella/ud.,,,,,,,,,,,en,Full,,,,,,,,
complete,"…que otra persona nos complete como personas, nos haga…",Verb,él/ella/ud.,imperativo,completar,Noun,imperativo,verbo,completar,él/ella/ud.,,,,,,,,,,,,en,completes (subj.),,,,,,,,
completo,"…nunca se repuso por completo, motivado por el espanto…",Verb,yo,presente,completar,Adjective,Noun,sustantivo,adjetivo,verbo,completar,presente,yo,,,,,,,,,en,complete; whole,,,,,,,,
comportó,Olga nunca se comportó como alguien normal de…,Verb,pretérito perfecto simple,él/ella/ud.,comportar,comportarse,verbo,comportarse,pretérito perfecto simple,él/ella/ud.,comportar,,,,,,,,,,,en,behaved,,,,,,,,
comprar,…tienda de mascotas para comprar el regalo.,Verb,participio pasado,verbo,participio pasado,,,,,,,,,,,,,,,,,en,"buy, purchase",,,,,,,,
comprarle,…que mi hermana decidió comprarle una para su cumpleaños.,,,,,,,,,,,,,,,,,,,,,,,,,,,,,,
compras,…en cuando iba de compras con amá o al…,Verb,presente,tú,comprar,comprarse,Noun,sustantivo,tú,verbo,comprar,presente,comprarse,,,,,,,,,en,shopping,,,,,,,,
comprobaba,"Cada día, la bruja comprobaba para ver si Hansel…",Verb,yo,indicativo pretérito imperfecto,comprobar,verb,yo,comprobar,indicativo pretérito imperfecto,,,,,,,,,,,,,en,was checking,,,,,,,,
comprobarlo,Y ahora voy a comprobarlo. Yo voy a ordenar…,,,,,,,,,,,,,,,,,,,,,en,check it,,,,,,,,
comprometiéndose,Dorothy Stang fue comprometiéndose,,,,,,,,,,,,,,,,,,,,,en,committing,,,,,,,,
computación,"…de lectura, clases de computación, baile y muchas otras…",Noun,sustantivo,,,,,,,,,,,,,,,,,,,en,computing,,,,,,,,
común,…catacumbas eran una característica común de muchas ciudades del…,Adjective,Noun,,,,,,,,,,,,,,,,,,,en,"common, shared",,,,,,,,
comunes,…los factores desencadenantes más comunes de la alergia perenne…,Adjective,Noun,,,,,,,,,,,,,,,,,,,en,"[adj:común] common, shared, belonging to more than one;",,,,,,,,
comuníquese,"…alguna pregunta, por favor comuníquese con nosotros ya sea…",,,,,,,,,,,,,,,,,,,,,en,contact,,,,,,,,
con,"…entramos allí, nos encontramos con algo impactante.",Noun,Preposition,,,,,,,,,,,,,,,,,,,en,with,,,,,,,,
coña,"…no, que ni de coña.",,,,,,,,,,,,,,,,,,,,,en,"de coña, as a joke:",,,,,,,,
concederás,Le concederás su última pipa a…,Verb,tú,futuro,conceder,verb,tú,futuro,conceder,,,,,,,,,,,,,en,will grant,,,,,,,,
concedió,"…de Ana, Ariel le concedió un deseo como recompensa.",Verb,pretérito perfecto simple,él/ella/ud.,conceder,verbo,pretérito perfecto simple,conceder,él/ella/ud.,,,,,,,,,,,,,en,"concede; grant, award; allow",,,,,,,,
concreto,"En concreto, hablamos de un tijeretazo…",Verb,yo,presente,concretar,concretarse,Adjective,Noun,sustantivo,adjetivo,verbo,presente,yo,concretar,concretarse,,,,,,,en,specific,,,,,,,,
concurso,"…Montevideo, habían organizado un concurso de novelas.",Verb,yo,presente,concursar,Noun,verbo,presente,yo,concursar,,,,,,,,,,,,en,"competition, contest; meeting; match; show, gala; concourse",,,,,,,,
concursos,"…los muertos, se hacen concursos con los mejores versos,…",Noun,sustantivo,,,,,,,,,,,,,,,,,,,en,"contests, competitions, coincidence",,,,,,,,
condenado,Pero contarlo nos habría condenado a todos.,Verb,yo,pretérito perfecto compuesto,condenar,condenarse,Adjective,Noun,sustantivo,adjetivo,verbo,condenar,yo,pretérito perfecto compuesto,condenarse,,,,,,,en,"condemned, convicted",,,,,,,,
conductas,la libertad de conductas que considera que van…,Noun,noun,,,,,,,,,,,,,,,,,,,en,behaviors,,,,,,,,
conejos,Las trampas para conejos existen para cazar conejos.,Noun,,,,,,,,,,,,,,,,,,,,en,rabbit,,,,,,,,
conexión,…de la pausa: la conexión entre el caso de…,Noun,,,,,,,,,,,,,,,,,,,,en,connection,,,,,,,,
confección,…trabajaban activamente en la confección de los nuevos vestidos…,Noun,,,,,,,,,,,,,,,,,,,,en,"dressmaking, tailoring",,,,,,,,
confiable,"…plazo, buscáis un broker confiable, con bajas comisiones,",Adjective,adjetivo,,,,,,,,,,,,,,,,,,,en,dependable,,,,,,,,
confiar,…Seguimos sin confiar los unos en los…,Verb,participio pasado,verbo,participio pasado,,,,,,,,,,,,,,,,,en,"trust, rely",,,,,,,,
confié,Confié en ti.,Verb,yo,pretérito perfecto simple,confiar,confiarse,verb,yo,pretérito perfecto simple,confiar,confiarse,,,,,,,,,,,en,I trusted,,,,,,,,
confitadas,"…de torta con frutas confitadas, piñones, con crema... bueno…",,,,,,,,,,,,,,,,,,,,,en,"adj. candied, sugared, coated with sugar",,,,,,,,
confundido,…media naranja se ha confundido y se ha liado…,Verb,yo,pretérito perfecto compuesto,confundir,confundirse,Adjective,verbo,confundir,yo,pretérito perfecto compuesto,confundirse,,,,,,,,,,en,confused,,,,,,,,
confundiendo,"…oscuro… Uy, me estoy confundiendo de saga,",Verb,gerundio,confundir,verb,gerundio,confundir,,,,,,,,,,,,,,,en,confusing,,,,,,,,
congregaciones,Tenemos congregaciones y movimientos que todos…,Noun,,,,,,,,,,,,,,,,,,,,en,congregations,,,,,,,,
conmigo,Pasa una noche conmigo,Pronoun,Adverb,,,,,,,,,,,,,,,,,,,en,with me,,,,,,,,
coño,…Qué coño hacéis en el Banco…,Noun,,,,,,,,,,,,,,,,,,,,en,pussy,,,,,,,,
conoce,La conoce todo aspirante a escritor.,Verb,él/ella/ud.,presente,conocer,conocerse,Noun,sustantivo,verbo,presente,conocer,conocerse,él/ella/ud.,,,,,,,,,en,"del verbo, CONOCER. to become familiar",en,he/she knows,,,,,,
conocéis,Conocéis mis condiciones?,Verb,presente,vosotros,conocer,conocerse,verb,presente,conocer,vosotros,conocerse,,,,,,,,,,,en,do you all know,,,,,,,,
conocerlos,…con ellas si quiero conocerlos en el momento que…,,,,,,,,,,,,,,,,,,,,,en,to get to know them,,,,,,,,
conocerse,esto sea manera de conocerse dos extraños que se,Verb,participio pasado,,,,,,,,,,,,,,,,,,,en,to get to know each other,,,,,,,,
conocerte,"ES UN GUSTO CONOCERTE, JUAN, QUE TENGAS UN…",Noun,noun,,,,,,,,,,,,,,,,,,,en,to meet you,,,,,,,,
conocí,"...de los años, yo conocí a muchas personas adultas...",Verb,yo,pretérito perfecto simple,conocer,conocerse,Noun,sustantivo,verbo,yo,conocer,pretérito perfecto simple,conocerse,,,,,,,,,en,"yo met, became acquainted with. (v. pretérito: conocer)",,,,,,,,
conocidas,…las cuatro paredes harto conocidas.,Adjective,adjective,,,,,,,,,,,,,,,,,,,en,known,,,,,,,,
conocidos,"…productos gastronómicos, los más conocidos son el turrón, de…",Adjective,Noun,,,,,,,,,,,,,,,,,,,en,well known,,,,,,,,
conque,"Conque desde este momento, las…",,,,,,,,,,,,,,,,,,,,,en,so,,,,,,,,
conseguir,…vendría muy bien poder conseguir,Verb,participio pasado,verbo,participio pasado,,,,,,,,,,,,,,,,,en,"obtain, acquire",,,,,,,,
conseguirás,Estoy seguro de que conseguirás una segunda historia.,Verb,tú,futuro,conseguir,conseguirse,tú,verbo,conseguir,futuro,conseguirse,,,,,,,,,,,en,"obtain, acquire, acheive",,,,,,,,
consejera,Consejera!,Noun,noun,,,,,,,,,,,,,,,,,,,en,"advisor, counsellor, mentor",,,,,,,,
consejo,El Consejo necesita su presa.,Verb,yo,presente,consejar,Noun,verb,noun,presente,yo,consejar,,,,,,,,,,,en,Council,,,,,,,,
consejos,"consejos que... Que bueno, no…",Noun,sustantivo,,,,,,,,,,,,,,,,,,,en,"advice, counsel",,,,,,,,
consigna,…Es la consigna– respondió el farolero–.¡ Buenos…,Verb,él/ella/ud.,presente,consignar,Noun,verb,noun,presente,él/ella/ud.,consignar,,,,,,,,,,,en,instruction,,,,,,,,
consignarlo,"…lo demás— bueno es consignarlo—, el señor Fogg, evidentemente…",,,,,,,,,,,,,,,,,,,,,en,to note it,,,,,,,,
consigo,…se llevó el misterio consigo. A pesar de lo…,Verb,yo,presente,conseguir,conseguirse,Adjective,Adverb,verb,adjective,conseguir,presente,yo,adverb,conseguirse,,,,,,,en,with him,,,,,,,,
constante,"…las artes y su constante apoyo a ellas, quisiera…",Adjective,Noun,sustantivo,adjetivo,,,,,,,,,,,,,,,,,en,"n.  constant, continuous; firm",,,,,,,,
constar,Basta con hacer constar la diferencia.,Verb,participio pasado,verb,participio pasado,,,,,,,,,,,,,,,,,en,to state,,,,,,,,
constatar,…de la Sabana pudieran constatar que los jóvenes de…,Verb,participio pasado,verbo,participio pasado,,,,,,,,,,,,,,,,,en,"v. confirm,",,,,,,,,
construir,"…vigila las defensas, manda construir fajinas y parapetos, recorre…",Verb,participio pasado,verbo,participio pasado,,,,,,,,,,,,,,,,,en,to construct,,,,,,,,
contaba,Camelia me contaba… aquí en México decimos:,Verb,yo,indicativo pretérito imperfecto,contar,contarse,verbo,yo,contar,contarse,indicativo pretérito imperfecto,,,,,,,,,,,en,recount; to count,,,,,,,,
contagiar,…donde es más fácil contagiar y contagiarse. Y,Verb,participio pasado,verb,participio pasado,,,,,,,,,,,,,,,,,en,to infect,,,,,,,,
contagiarse,…más fácil contagiar y contagiarse. Y,Verb,participio pasado,verb,participio pasado,,,,,,,,,,,,,,,,,en,to get infected,,,,,,,,
contaminación,"…la explotación o la contaminación, la derecha quisiera restringir",Noun,noun,,,,,,,,,,,,,,,,,,,en,pollution,,,,,,,,
contamos,…un zurdo. Hoy te contamos.,Verb,presente,nosotros,contar,contarse,verb,nosotros,presente,contar,contarse,,,,,,,,,,,en,we tell,,,,,,,,
contándote,"…mayores, tengo que seguir contándote la historia de nuestro…",,,,,,,,,,,,,,,,,,,,,en,telling you,,,,,,,,
contar,…yo que tiene que contar algo.,Verb,participio pasado,verbo,participio pasado,,,,,,,,,,,,,,,,,en,"to count, to tell",,,,,,,,
contáramos,"…gratuitas, y si no contáramos con el apoyo de…",Verb,subjuntivo pretérito imperfecto,nosotros,contar,contarse,verbo,nosotros,contar,contarse,subjuntivo pretérito imperfecto,,,,,,,,,,,en,we counted,,,,,,,,
contarlo,"…es una mierda, pero contarlo es peor.",,,,,,,,,,,,,,,,,,,,,en,"tell,count it",en,"tell it, count it",,,,,,
contarme,"después regresas aquí para contarme sobre tus exploraciones, yo",,,,,,,,,,,,,,,,,,,,,en,tell me,,,,,,,,
contarnos,…De verdad vas a contarnos que en España hay…,,,,,,,,,,,,,,,,,,,,,en,to tell us,,,,,,,,
contarse,…acontecimientos que no pueden contarse en un solo episodio.,Verb,participio pasado,verb,participio pasado,,,,,,,,,,,,,,,,,en,be told,,,,,,,,
contárselo,…a la poli y contárselo.,,,,,,,,,,,,,,,,,,,,,en,tell them,,,,,,,,
contarte,de eso yo puedo contarte sobre mi planeta,,,,,,,,,,,,,,,,,,,,,en,tell you,,,,,,,,
contemporáneo,"…de un autor español contemporáneo, Eduardo Mendoza.",Adjective,Noun,noun,adjective,,,,,,,,,,,,,,,,,en,contemporary,,,,,,,,
contendrá,Contendrá partículas de fibra de…,Verb,él/ella/ud.,futuro,contener,contenerse,verb,futuro,él/ella/ud.,contener,contenerse,,,,,,,,,,,en,it will contain,,,,,,,,
contenedor,…del flete de un contenedor,Noun,noun,,,,,,,,,,,,,,,,,,,en,container,,,,,,,,
contenedores,"…no existan físicamente esos contenedores,",Noun,noun,,,,,,,,,,,,,,,,,,,en,containers,,,,,,,,
contenido,…valor como su importante contenido de Carbón Orgánico Total(…,Verb,yo,pretérito perfecto compuesto,contener,contenerse,Noun,sustantivo,verbo,yo,pretérito perfecto compuesto,contener,contenerse,,,,,,,,,en,content,,,,,,,,
contestar,Cuatro días desaparecido sin contestar WhatsApp.,Verb,participio pasado,verbo,participio pasado,,,,,,,,,,,,,,,,,en,"answer, reply",,,,,,,,
conteste,Conteste,Verb,él/ella/ud.,imperativo,contestar,,,,,,,,,,,,,,,,,en,"contestar - answer, reply",,,,,,,,
contigo,"Estar contigo, vista al mar donde…",Adjective,Adverb,,,,,,,,,,,,,,,,,,,en,with you,,,,,,,,
contra,"…un combate, una lucha contra una dificultad; pero lucha…",Noun,Preposition,preposition,noun,,,,,,,,,,,,,,,,,en,against,,,,,,,,
contrabandistas,"…escondites para los refugiados, contrabandistas y grupos que querían…",Noun,,,,,,,,,,,,,,,,,,,,en,smugglers,,,,,,,,
contraría,…cobardes y traidores: Le contraría fallarse de su primer…,,,,,,,,,,,,,,,,,,,,,en,contrary,,,,,,,,
contrario,"…de vida, todo lo contrario.",Verb,yo,presente,contrariar,Adjective,Noun,sustantivo,adjetivo,verbo,presente,yo,contrariar,,,,,,,,,en,contrary,,,,,,,,
contratado,Yo había contratado psicólogos,Verb,yo,pretérito perfecto compuesto,contratar,verbo,contratar,yo,pretérito perfecto compuesto,,,,,,,,,,,,,en,"hired, contracted",,,,,,,,
contratar,"…con un menor, era contratar a una menor",Verb,participio pasado,verbo,participio pasado,,,,,,,,,,,,,,,,,en,to hire,,,,,,,,
contratarte,Yo voy a contratarte para explorar el otro,,,,,,,,,,,,,,,,,,,,,en,hire you,,,,,,,,
contundencia,años fue la contundencia con la que respondió…,Noun,sustantivo,,,,,,,,,,,,,,,,,,,en,"n. force, power; strength; intensity",,,,,,,,
contuviera,"Como si te contuviera, te susurra para dejarte…",Verb,yo,subjuntivo pretérito imperfecto,contener,contenerse,verb,yo,contener,contenerse,subjuntivo pretérito imperfecto,,,,,,,,,,,en,contained,,,,,,,,
convencerle,…veces hasta llegaba a convencerle de que abandonara por…,,,,,,,,,,,,,,,,,,,,,en,convince him,,,,,,,,
convenciones,…se sabe todas las convenciones del género.,Noun,sustantivo,,,,,,,,,,,,,,,,,,,en,conventions,en,"conventions (societal, artistic, etc.)",,,,,,
converger,"…movimientos del niño, haciéndolos converger en una botellita de…",Verb,participio pasado,verbo,participio pasado,,,,,,,,,,,,,,,,,en,v. converge,,,,,,,,
convertirse,…a un soldado a convertirse en un elefante y…,Verb,participio pasado,verb,participio pasado,,,,,,,,,,,,,,,,,en,"v.  become, convert; adapt;  turn into",,,,,,,,
conviene,"…platos más“ contundentes”, no conviene que nos olvidemos de…",Verb,él/ella/ud.,presente,convenir,convenirse,verbo,presente,él/ella/ud.,convenir,convenirse,,,,,,,,,,,en,"agree, concur; arrange; suit; answer",,,,,,,,
convierte,…crimen en Chile se convierte en algo mucho más…,Verb,él/ella/ud.,presente,convertir,convertirse,verbo,convertir,convertirse,presente,él/ella/ud.,,,,,,,,,,,en,"[v:convertir] transform, convert; proselytize",,,,,,,,
convirtieron,Se convirtieron en el club de…,Verb,pretérito perfecto simple,ellos/ellas/uds.,convertir,convertirse,verbo,convertir,convertirse,pretérito perfecto simple,ellos/ellas/uds.,,,,,,,,,,,en,"v. transform, convert; proselytize",,,,,,,,
convoca,…resolver el problema se convoca,Verb,él/ella/ud.,presente,convocar,verb,presente,él/ella/ud.,convocar,,,,,,,,,,,,,en,it convenes,,,,,,,,
convoy,…Están atacando un convoy militar!,Noun,noun,,,,,,,,,,,,,,,,,,,en,convoy,,,,,,,,
cooperar,exposición no dudará en cooperar con Acción Creativa.,Verb,participio pasado,verbo,participio pasado,,,,,,,,,,,,,,,,,en,to cooperate,,,,,,,,
copita,"…de vino de cada copita, pues no quería tomarlo…",,,,,,,,,,,,,,,,,,,,,en,small glass,,,,,,,,
copitos,todo roja y tiene copitos de nieve alrededor,,,,,,,,,,,,,,,,,,,,,en,little flake (snowflake = copo),,,,,,,,
copos,"…de invierno, y los copos de nieve caían del…",Noun,noun,,,,,,,,,,,,,,,,,,,en,flakes,,,,,,,,
coquetee,pero también que no coquetee mucho con los canadienses,Verb,él/ella/ud.,imperativo,coquetear,,,,,,,,,,,,,,,,,en,i/he/she/it flirts (subj),,,,,,,,
corazón,"…señora Mallard padecía del corazón, se tomaron muchas precauciones…",Adjective,Noun,sustantivo,adjetivo,,,,,,,,,,,,,,,,,en,m. n. heart; center; breast; inside,,,,,,,,
corbata,"…Qué guapo estás, con corbata y todo!",Noun,,,,,,,,,,,,,,,,,,,,en,tie,,,,,,,,
corbatas,"...hablaba de golf, dinero, corbatas, política y entonces, así...",Noun,sustantivo,,,,,,,,,,,,,,,,,,,en,neckwear,,,,,,,,
coronel,…Muerte anunciada o el coronel no,Noun,noun,,,,,,,,,,,,,,,,,,,en,colonel,,,,,,,,
corporal,…patas y su estructura corporal se adapta para dar…,Adjective,,,,,,,,,,,,,,,,,,,,en,"adj.  physical, bodily; material, tangible",,,,,,,,
corral,"…pulgas de aves de corral( E. gallinacea), sobre todo…",Noun,,,,,,,,,,,,,,,,,,,,en,"n.  fenced in area (for horses, cattle, etc.); circle of wagons arranged around a camp",,,,,,,,
correo,Suscríbete en elhilo. audio/ correo,Verb,yo,presente,correar,Noun,verbo,presente,yo,correar,,,,,,,,,,,,en,mail,,,,,,,,
corriente,…Torres] La corriente lo habrá arrastrado.,Adjective,Noun,noun,adjective,,,,,,,,,,,,,,,,,en,current,,,,,,,,
corta,"…es la noche más corta del año, es la…",Verb,él/ella/ud.,presente,cortar,cortarse,Adjective,verbo,presente,cortar,él/ella/ud.,cortarse,,,,,,,,,,en,"n.  crop; cutting,  v.  cut; hack; chop; slice; lop; prune (Cortar)",,,,,,,,
corteza,La corteza de su lóbulo frontal…,Noun,noun,,,,,,,,,,,,,,,,,,,en,cortex,,,,,,,,
corticales,un paciente con prótesis corticales la reacción inmediata está,Adjective,Noun,,,,,,,,,,,,,,,,,,,en,cortical,,,,,,,,
cortinas,enseguida he reconocido [4] mis cortinas naranjas en la habitación,Noun,,,,,,,,,,,,,,,,,,,,en,curtain,,,,,,,,
cosa,…SE NOS OCURRIÓ UNA COSA PARA QUE APRENDA.,Verb,él/ella/ud.,imperativo,subjuntivo presente,coser,coserse,Noun,sustantivo,imperativo,verbo,subjuntivo presente,él/ella/ud.,coser,coserse,,,,,,,en,"thing, thingy, thingamajig, object,item, matter,affair, act, action, chore,thought, issue; something",,,,,,,,
cosas,Una de las cosas que los Cristianos modernos…,Verb,tú,subjuntivo presente,coser,coserse,Pronoun,Noun,tú,verbo,subjuntivo presente,coser,coserse,,,,,,,,,en,things,,,,,,,,
cosechó,…checo Kingdom Come: Deliverance cosechó un gran éxito tanto…,Verb,pretérito perfecto simple,él/ella/ud.,cosechar,verbo,pretérito perfecto simple,él/ella/ud.,cosechar,,,,,,,,,,,,,en,harvested,,,,,,,,
cosía,"Y como mientras cosía miraba caer los copos,…",Verb,yo,indicativo pretérito imperfecto,coser,coserse,verb,yo,coser,coserse,indicativo pretérito imperfecto,,,,,,,,,,,en,she was sewing,,,,,,,,
costal,…de cabeza a un costal y así se la…,Noun,sustantivo,,,,,,,,,,,,,,,,,,,en,sack bag,,,,,,,,
cotidiana,…la ciudad absurda y cotidiana en el escenario de…,Adjective,adjective,,,,,,,,,,,,,,,,,,,en,everyday,,,,,,,,
coulrofobia,…Va directa a la coulrofobia.-¿ Qué es eso?,,,,,,,,,,,,,,,,,,,,,en,fear of clowns,,,,,,,,
cráneo,B:“ Eres cráneo del montón.”,Noun,sustantivo,,,,,,,,,,,,,,,,,,,en,skull,,,,,,,,
creador,metafórica el creador de las tierras,Adjective,Noun,noun,adjective,,,,,,,,,,,,,,,,,en,creator,,,,,,,,
crear,nos propusimos crear un canal donde poder…,Verb,participio pasado,verbo,participio pasado,,,,,,,,,,,,,,,,,,,,,,,,,,
crece,"…porque mientras cada baobab crece, las raíces van penetrando…",Verb,él/ella/ud.,presente,crecer,crecerse,verb,presente,crecer,él/ella/ud.,crecerse,,,,,,,,,,,en,grows,,,,,,,,
crecía,El café crecía en el área de…,Verb,yo,indicativo pretérito imperfecto,crecer,crecerse,verbo,yo,crecer,crecerse,indicativo pretérito imperfecto,,,,,,,,,,,en,grew,,,,,,,,
crecimiento,"…de ellos, y el crecimiento vertiginoso de asistentes, sumado…",Noun,sustantivo,,,,,,,,,,,,,,,,,,,en,growth; increase; rise,en,"n. growth, cultivation, rise, development",,,,,,
creciste,"…aprender, si, como yo, creciste pensando en el príncipe…",Verb,pretérito perfecto simple,tú,crecer,crecerse,tú,verbo,crecer,pretérito perfecto simple,crecerse,,,,,,,,,,,en,you grew up,,,,,,,,
creemos,"Así, cuando creemos en la media naranja,…",Verb,presente,imperativo,nosotros,crear,creer,creerse,imperativo,verbo,crear,creer,nosotros,presente,creerse,,,,,,,en,we believe,,,,,,,,
creencia,"esa creencia, y, siendo el único,…",Noun,,,,,,,,,,,,,,,,,,,,en,"belief, faith",,,,,,,,
creencias,"…escarbar detrás de las creencias que tienen, aparecen varios…",Noun,,,,,,,,,,,,,,,,,,,,en,"n. belief, faith, credence; judgement",,,,,,,,
creer,señal de locura creer que la tierra giraba…,Verb,participio pasado,verbo,participio pasado,,,,,,,,,,,,,,,,,en,"to believe, to think",,,,,,,,
creí,"Todo este tiempo, creí que necesitaba reducir las…",Verb,yo,pretérito perfecto simple,creer,creerse,Noun,verb,noun,creer,yo,pretérito perfecto simple,creerse,,,,,,,,,en,I believed,,,,,,,,
creo,Si yo creo que sin ti no…,Verb,yo,presente,crear,creer,creerse,Adjective,Noun,verbo,crear,creer,presente,yo,creerse,,,,,,,en,I believe (creer),,,,,,,,
creó,"En el principio, Dios creó el cielo y la…",Verb,pretérito perfecto simple,él/ella/ud.,crear,verbo,crear,pretérito perfecto simple,él/ella/ud.,,,,,,,,,,,,,en,created,,,,,,,,
cría,…La cría se resistía a morir.,Verb,él/ella/ud.,presente,criar,criarse,Noun,sustantivo,criar,verbo,presente,él/ella/ud.,criarse,,,,,,,,,en,n. baby; young; junior; litter; brood; breeding,,,,,,,,
criada,"…la puerta por la criada, la cual me anunció…",Noun,noun,,,,,,,,,,,,,,,,,,,en,maid,,,,,,,,
criado,…durante su infancia fue criado por,Verb,yo,pretérito perfecto compuesto,criar,criarse,Adjective,Noun,verb,noun,criar,adjective,yo,pretérito perfecto compuesto,criarse,,,,,,,en,raised,,,,,,,,
crimen,…esta historia de un crimen en Chile se convierte…,Noun,,,,,,,,,,,,,,,,,,,,en,crime,,,,,,,,
criminaliza,…estado norteamericano de Arizona criminaliza a los migrantes indocumentados…,Verb,él/ella/ud.,presente,criminalizar,verbo,presente,él/ella/ud.,criminalizar,,,,,,,,,,,,,en,criminalizes,,,,,,,,
cristales,Los cristales solo se estabilizan a…,Noun,noun,,,,,,,,,,,,,,,,,,,en,"n. crystal; light; glass, pane",,,,,,,,
crónica,…como relato un náufrago Crónica,Adjective,Noun,noun,adjective,,,,,,,,,,,,,,,,,en,Chronicle,,,,,,,,
cruce,…Que es un cruce entre el relato real…-[…,Verb,él/ella/ud.,imperativo,subjuntivo presente,cruzar,cruzarse,Noun,sustantivo,imperativo,verbo,subjuntivo presente,cruzar,él/ella/ud.,cruzarse,,,,,,,en,"crossing, intersection etc.",,,,,,,,
crucen,"…minutos, continúen de frente, crucen el arroyo, giren a…",Verb,ellos/ellas/uds.,imperativo,subjuntivo presente,cruzar,cruzarse,verb,imperativo,subjuntivo presente,cruzar,ellos/ellas/uds.,cruzarse,,,,,,,,,en,cross,,,,,,,,
crujían,"…sitio, y las maderas crujían por la desesperación de…",Verb,indicativo pretérito imperfecto,ellos/ellas/uds.,crujir,verb,crujir,ellos/ellas/uds.,indicativo pretérito imperfecto,,,,,,,,,,,,,en,they creaked,,,,,,,,
cruz,…el latín y la cruz no se había,Noun,noun,,,,,,,,,,,,,,,,,,,en,cross,,,,,,,,
cruzado,Cruzado jadea y se queja],Verb,yo,pretérito perfecto compuesto,cruzar,cruzarse,Adjective,Noun,sustantivo,adjetivo,verbo,yo,pretérito perfecto compuesto,cruzar,cruzarse,,,,,,,en,crossed,,,,,,,,
cruzando,"…y cruzando el estanque( paf, zas,…",Verb,gerundio,cruzar,verb,gerundio,cruzar,,,,,,,,,,,,,,,en,crossing,,,,,,,,
cruzar,Sólo un chivito podía cruzar a la vez.,Verb,participio pasado,verb,participio pasado,,,,,,,,,,,,,,,,,en,to cross,,,,,,,,
cruzaron,"Ellos cruzaron la carretera( taca-taca,…",Verb,pretérito perfecto simple,ellos/ellas/uds.,cruzar,cruzarse,verb,pretérito perfecto simple,cruzar,ellos/ellas/uds.,cruzarse,,,,,,,,,,,en,crossed,,,,,,,,
cuadernitos,…Siempre estás con los cuadernitos…[ ríe],,,,,,,,,,,,,,,,,,,,,en,notebooks,,,,,,,,
cuadra,…es el que menos cuadra.,Verb,él/ella/ud.,presente,cuadrar,cuadrarse,Noun,sustantivo,verbo,cuadrar,presente,él/ella/ud.,cuadrarse,,,,,,,,,en,n.  stable; hall; block,,,,,,,,
cuadrado,el cuadrado de sator es uno…,Verb,yo,pretérito perfecto compuesto,cuadrar,cuadrarse,Adjective,Noun,verb,noun,adjective,cuadrar,yo,pretérito perfecto compuesto,cuadrarse,,,,,,,en,square,,,,,,,,
cuadrados,…superó los 12.000 kilómetros cuadrados.,Adjective,Noun,sustantivo,adjetivo,,,,,,,,,,,,,,,,,en,square,,,,,,,,
cuadros,…con un pañuelo de cuadros rojos.,Noun,noun,,,,,,,,,,,,,,,,,,,en,pictures,,,,,,,,
cuajo,…I+ D acabar de cuajo con un tercio del…,Verb,yo,presente,cuajar,cuajarse,Noun,sustantivo,verbo,presente,yo,cuajar,cuajarse,,,,,,,,,en,root out,,,,,,,,
cual,"…por la criada, la cual me anunció que dos…",Pronoun,Noun,pronoun,noun,,,,,,,,,,,,,,,,,en,which,,,,,,,,
cuales,…velas o candelas las cuales simbolizan a Jesús como…,Pronoun,Noun,,,,,,,,,,,,,,,,,,,en,Which,,,,,,,,
cualquier,"…pedirle los papeles en cualquier lugar, interrogarlo y mandarlo…",Pronoun,Noun,,,,,,,,,,,,,,,,,,,en,"(before a noun) any, whatever, whichever; everyday, ordinary",,,,,,,,
cualquiera,…podéis dejar pasar a cualquiera!,Pronoun,Adverb,pronoun,adverb,,,,,,,,,,,,,,,,,en,anyone,,,,,,,,
cuartetas,…común de la calaverita: cuartetas octosílabos,,,,,,,,,,,,,,,,,,,,,en,quatrains,,,,,,,,
cuartucho,Te gusta el cuartucho que nos han dejado…,,,,,,,,,,,,,,,,,,,,,en,"n. poky little room, hovel",,,,,,,,
cubiertas,"…invierno, las montañas estaban cubiertas con nieve profunda, y…",Adjective,Noun,noun,adjective,,,,,,,,,,,,,,,,,en,covered,,,,,,,,
cubiertos,…en sus mejillas están cubiertos por gruesas capas de…,Noun,sustantivo,,,,,,,,,,,,,,,,,,,en,covered,,,,,,,,
cubre,"sea, la puerta que cubre el motor y comencé",Verb,él/ella/ud.,presente,cubrir,cubrirse,,,,,,,,,,,,,,,,en,covers,,,,,,,,
cubrimos,…de los temas que cubrimos en nuestros episodios?,Verb,presente,nosotros,cubrir,cubrirse,verbo,nosotros,presente,cubrir,cubrirse,,,,,,,,,,,en,cover,,,,,,,,
cubrir,…significa que todos puedan cubrir sus necesidades,Verb,participio pasado,verb,participio pasado,,,,,,,,,,,,,,,,,en,to cover,,,,,,,,
cubrirme,…campana de cristal para cubrirme durante la noche?,,,,,,,,,,,,,,,,,,,,,en,cover me,,,,,,,,
cuchillo,El cazador usó su cuchillo para abrir el estómago…,Noun,noun,,,,,,,,,,,,,,,,,,,en,knife,,,,,,,,
cuellos,Y eso ha creado cuellos de botella en los…,Noun,noun,,,,,,,,,,,,,,,,,,,en,bottlenecks,,,,,,,,
cuenca,"…le cae por la cuenca…"".",Noun,sustantivo,,,,,,,,,,,,,,,,,,,en,"hollow, bowl",en,basin,en,hollow; bowl; socket; watershed; basin,,,,
cuentas,…pareció a fin de cuentas haber existido para demostrarme…,Verb,presente,tú,contar,contarse,Noun,tú,verbo,presente,contar,contarse,,,,,,,,,,en,accounts/counts,,,,,,,,
cuerdas,…que nadie tocara las cuerdas.,Noun,noun,,,,,,,,,,,,,,,,,,,en,strings,,,,,,,,
cuernos,El animal tiene cuernos,Noun,,,,,,,,,,,,,,,,,,,,en,"horns, antlers, feelers",,,,,,,,
cuerpo,si yo tuviera cuerpo físico usted,Noun,noun,,,,,,,,,,,,,,,,,,,en,body; corps,,,,,,,,
cuerpos,…han arrojado con los cuerpos difuntos de sus amos…,Noun,noun,,,,,,,,,,,,,,,,,,,en,bodies,en,"n. (anatomy): body; (assembly): group, squad",en,"bodies, corpses",,,,
cuestión,…con el mayordomo una cuestión de aparcerías volvió al…,Noun,,,,,,,,,,,,,,,,,,,,en,question,,,,,,,,
cuestionamiento,"…igualdad, la rebeldía, el cuestionamiento,",Noun,noun,,,,,,,,,,,,,,,,,,,en,questioning,,,,,,,,
cuestionamos,"…vida, y cuando nos cuestionamos eso, las creencias erróneas…",Verb,presente,nosotros,cuestionar,verbo,nosotros,presente,cuestionar,,,,,,,,,,,,,en,(we) question,,,,,,,,
cuestiones,cuestiones normales del día a…,Verb,tú,subjuntivo presente,cuestionar,Noun,verb,noun,tú,subjuntivo presente,cuestionar,,,,,,,,,,,en,issues,,,,,,,,
cueva,…se encontró con una cueva que nunca había visto…,Noun,sustantivo,,,,,,,,,,,,,,,,,,,en,cave,,,,,,,,
cuevas,"…viviendas privadas, edificios desiertos, cuevas, cerca de las tumbas…",Noun,,,,,,,,,,,,,,,,,,,,en,"cueva (f) = cave, cavern; pothole; cellar; nest",,,,,,,,
cuidado,Cuidado!,Verb,yo,pretérito perfecto compuesto,cuidar,cuidarse,Adjective,Noun,sustantivo,adjetivo,verbo,cuidar,yo,pretérito perfecto compuesto,cuidarse,,,,,,,en,"care, attention",,,,,,,,
cuidadosa,"…pasteles,¡ pero sé muy cuidadosa!",Adjective,adjective,,,,,,,,,,,,,,,,,,,en,careful,,,,,,,,
cuidarla,"…días, me dediqué a cuidarla, a darle agua todas…",,,,,,,,,,,,,,,,,,,,,en,to take care of her,,,,,,,,
culpa,…hecho todos. Por mi culpa.,Verb,él/ella/ud.,presente,culpar,culparse,Noun,sustantivo,verbo,culpar,presente,él/ella/ud.,culparse,,,,,,,,,en,"guilt, fault",,,,,,,,
culto,…único dedicado exclusivamente al culto de adoración.,Noun,,,,,,,,,,,,,,,,,,,,en,"worship (el culto), educated, cultured (culto -ta)",,,,,,,,
culturas,"…mestizaje, sobre mezcla de culturas, las sensaciones que tuve…",Verb,presente,tú,culturar,Noun,tú,verbo,presente,culturar,,,,,,,,,,,,en,cultures,,,,,,,,
cumpleaños,…comprarle una para su cumpleaños.,Noun,,,,,,,,,,,,,,,,,,,,en,birthday,,,,,,,,
cumplen,…estos hábitos no se cumplen?,Verb,presente,ellos/ellas/uds.,cumplir,cumplirse,verb,presente,cumplir,ellos/ellas/uds.,cumplirse,,,,,,,,,,,en,fulfill,,,,,,,,
cumplimente,"…PERFECTA, IDEAL, que nos cumplimente en todos los sentidos?",Verb,él/ella/ud.,imperativo,cumplimentar,imperativo,verbo,él/ella/ud.,cumplimentar,,,,,,,,,,,,,en,complete,,,,,,,,
cumplirlas,llegado a cumplirlas?,,,,,,,,,,,,,,,,,,,,,en,meet them,,,,,,,,
curiosamente,"…batalla campal! Pero en CuriosaMente creemos que,",Adverb,Noun,noun,adverb,,,,,,,,,,,,,,,,,en,Curiously,,,,,,,,
curvados,…labios pálidos están ligeramente curvados hacia arriba y alguien…,,,,,,,,,,,,,,,,,,,,,en,curved,,,,,,,,
custodiarlas,…Torres] Debemos custodiarlas hasta que aparezca.,,,,,,,,,,,,,,,,,,,,,en,"to have custody of, guard, watch over (them (f.))",,,,,,,,
daba,"…al principio les... les daba un poco de miedo,¿…",Verb,yo,indicativo pretérito imperfecto,dar,darse,darse,verbo,dar,yo,indicativo pretérito imperfecto,,,,,,,,,,,en,gave,,,,,,,,
dado,"En un momento dado, comencé a pensar en…",Verb,yo,pretérito perfecto compuesto,dar,darse,Noun,verb,noun,darse,dar,yo,pretérito perfecto compuesto,,,,,,,,,en,given,,,,,,,,
dañada,…frontal derecho quedó gravemente dañada,Adjective,adjective,,,,,,,,,,,,,,,,,,,en,damaged,,,,,,,,
dañado,…todavía el motor estaba dañado y yo ya estaba…,Verb,yo,pretérito perfecto compuesto,dañar,dañarse,verb,dañar,yo,pretérito perfecto compuesto,dañarse,,,,,,,,,,,en,damaged,,,,,,,,
dañinos,"…los otros se consideran dañinos. Por su parte, la…",Adjective,adjective,,,,,,,,,,,,,,,,,,,en,harmful,,,,,,,,
daño,…que me haría más daño del que yo le…,Verb,yo,presente,dañar,dañarse,Noun,sustantivo,verbo,dañar,presente,yo,dañarse,,,,,,,,,en,damage,,,,,,,,
daos,…Pues daos prisa y empezad!,Verb,imperativo,darse,verb,darse,imperativo,,,,,,,,,,,,,,,en,hurry up,,,,,,,,
darle,…muchas precauciones antes de darle la noticia de la…,,,,,,,,,,,,,,,,,,,,,en,dar v. give,,,,,,,,
dársenas,Ni las dársenas ni los docks de…,,,,,,,,,,,,,,,,,,,,,en,docks,,,,,,,,
datos,"…Desirée Yépez, verificadora de datos y periodista en El…",Noun,,,,,,,,,,,,,,,,,,,,en,information; data,,,,,,,,
debe,"Entonces usted, señora, debe desprenderla y enchufarla en…",Verb,él/ella/ud.,presente,deber,deberse,Adjective,Noun,verbo,deber,presente,él/ella/ud.,deberse,,,,,,,,,en,He must,,,,,,,,
debemos,"…un camino que todos debemos aprender, si, como yo,…",Verb,presente,nosotros,deber,deberse,Adjective,verbo,nosotros,deber,presente,deberse,,,,,,,,,,en,We must,,,,,,,,
deben,deben entrar con el pie…,Verb,presente,ellos/ellas/uds.,deber,deberse,Adjective,verb,adjective,deber,presente,ellos/ellas/uds.,deberse,,,,,,,,,en,they must,,,,,,,,
deberán,…está observando y que deberán rendir cuentas por sus…,Verb,ellos/ellas/uds.,futuro,deber,deberse,verb,deber,futuro,ellos/ellas/uds.,deberse,,,,,,,,,,,en,they must,,,,,,,,
debían,creyó que los cargos debían ser mucho más serios.,Verb,indicativo pretérito imperfecto,ellos/ellas/uds.,deber,deberse,Adjective,adjetivo,verbo,deber,ellos/ellas/uds.,deberse,indicativo pretérito imperfecto,,,,,,,,,en,they should,,,,,,,,
debido,Debido a su interés en…,Verb,yo,pretérito perfecto compuesto,deber,deberse,Adjective,Adverb,adjetivo,adverbio,verbo,deber,yo,pretérito perfecto compuesto,deberse,,,,,,,en,"adj. due, owed; right",,,,,,,,
debieron,…Sus pasillos le debieron parecer enormes mientras la…,Verb,pretérito perfecto simple,ellos/ellas/uds.,deber,deberse,verbo,deber,pretérito perfecto simple,ellos/ellas/uds.,deberse,,,,,,,,,,,en,should,en,they must,en,They should have/must have  (preterite),,,,
débil,…con una voz muy débil.,Adjective,Noun,noun,adjective,,,,,,,,,,,,,,,,,en,"adj. weak, feeble",,,,,,,,
debilidad,Una gran debilidad.,Noun,sustantivo,,,,,,,,,,,,,,,,,,,en,weakness,,,,,,,,
debo,"Por tanto, yo debo ser feliz por mí…",Verb,yo,presente,deber,deberse,Adjective,Noun,verbo,deber,presente,yo,deberse,,,,,,,,,en,"[v:deber] should, shall; must; owe",,,,,,,,
decidido,…Felipe y yo hemos decidido ir a una cafetería…,Verb,yo,pretérito perfecto compuesto,decidir,decidirse,Adjective,Noun,verbo,yo,decidir,pretérito perfecto compuesto,decidirse,,,,,,,,,en,decided,,,,,,,,
decidirá,Eso lo decidirá el Consejo.,Verb,él/ella/ud.,futuro,decidir,decidirse,verb,futuro,decidir,decidirse,él/ella/ud.,,,,,,,,,,,en,will decide,,,,,,,,
decírtelo,"Sí, quería decírtelo.",,,,,,,,,,,,,,,,,,,,,en,tell you it,,,,,,,,
decreto,"…pronuncio la orden, el decreto que es sumamente prohibido…",Verb,yo,presente,decretar,decretarse,Noun,verb,noun,presente,yo,decretar,decretarse,,,,,,,,,en,decree,,,,,,,,
dedo,niño apuntó con el dedo,Noun,,,,,,,,,,,,,,,,,,,,en,"(m)n. digit, finger; spot, speck",,,,,,,,
degolló,"…allí un jabatillo, lo degolló, le sacó los pulmones…",Verb,pretérito perfecto simple,él/ella/ud.,degollar,verb,pretérito perfecto simple,él/ella/ud.,degollar,,,,,,,,,,,,,en,he slit,,,,,,,,
deja,…en qué situación le deja a uno?,Verb,él/ella/ud.,presente,dejar,dejarse,Noun,dejar,verbo,presente,dejarse,él/ella/ud.,,,,,,,,,,en,to leave,,,,,,,,
dejaba,…a la finca; se dejaba interesar lentamente por la…,Verb,yo,indicativo pretérito imperfecto,dejar,dejarse,dejar,verbo,yo,dejarse,indicativo pretérito imperfecto,,,,,,,,,,,en,"leave, quit; forsake, abandon; lend; forget; drop; put down; yield, produce; give up; stop",,,,,,,,
dejad,Dejad de robar historias. Vivid…,Verb,imperativo,vosotros,dejar,dejar,imperativo,verbo,vosotros,,,,,,,,,,,,,en,let,,,,,,,,
dejadas,…de marcas y cicatrices dejadas por la jeringa.,,,,,,,,,,,,,,,,,,,,,en,left,,,,,,,,
dejado,…cuartucho que nos han dejado para el club de…,Verb,yo,pretérito perfecto compuesto,dejar,dejarse,dejar,verbo,yo,pretérito perfecto compuesto,dejarse,,,,,,,,,,,en,"lost, legacy; left",,,,,,,,
déjala,"Rai, déjala, que está cagada.",,,,,,,,,,,,,,,,,,,,,en,"leave it, her",,,,,,,,
déjame,"…Oye amigo, déjame ser el siguiente!” dijo…",Noun,noun,,,,,,,,,,,,,,,,,,,en,let me,,,,,,,,
dejar,…voy a tener que dejar de follar contigo.,Verb,participio pasado,verbo,participio pasado,,,,,,,,,,,,,,,,,en,stop,,,,,,,,
dejarla,Si pudiera dejarla salir aunque sólo fuera…,,,,,,,,,,,,,,,,,,,,,en,leave,,,,,,,,
dejaros,…tenéis que hacer es dejaros llevar.,,,,,,,,,,,,,,,,,,,,,en,let yourselves,,,,,,,,
dejarte,"…contuviera, te susurra para dejarte entrar.",,,,,,,,,,,,,,,,,,,,,en,let you,,,,,,,,
dejé,"...años de edad yo dejé de hacer dibujos, yo...",Verb,yo,pretérito perfecto simple,dejar,dejarse,dejar,verbo,yo,pretérito perfecto simple,dejarse,,,,,,,,,,,en,left,,,,,,,,
dejemos,"…CIPIÓN.— Berganza amigo, dejemos esta noche el Hospital…",Verb,imperativo,nosotros,subjuntivo presente,dejar,dejarse,verb,dejar,imperativo,nosotros,subjuntivo presente,dejarse,,,,,,,,,en,"we leave, quit, forsake, abandon",,,,,,,,
déjennos,Déjennos pasar.,,,,,,,,,,,,,,,,,,,,,en,let us,,,,,,,,
dejes,"…Sí, pero no dejes ciego a Boris.- Eso…",Verb,tú,subjuntivo presente,dejar,dejarse,verb,dejar,tú,subjuntivo presente,dejarse,,,,,,,,,,,en,allow,,,,,,,,
dejo,Aquí te dejo una historia un poco…,Verb,yo,presente,dejar,dejarse,Noun,sustantivo,dejar,verbo,presente,yo,dejarse,,,,,,,,,en,"(dejar) leave, quit; forsake; lend; forget; put down",,,,,,,,
dejó,…que su mujer le dejó. Puede parecer un suicidio.,Verb,pretérito perfecto simple,él/ella/ud.,dejar,dejarse,dejar,verbo,pretérito perfecto simple,dejarse,él/ella/ud.,,,,,,,,,,,en,"stop, quit, leave, let",,,,,,,,
delante,…queda a nosotros por delante.,Adverb,Noun,noun,adverb,,,,,,,,,,,,,,,,,en,in front,,,,,,,,
delgada,"Era delgada y tenía buen cuerpo,…",Adjective,Noun,sustantivo,adjetivo,,,,,,,,,,,,,,,,,en,thin,,,,,,,,
delgado,pero delgado y pequeño hacia la…,Adjective,Noun,sustantivo,adjetivo,,,,,,,,,,,,,,,,,en,"adj. thin, slim, slight; flimsy",,,,,,,,
delincuente,…indocumentado es considerado un delincuente.,Noun,,,,,,,,,,,,,,,,,,,,en,offender,,,,,,,,
delito,…momento...¿ cuál es mi delito?,Noun,,,,,,,,,,,,,,,,,,,,en,"crime, felony",,,,,,,,
demacrado,"…su rostro se vea demacrado, aunque apenas tiene( tenía)…",Verb,yo,pretérito perfecto compuesto,demacrar,demacrarse,verbo,yo,pretérito perfecto compuesto,demacrarse,demacrar,,,,,,,,,,,en,"emaciated, gaunt, haggard",,,,,,,,
demás,…de los padres y demás adultos.,Adjective,Pronoun,,,,,,,,,,,,,,,,,,,en,"adj. rest of, other; adv. besides",,,,,,,,
demasiado,…que sus historias son demasiado artificiosas?,Verb,pretérito perfecto compuesto,demasiarse,Pronoun,Adverb,pronombre,adverbio,verbo,pretérito perfecto compuesto,demasiarse,,,,,,,,,,,en,too much,,,,,,,,
demasiados,"Son demasiados los asesinatos,",Adjective,Pronoun,pronoun,adjective,,,,,,,,,,,,,,,,,en,too many,,,,,,,,
demencia,demencia para esta misión en…,Noun,noun,,,,,,,,,,,,,,,,,,,en,dementia,,,,,,,,
demostrarme,…cuentas haber existido para demostrarme y explicarme que yo…,,,,,,,,,,,,,,,,,,,,,en,to demonstrate; to prove (to me) *,,,,,,,,
denomina,"…pincho, como se las denomina en el norte de…",Verb,él/ella/ud.,presente,denominar,denominarse,verbo,presente,él/ella/ud.,denominarse,denominar,,,,,,,,,,,en,call,,,,,,,,
denominaciones,…por su calidad diversas denominaciones específicas de frutas y…,Noun,,,,,,,,,,,,,,,,,,,,en,"designation, appellation; denomination",,,,,,,,
denos,"Por favor, denos una oportunidad.",,,,,,,,,,,,,,,,,,,,,en,Give us,,,,,,,,
dénos,Dénos su posición.,,,,,,,,,,,,,,,,,,,,,en,Give Us,,,,,,,,
dentro,Vengo dentro de tres horas.,Adverb,Noun,,,,,,,,,,,,,,,,,,,en,"in, inside, into, within",,,,,,,,
denunciar,…por qué no quiere denunciar.,Verb,participio pasado,verbo,participio pasado,,,,,,,,,,,,,,,,,en,"denounce, inform against, announce",en,report,en,"to report; to inform against, to denounce",,,,
dependen,Como dependen de ellos para obtener…,Verb,presente,ellos/ellas/uds.,depender,verbo,presente,depender,ellos/ellas/uds.,,,,,,,,,,,,,en,"(they) depend, rely on, depend on",,,,,,,,
deprisa,"…profesora] Deprisa, por favor.",Adjective,Adverb,adjetivo,adverbio,,,,,,,,,,,,,,,,,en,"quickly, in a hurry",,,,,,,,
derecho,comenzó estudiar derecho para ser,Adjective,Noun,noun,adjective,,,,,,,,,,,,,,,,,en,law,,,,,,,,
derrame,"Y que también derrame beneficios sobre nosotros,",Verb,él/ella/ud.,imperativo,subjuntivo presente,derramar,derramarse,Noun,verb,noun,imperativo,derramar,subjuntivo presente,él/ella/ud.,derramarse,,,,,,,en,it spills,,,,,,,,
derrotar,la cámara secreta Tras derrotar una vez más a…,Verb,participio pasado,verbo,participio pasado,,,,,,,,,,,,,,,,,en,"rout, defeat; whip, beat",,,,,,,,
desacomodado,Y hallándome desacomodado y habiendo sabido que…,Verb,yo,pretérito perfecto compuesto,desacomodar,desacomodarse,verb,yo,pretérito perfecto compuesto,desacomodar,desacomodarse,,,,,,,,,,,en,"badly off, hard up, awkward, inconvenient, unemployed, out of a job",,,,,,,,
desafíos,…con muchos peligros y desafíos.,Noun,sustantivo,,,,,,,,,,,,,,,,,,,en,challenge,,,,,,,,
desaforada,"José Arcadio Buendía, cuya desaforada imaginación iba siempre más…",,,,,,,,,,,,,,,,,,,,,en,unbridled,,,,,,,,
desalojar,para que procedan a desalojar el inmueble por su…,Verb,participio pasado,verb,participio pasado,,,,,,,,,,,,,,,,,en,to evacuate,,,,,,,,
desaparece,"Sara, Rai siempre desaparece sin avisar.",Verb,él/ella/ud.,presente,desaparecer,desaparecerse,Adjective,adjetivo,desaparecer,verbo,presente,él/ella/ud.,desaparecerse,,,,,,,,,en,disappears,,,,,,,,
desaparecer,Quería desaparecer.,Verb,participio pasado,verbo,participio pasado,,,,,,,,,,,,,,,,,en,"v. disappear, go out of sight; become extinct, cease to exist",,,,,,,,
desaparecerán,…los problemas del mundo desaparecerán.,Verb,ellos/ellas/uds.,futuro,desaparecer,desaparecerse,verb,desaparecer,futuro,ellos/ellas/uds.,desaparecerse,,,,,,,,,,,en,will disappear,,,,,,,,
desaparecerla,No será difícil desaparecerla.,,,,,,,,,,,,,,,,,,,,,en,to make her disappear,,,,,,,,
desaparecidas,"…las personas desaparecidas"".",Adjective,adjective,,,,,,,,,,,,,,,,,,,en,missing,,,,,,,,
desaparecido,Cuatro días desaparecido sin contestar WhatsApp.,Verb,yo,pretérito perfecto compuesto,desaparecer,desaparecerse,Adjective,Noun,sustantivo,adjetivo,desaparecer,verbo,yo,pretérito perfecto compuesto,desaparecerse,,,,,,,en,disappeared,,,,,,,,
desaparecieron,…Vigilantes se los llevaron. Desaparecieron.,Verb,pretérito perfecto simple,ellos/ellas/uds.,desaparecer,desaparecerse,verb,desaparecer,pretérito perfecto simple,ellos/ellas/uds.,desaparecerse,,,,,,,,,,,en,They disappeared,,,,,,,,
desapercibidas,…negocio que no pasan desapercibidas.,,,,,,,,,,,,,,,,,,,,,en,unobserved,,,,,,,,
desarrollan,Las pulgas se desarrollan mediante metamorfosis desde el…,Verb,presente,ellos/ellas/uds.,desarrollar,desarrollarse,verbo,presente,desarrollarse,desarrollar,ellos/ellas/uds.,,,,,,,,,,,en,they develop,,,,,,,,
desarrollismo,…el presidente favorece el desarrollismo sobre la conservación.,,,,,,,,,,,,,,,,,,,,,en,developmentalism,,,,,,,,
desarrollo,…ambiente donde terminan su desarrollo.,Verb,yo,presente,desarrollar,desarrollarse,Noun,verbo,presente,yo,desarrollarse,desarrollar,,,,,,,,,,en,development; expansion; growth; unfolding,,,,,,,,
desarrolló,…mujer] Desde niño desarrolló una conexión con el…,Verb,pretérito perfecto simple,él/ella/ud.,desarrollar,desarrollarse,verb,desarrollarse,pretérito perfecto simple,desarrollar,él/ella/ud.,,,,,,,,,,,en,he developed,,,,,,,,
desataron,…de estos incendios se desataron en la Amazonía brasileña.,Verb,pretérito perfecto simple,ellos/ellas/uds.,desatar,desatarse,verbo,pretérito perfecto simple,ellos/ellas/uds.,desatarse,desatar,,,,,,,,,,,en,unleashed,,,,,,,,
desbandada,…y se arrastraban en desbandada turbulenta detrás de los…,Noun,noun,,,,,,,,,,,,,,,,,,,en,stampede,,,,,,,,
descansa,"…el gato, mientras éste descansa o duerme.",Verb,él/ella/ud.,presente,descansar,verbo,presente,descansar,él/ella/ud.,,,,,,,,,,,,,en,"rest, repose",,,,,,,,
descansando,"…mejor quédate en casita descansando, para que te alivies",Verb,gerundio,descansar,Adjective,verb,gerundio,adjective,descansar,,,,,,,,,,,,,en,resting,,,,,,,,
descansar,…resto del día para descansar y todo el resto…,Verb,participio pasado,verb,participio pasado,,,,,,,,,,,,,,,,,en,to rest,,,,,,,,
descanso,…sin un minuto de descanso.,Verb,yo,presente,descansar,Noun,verbo,presente,yo,descansar,,,,,,,,,,,,en,"break, rest",,,,,,,,
descansó,"Al séptimo día, descansó. Que es nuestro domingo,…",Verb,pretérito perfecto simple,él/ella/ud.,descansar,verbo,descansar,pretérito perfecto simple,él/ella/ud.,,,,,,,,,,,,,en,(he/she/you) rested,,,,,,,,
descargue,"…especial, para que se descargue automáticamente.",Verb,él/ella/ud.,imperativo,subjuntivo presente,descargar,descargarse,imperativo,verbo,subjuntivo presente,descargar,él/ella/ud.,descargarse,,,,,,,,,en,"descargar v. discharge, unload; release; download, copy files from a distant computer through a modem",,,,,,,,
descartar,No hay manera de descartar nada.,Verb,participio pasado,verb,participio pasado,,,,,,,,,,,,,,,,,en,to discard,,,,,,,,
descartas,…que estuviese muerto?¿ Así descartas que no soy el…,Verb,presente,tú,descartar,descartarse,tú,verbo,presente,descartar,descartarse,,,,,,,,,,,en,discard,,,,,,,,
descompuesto,"civilización, mi avión estaba descompuesto y yo solamente tenía",Verb,yo,pretérito perfecto compuesto,descomponer,descomponerse,Adjective,,,,,,,,,,,,,,,en,broken down,,,,,,,,
desconocen,"…siento triste porque ellos desconocen la verdad, y yo…",Verb,presente,ellos/ellas/uds.,desconocer,desconocerse,verbo,presente,desconocer,ellos/ellas/uds.,desconocerse,,,,,,,,,,,en,"disclaim, disavow, disown",,,,,,,,
desconocida,…a una empresa tan desconocida,Adjective,Noun,sustantivo,adjetivo,,,,,,,,,,,,,,,,,en,unknown,,,,,,,,
describía,Así me lo describía la señora Camelia.,Verb,yo,indicativo pretérito imperfecto,describir,verbo,yo,describir,indicativo pretérito imperfecto,,,,,,,,,,,,,en,I/he/she/it described,,,,,,,,
descritas,"Existen casi 50.000 especies descritas, y se estima que…",,,,,,,,,,,,,,,,,,,,,en,"described, put in words, exposed (of facts, argument)",,,,,,,,
descubierta,"…formación Vaca Muerta, fue descubierta por el geólogo estadounidense…",,,,,,,,,,,,,,,,,,,,,en,discovered,,,,,,,,
descubierto,"…Y quién ha descubierto al payaso, eh?",Verb,yo,pretérito perfecto compuesto,descubrir,descubrirse,verbo,yo,descubrir,pretérito perfecto compuesto,descubrirse,,,,,,,,,,,en,"opened; exposed, uncovered; bareheaded",,,,,,,,
descubrimiento,…charla acerca de su descubrimiento.,Noun,noun,,,,,,,,,,,,,,,,,,,en,discovery,,,,,,,,
descubrimientos,Los científicos buscan descubrimientos. Formas de hacer del…,Noun,noun,,,,,,,,,,,,,,,,,,,en,discoveries,,,,,,,,
descubrió,Alicia lo descubrió antes de que pudiese…,Verb,pretérito perfecto simple,él/ella/ud.,descubrir,descubrirse,verbo,descubrir,pretérito perfecto simple,él/ella/ud.,descubrirse,,,,,,,,,,,en,Discovered,,,,,,,,
descuidado,"Qué descuidado, Kinshiki.",Verb,yo,pretérito perfecto compuesto,descuidar,descuidarse,Adjective,verb,adjective,yo,descuidar,pretérito perfecto compuesto,descuidarse,,,,,,,,,en,"careless, negligent",,,,,,,,
descuide,"…caballero, esta zona está...- Descuide, no hay problema.",Verb,él/ella/ud.,imperativo,subjuntivo presente,descuidar,descuidarse,verb,imperativo,descuidar,subjuntivo presente,él/ella/ud.,descuidarse,,,,,,,,,en,don't worry,,,,,,,,
desde,…y lo sé probablemente desde el día de mi…,Verb,él/ella/ud.,imperativo,desdar,Noun,Preposition,imperativo,verbo,él/ella/ud.,desdar,,,,,,,,,,,en,Since,,,,,,,,
deseas,"…eso es lo que deseas”, dijeron los otros chivitos,…",Verb,presente,tú,desear,verb,desear,tú,presente,,,,,,,,,,,,,en,you wish,,,,,,,,
desechos,…del suelo o los desechos orgánicos del exterior.,Noun,,,,,,,,,,,,,,,,,,,,en,waste,,,,,,,,
desempaquetados,…un muestrario de paños desempaquetados— Samsa era viajante de…,,,,,,,,,,,,,,,,,,,,,en,unpacked,,,,,,,,
desencadenantes,…muertos son los factores desencadenantes más comunes de la…,Noun,,,,,,,,,,,,,,,,,,,,en,which cause,,,,,,,,
desenclavarse,"…los tornillos tratando de desenclavarse, y aun los objetos…",,,,,,,,,,,,,,,,,,,,,en,to unhinge themselves,,,,,,,,
desenvuelven,…cuando los hechos se desenvuelven lentamente ante los ojos…,Verb,presente,ellos/ellas/uds.,desenvolver,desenvolverse,verb,desenvolver,presente,ellos/ellas/uds.,desenvolverse,,,,,,,,,,,en,unfold,,,,,,,,
deseo,…Ariel le concedió un deseo como recompensa.,Verb,yo,presente,desear,Adverb,Noun,sustantivo,desear,adverbio,verbo,presente,yo,,,,,,,,,en,wish,,,,,,,,
desesperadamente,desesperadamente cualquier información sobre la…,Adverb,adverb,,,,,,,,,,,,,,,,,,,en,desperately,,,,,,,,
desgarrándose,…carne desgarrándose y sangre a borbotones],,,,,,,,,,,,,,,,,,,,,en,tearing themselves,,,,,,,,
desgraciadamente,"Y desgraciadamente yo abandoné mi pasión,…",Adverb,Noun,sustantivo,adverbio,,,,,,,,,,,,,,,,,en,"adv. sadly, unfortunately",,,,,,,,
desgracias,"mis problemas, de mis desgracias, ¿sabes",Verb,presente,tú,desgraciar,desgraciarse,Noun,,,,,,,,,,,,,,,en,misfortunes,,,,,,,,
deshacernos,…porque nos ayuda a deshacernos de un montón de…,,,,,,,,,,,,,,,,,,,,,en,to get rid,,,,,,,,
deshollinarlos,"Tengo que destaparlos, deshollinarlos todos los días porque…",,,,,,,,,,,,,,,,,,,,,en,to clean them,,,,,,,,
desholliné,"Así que una mañana desholliné mis volcanes, destapé los…",Verb,yo,pretérito perfecto simple,deshollinar,verb,yo,pretérito perfecto simple,deshollinar,,,,,,,,,,,,,en,I cleaned,,,,,,,,
deshonrar,"…antiguo“ sneypa”, que significaba‘ deshonrar'.",Verb,participio pasado,verb,participio pasado,,,,,,,,,,,,,,,,,en,to dishonor,,,,,,,,
desigualdad,…en pobreza… y en desigualdad.,Noun,noun,,,,,,,,,,,,,,,,,,,en,inequality,,,,,,,,
desigualdades,…dedicado a limar las desigualdades entre hombres y,Noun,noun,,,,,,,,,,,,,,,,,,,en,inequalities,,,,,,,,
desilusión,…yo sufría la gran desilusión que la persona no…,Noun,sustantivo,,,,,,,,,,,,,,,,,,,en,disappointment,,,,,,,,
desilusionado,Yo estaba desilusionado porque las personas mayores…,Verb,yo,pretérito perfecto compuesto,desilusionar,desilusionarse,Adjective,verb,adjective,yo,pretérito perfecto compuesto,desilusionar,desilusionarse,,,,,,,,,en,disillusioned,,,,,,,,
desmayo,"…de Bolton, tuvo un desmayo, del que nunca se…",Verb,yo,presente,desmayar,desmayarse,Noun,sustantivo,verbo,presente,yo,desmayarse,desmayar,,,,,,,,,en,faint,,,,,,,,
desmorona,"…aquí abajo, todo se desmorona.",Verb,él/ella/ud.,presente,desmoronar,desmoronarse,verb,presente,él/ella/ud.,desmoronar,desmoronarse,,,,,,,,,,,en,"crumble, fall to pieces",,,,,,,,
desobedecer,no se atreve a desobedecer,Verb,participio pasado,,,,,,,,,,,,,,,,,,,en,disobey,,,,,,,,
desocupado,…a entregar el mismo desocupado.,Verb,yo,pretérito perfecto compuesto,desocupar,desocuparse,Adjective,verb,adjective,yo,pretérito perfecto compuesto,desocupar,desocuparse,,,,,,,,,en,unoccupied,,,,,,,,
despacho,…cuando fue a su despacho ayer…,Verb,yo,presente,despachar,despacharse,Noun,sustantivo,verbo,presente,yo,despacharse,despachar,,,,,,,,,en,Office,,,,,,,,
despachos,…en ninguno de los despachos mercantiles de la City.,,,,,,,,,,,,,,,,,,,,,en,"(m) n. office; chamber; dispatch; handling; study,  shop",,,,,,,,
despavorida,…chilla despavorida],,,,,,,,,,,,,,,,,,,,,en,aghast,,,,,,,,
despavorido,…grita despavorido],,,,,,,,,,,,,,,,,,,,,en,"aghast, terrified",,,,,,,,
despecho,"…sus ayudantes, con taciturno despecho, se retira del frente…",Verb,yo,presente,despechar,Noun,verbo,presente,yo,despechar,,,,,,,,,,,,en,"spite, spitefulness",,,,,,,,
despedido,"…octubre, Phileas Fogg había despedido a James Foster, por…",Verb,yo,pretérito perfecto compuesto,despedir,despedirse,Adjective,verb,despedir,adjective,yo,despedirse,pretérito perfecto compuesto,,,,,,,,,en,dismissed,,,,,,,,
despedirse,"…temprano y fue a despedirse de su amiga, la…",Verb,participio pasado,Noun,verb,noun,participio pasado,,,,,,,,,,,,,,,en,to say goodbye,,,,,,,,
desperdicio,Qué desperdicio.,Verb,yo,presente,desperdiciar,Noun,sustantivo,verbo,presente,yo,desperdiciar,,,,,,,,,,,en,"waste, misspend, scatter",,,,,,,,
despertado,"…de la mañana, había despertado al señor Vernon Dursley…",Verb,yo,pretérito perfecto compuesto,despertar,despertarse,despertarse,verbo,despertar,yo,pretérito perfecto compuesto,,,,,,,,,,,en,"v. awaken, wake up, arouse (i.e. from sleep); enthuse, rouse",,,,,,,,
despertar,despertar.,Verb,participio pasado,Noun,verb,noun,participio pasado,,,,,,,,,,,,,,,en,to wake up,,,,,,,,
despertarles,…todo es cuestión de despertarles el ánima».,,,,,,,,,,,,,,,,,,,,,en,to awaken them,,,,,,,,
despertaste,…ME DESPERTASTE!,Verb,pretérito perfecto simple,tú,despertar,despertarse,verb,despertarse,tú,despertar,pretérito perfecto simple,,,,,,,,,,,en,You woke up,,,,,,,,
despidiendo,"Bueno, se estaba despidiendo de mí porque me",Verb,gerundio,despedir,,,,,,,,,,,,,,,,,,en,"dismissing, terminating, firing",,,,,,,,
despierto,…sé si ya estoy despierto,Verb,yo,presente,despertar,despertarse,Adjective,Adverb,verb,despertarse,adjective,despertar,presente,yo,adverb,,,,,,,en,wake up,,,,,,,,
desplazan,Las larvas se desplazan a lugares cálidos y…,Verb,presente,ellos/ellas/uds.,desplazar,desplazarse,verbo,desplazar,presente,ellos/ellas/uds.,desplazarse,,,,,,,,,,,en,"displace, move",,,,,,,,
desplazarse,"…alfombras( una larva puede desplazarse 40 cm), las grietas de…",Verb,participio pasado,verbo,participio pasado,,,,,,,,,,,,,,,,,en,"to move about, travel",,,,,,,,
desplegaos,Desplegaos y reuníos después. Ya…,Verb,imperativo,desplegarse,verb,imperativo,desplegarse,,,,,,,,,,,,,,,en,unfold yourselves,,,,,,,,
desplomado,acción se ha desplomado más de un70%.,Verb,yo,pretérito perfecto compuesto,desplomar,desplomarse,verbo,yo,pretérito perfecto compuesto,desplomarse,desplomar,,,,,,,,,,,en,collapsed,,,,,,,,
desplomó,El gigante se desplomó desde el cielo.,Verb,pretérito perfecto simple,él/ella/ud.,desplomar,desplomarse,verb,pretérito perfecto simple,él/ella/ud.,desplomarse,desplomar,,,,,,,,,,,en,collapsed,,,,,,,,
desprenderla,"Entonces usted, señora, debe desprenderla y enchufarla en un…",,,,,,,,,,,,,,,,,,,,,en,"release, remove, detach",,,,,,,,
después,"Esa tarde, después de escribir una carta…",Adverb,Noun,,,,,,,,,,,,,,,,,,,en,"after,  then",,,,,,,,
destacaba,"…lectura al acta, que destacaba los méritos de cada…",Verb,yo,indicativo pretérito imperfecto,destacar,destacarse,verbo,destacar,yo,destacarse,indicativo pretérito imperfecto,,,,,,,,,,,en,"destacar -  v.  distinguish, stand out; draft; class; detach",,,,,,,,
destacar,"…estas tierras, hay que destacar por su calidad diversas…",Verb,participio pasado,verbo,participio pasado,,,,,,,,,,,,,,,,,en,Highlight,,,,,,,,
destapando,"…y matando baobabs y destapando mis volcanes, de pronto,…",Verb,gerundio,destapar,verb,gerundio,destapar,,,,,,,,,,,,,,,en,uncovering,,,,,,,,
destaparlos,"Tengo que destaparlos, deshollinarlos todos los días…",,,,,,,,,,,,,,,,,,,,,en,to uncover them,,,,,,,,
destapas,Yo:¿ Tú solo destapas los volcanes?,Verb,presente,tú,destapar,destaparse,verb,tú,presente,destaparse,destapar,,,,,,,,,,,en,you uncover,,,,,,,,
destornillador,"Dejé caer el destornillador al suelo, me volteé",,,,,,,,,,,,,,,,,,,,,en,screwdriver,,,,,,,,
destornillando,Yo justo estaba destornillando un tornillo cuando de,Verb,gerundio,destornillar,,,,,,,,,,,,,,,,,,en,unscrewing,,,,,,,,
destreza,"…la justicia, rectitud y destreza. Además, diestro viene de…",Noun,noun,,,,,,,,,,,,,,,,,,,en,"skill, dexterity; fencing; artfulness",,,,,,,,
destruidos,"…eran frecuentemente censuradas o destruidos ya que, por lo…",Adjective,adjetivo,,,,,,,,,,,,,,,,,,,en,destroyed,,,,,,,,
destruir,…con el fin de destruir los insectos nocivos.,Verb,participio pasado,verb,participio pasado,,,,,,,,,,,,,,,,,en,to destroy,,,,,,,,
destruirte,…cómo el mundo intente destruirte.,,,,,,,,,,,,,,,,,,,,,en,to destroy you,,,,,,,,
desventajosa,…tener una reacción tan desventajosa?,,,,,,,,,,,,,,,,,,,,,en,"disadvantageous, unfavourable, unfavorable",,,,,,,,
desvirgue,"…favor, que alguien le desvirgue.",Verb,él/ella/ud.,imperativo,desvirgar,imperativo,verbo,él/ella/ud.,desvirgar,,,,,,,,,,,,,en,Deflect,,,,,,,,
detalle,Es el único detalle que ha tenido la…,Verb,él/ella/ud.,imperativo,detallar,Adjective,Noun,imperativo,verbo,detallar,él/ella/ud.,,,,,,,,,,,en,detail,,,,,,,,
detalles,…tiene que investigar más detalles en torno al caso…,Verb,tú,subjuntivo presente,detallar,Noun,tú,verbo,detallar,subjuntivo presente,,,,,,,,,,,,en,details,,,,,,,,
detener,…a las autoridades policiales detener a toda persona que…,Verb,participio pasado,verbo,participio pasado,,,,,,,,,,,,,,,,,en,stop,,,,,,,,
detengan,…pirata4]¡ No!-[ pirata5]¡ Detengan esa línea!,Verb,ellos/ellas/uds.,imperativo,subjuntivo presente,detener,detenerse,imperativo,verbo,subjuntivo presente,detenerse,ellos/ellas/uds.,detener,,,,,,,,,en,"stop, detain",,,,,,,,
detrás,…cuando empezamos a escarbar detrás de las creencias que…,Adverb,Noun,,,,,,,,,,,,,,,,,,,en,behind,,,,,,,,
detuvieron,"Finalmente, se detuvieron, y la madrastra se…",Verb,pretérito perfecto simple,ellos/ellas/uds.,detener,detenerse,verb,pretérito perfecto simple,detenerse,ellos/ellas/uds.,detener,,,,,,,,,,,en,they stopped,,,,,,,,
devastara,…entre agosto y septiembre- devastara extensas áreas de la…,Verb,yo,subjuntivo pretérito imperfecto,devastar,verbo,yo,devastar,subjuntivo pretérito imperfecto,,,,,,,,,,,,,en,Will devastate,,,,,,,,
devoción,…y merecedor de mí devoción.,Noun,,,,,,,,,,,,,,,,,,,,en,devotion,,,,,,,,
devorado,…en peligro de ser devorado por tu oveja.,Verb,yo,pretérito perfecto compuesto,devorar,devorarse,verb,yo,pretérito perfecto compuesto,devorar,devorarse,,,,,,,,,,,en,devoured,,,,,,,,
devorando,…estáis viendo es“ Saturno devorando a sus hijos” de…,Verb,gerundio,devorar,verb,gerundio,devorar,,,,,,,,,,,,,,,en,devouring,,,,,,,,
diablos,"Monstruos, diablos,",Noun,sustantivo,,,,,,,,,,,,,,,,,,,en,devils,,,,,,,,
dibujando,"...en vez de seguir dibujando, en vez de seguir...",Verb,gerundio,dibujar,gerundio,verbo,dibujar,,,,,,,,,,,,,,,en,Drawing,,,,,,,,
dibujé,Yo entonces dibujé una pequeña caja y…,Verb,yo,pretérito perfecto simple,dibujar,dibujarse,verb,yo,pretérito perfecto simple,dibujar,dibujarse,,,,,,,,,,,en,I drew,,,,,,,,
dibujo,"…la trama, por el dibujo de los personajes.",Verb,yo,presente,dibujar,dibujarse,Noun,verbo,presente,yo,dibujar,dibujarse,,,,,,,,,,en,picture; design; sketch; drawing,,,,,,,,
dibujos,…día comencé a hacer dibujos.,Noun,sustantivo,,,,,,,,,,,,,,,,,,,en,"drawings, graphics, pictures",,,,,,,,
dice,…vez sea cierto... se dice que todos tenemos una…,Verb,él/ella/ud.,presente,decir,Adjective,Noun,verbo,decir,presente,él/ella/ud.,,,,,,,,,,,en,say,,,,,,,,
dicho,…veces que se ha dicho que ya,Verb,yo,pretérito perfecto compuesto,decir,Adjective,Pronoun,verbo,decir,yo,pretérito perfecto compuesto,,,,,,,,,,,en,said,,,,,,,,
dicta,"…recorre baluartes y trincheras, dicta órdenes:",Verb,él/ella/ud.,presente,dictar,verbo,presente,dictar,él/ella/ud.,,,,,,,,,,,,,en,dictates,,,,,,,,
didácticas,"…bajo las tranquilas y didácticas maneras de mi compañero,…",,,,,,,,,,,,,,,,,,,,,en,"didactic, teaching",,,,,,,,
diera,…tiempo para que le diera las gracias.,Verb,yo,subjuntivo pretérito imperfecto,dar,darse,verb,darse,dar,yo,subjuntivo pretérito imperfecto,,,,,,,,,,,en,give,,,,,,,,
diestros,…y el resto son diestros.,Adjective,adjective,,,,,,,,,,,,,,,,,,,en,right-handed,,,,,,,,
dificultades,"…a pesar de las dificultades, pero bueno, después me…",Noun,,,,,,,,,,,,,,,,,,,,en,difficulties,,,,,,,,
difunde,…de la deforestación se difunde meses después de que…,Verb,él/ella/ud.,presente,difundir,difundirse,verbo,presente,él/ella/ud.,difundir,difundirse,,,,,,,,,,,en,"spread, diffuse, transmit",,,,,,,,
digas,No digas eso.,Verb,tú,subjuntivo presente,decir,tú,verbo,decir,subjuntivo presente,,,,,,,,,,,,,en,"you say, tell, utter",,,,,,,,
digo,Le digo que me enseñe sus…,Verb,yo,presente,decir,Adjective,Noun,verbo,decir,presente,yo,,,,,,,,,,,en,say,,,,,,,,
dijeron,…bravo el mar. Lo dijeron en las noticias.,Verb,pretérito perfecto simple,ellos/ellas/uds.,decir,Noun,verb,noun,decir,pretérito perfecto simple,ellos/ellas/uds.,,,,,,,,,,,en,they said,,,,,,,,
dijo,"…Josephine quien se lo dijo, con frases entrecortadas e…",Verb,pretérito perfecto simple,él/ella/ud.,decir,Noun,sustantivo,verbo,decir,pretérito perfecto simple,él/ella/ud.,,,,,,,,,,,en,Said,,,,,,,,
dilatan,"…público. Tus pupilas se dilatan, tu respiración",Verb,presente,ellos/ellas/uds.,dilatar,dilatarse,dilatar,verbo,presente,ellos/ellas/uds.,dilatarse,,,,,,,,,,,en,"v. they dilate, expand",,,,,,,,
dime,…me resisto al verte( dime),Verb,él/ella/ud.,presente,dimir,Noun,verbo,presente,dimir,él/ella/ud.,,,,,,,,,,,,en,tell me,,,,,,,,
diminutas,…y hacía brillar sus diminutas piedrecitas blancas.,Adjective,adjective,,,,,,,,,,,,,,,,,,,en,tiny,,,,,,,,
diminuto,"…Acari, del griego akarés,"" diminuto"","" que no se corta""),…",Adjective,,,,,,,,,,,,,,,,,,,,en,"tiny, minute",,,,,,,,
dimos,"Los jurados dimos lectura al acta, que…",Verb,pretérito perfecto simple,nosotros,dar,darse,darse,verbo,dar,nosotros,pretérito perfecto simple,,,,,,,,,,,en,we gave,,,,,,,,
dios,Los caminos de Dios nunca son fáciles.,Pronoun,Noun,pronoun,noun,,,,,,,,,,,,,,,,,en,God,,,,,,,,
dioses,…padre de todos los dioses y,Noun,noun,,,,,,,,,,,,,,,,,,,en,gods,,,,,,,,
diré,Se los diré.,Verb,yo,futuro,decir,verbo,decir,yo,futuro,,,,,,,,,,,,,en,I will say (future indicative),,,,,,,,
dirige,"…su mejor amigo, se dirige a Hogwarts en un…",Verb,él/ella/ud.,presente,dirigir,dirigirse,verbo,dirigirse,dirigir,presente,él/ella/ud.,,,,,,,,,,,en,manage,,,,,,,,
dirigentes,Te buscan unos dirigentes del Movimiento Sin Tierra.,Noun,noun,,,,,,,,,,,,,,,,,,,en,leaders,,,,,,,,
dirigiera,…a la comunidad y dirigiera un entrenamiento o un…,Verb,yo,subjuntivo pretérito imperfecto,dirigir,dirigirse,verbo,dirigirse,dirigir,yo,subjuntivo pretérito imperfecto,,,,,,,,,,,en,directed,,,,,,,,
discos,Es los discos mexicanos que toca mi…,Noun,sustantivo,,,,,,,,,,,,,,,,,,,en,discs; records,,,,,,,,
disculpar,"Me van a disculpar, pero como tengo que…",Verb,participio pasado,verbo,participio pasado,,,,,,,,,,,,,,,,,en,to excuse,,,,,,,,
discurso,"…grado de intensidad del discurso,¿ no?",Verb,yo,presente,discursar,Noun,verbo,presente,yo,discursar,,,,,,,,,,,,en,speech,,,,,,,,
discutida,"aunque está muy discutida, es que venga de…",,,,,,,,,,,,,,,,,,,,,en,"discussed, more like disputed",,,,,,,,
discutido,Hablamos de un tema discutido hasta la saciedad en…,Verb,yo,pretérito perfecto compuesto,discutir,verb,yo,discutir,pretérito perfecto compuesto,,,,,,,,,,,,,en,discussed,,,,,,,,
discutiendo,"Harry quería seguir discutiendo, pero un eructo estruendoso…",Verb,gerundio,discutir,gerundio,verbo,discutir,,,,,,,,,,,,,,,en,"discuss, debate, talk over, argue",,,,,,,,
discutir,…a su apoderado y discutir con el mayordomo una…,Verb,participio pasado,verbo,participio pasado,,,,,,,,,,,,,,,,,en,discuss,,,,,,,,
diseñada,especial diseñada específicamente para saltarse la…,,,,,,,,,,,,,,,,,,,,,en,"design, devise",,,,,,,,
disfraces,…a una fiesta de disfraces.,Verb,tú,subjuntivo presente,disfrazar,disfrazarse,Noun,sustantivo,tú,verbo,subjuntivo presente,disfrazar,disfrazarse,,,,,,,,,en,"n.  mask, disguise; costume",,,,,,,,
disfrazado,…subiendo una foto suya disfrazado de Drag Queen.,Verb,yo,pretérito perfecto compuesto,disfrazar,disfrazarse,verbo,yo,pretérito perfecto compuesto,disfrazar,disfrazarse,,,,,,,,,,,en,disguised,,,,,,,,
disfrazados,…quiere que vayamos todos disfrazados de payaso asesino.,Adjective,adjetivo,,,,,,,,,,,,,,,,,,,en,disguised,,,,,,,,
dispara,…hasta el 19 se dispara a las dos de…,Verb,él/ella/ud.,presente,disparar,dispararse,verbo,presente,disparar,él/ella/ud.,dispararse,,,,,,,,,,,en,"disparar v. fire, shoot, discharge; release, let off",,,,,,,,
disparado,…es que se ha disparado el precio del transporte,Verb,yo,pretérito perfecto compuesto,disparar,dispararse,verb,yo,disparar,pretérito perfecto compuesto,dispararse,,,,,,,,,,,en,spiked,,,,,,,,
disparados,…y precios de fletes disparados.,,,,,,,,,,,,,,,,,,,,,en,soared,,,,,,,,
disparan,"Segundos después, le disparan varias veces y lo…",Verb,presente,ellos/ellas/uds.,disparar,dispararse,verb,presente,disparar,ellos/ellas/uds.,dispararse,,,,,,,,,,,en,they shoot,,,,,,,,
disparó,…cuando la acción se disparó,Verb,pretérito perfecto simple,él/ella/ud.,disparar,dispararse,verbo,pretérito perfecto simple,disparar,él/ella/ud.,dispararse,,,,,,,,,,,en,"he/she/it/ud shot, fired",,,,,,,,
disponible,…preciosa alcancía de electricidad disponible en todo momento para…,Adjective,,,,,,,,,,,,,,,,,,,,en,available,,,,,,,,
disponibles,…datos y la información disponibles,Adjective,,,,,,,,,,,,,,,,,,,,en,available,,,,,,,,
distinto,…un tema un poco distinto... también relacionado en cierto…,Adjective,,,,,,,,,,,,,,,,,,,,en,different,,,,,,,,
distintos,…puertas o muros en distintos,Adjective,Noun,noun,adjective,,,,,,,,,,,,,,,,,en,different,,,,,,,,
doblando,"…madrastra por el camino, doblando una esquina y a…",Verb,gerundio,doblar,verb,gerundio,doblar,,,,,,,,,,,,,,,en,turning,,,,,,,,
doble,"hace el ransomware es doble. Por un lado, ayuda…",Verb,él/ella/ud.,imperativo,subjuntivo presente,doblar,doblarse,Adjective,Noun,sustantivo,adjetivo,imperativo,verbo,doblar,subjuntivo presente,él/ella/ud.,doblarse,,,,,en,double,,,,,,,,
dolor,El dolor La asfixia,Noun,sustantivo,,,,,,,,,,,,,,,,,,,en,Pain grief,,,,,,,,
dolores,…temperatura me causaban agudos dolores.,Noun,sustantivo,,,,,,,,,,,,,,,,,,,en,pain,,,,,,,,
dolorosa,"…curado de una enfermedad dolorosa y tenaz, no se…",Adjective,adjective,,,,,,,,,,,,,,,,,,,en,painful,,,,,,,,
doméstico,…pulgas en el gato doméstico será más o menos…,Adjective,,,,,,,,,,,,,,,,,,,,en,domestic,,,,,,,,
domésticos,"…hallan en los entornos domésticos, se encuentran por toda…",Adjective,Noun,,,,,,,,,,,,,,,,,,,en,domestic,,,,,,,,
dominar,"…Si no puedes dominar a esa lechuza, tendrá…",Verb,participio pasado,verbo,participio pasado,,,,,,,,,,,,,,,,,en,"dominate, control",,,,,,,,
domingo,"…descansó. Que es nuestro domingo, y para los judíos…",Noun,sustantivo,,,,,,,,,,,,,,,,,,,en,Sunday,,,,,,,,
don,Don Rodrigo tenía la ayuda…,Noun,Preposition,,,,,,,,,,,,,,,,,,,en,Gift,,,,,,,,
donada,…serpentinas y una medallita donada por el joyero del…,,,,,,,,,,,,,,,,,,,,,en,donated,,,,,,,,
dorada,Había un arpa dorada apoyaba en la esquina…,Adjective,Noun,noun,adjective,,,,,,,,,,,,,,,,,en,golden,,,,,,,,
dormitorio,…sonoro ulular procedente del dormitorio de su sobrino Harry.,Adjective,Noun,sustantivo,adjetivo,,,,,,,,,,,,,,,,,en,bedroom,,,,,,,,
dudará,exposición no dudará en cooperar con Acción…,Verb,él/ella/ud.,futuro,dudar,verbo,dudar,futuro,él/ella/ud.,,,,,,,,,,,,,en,will doubt,,,,,,,,
dudoso,España tiene el dudoso honor de ser el…,Adjective,adjective,,,,,,,,,,,,,,,,,,,en,dubious,,,,,,,,
duela,…salgan mocos y nos duela la garganta. A veces…,Verb,él/ella/ud.,presente,imperativo,subjuntivo presente,dolar,doler,dolerse,verb,imperativo,doler,presente,subjuntivo presente,él/ella/ud.,dolar,dolerse,,,,,en,it hurts,,,,,,,,
duelan,duelan las articulaciones o los…,Verb,presente,ellos/ellas/uds.,imperativo,subjuntivo presente,dolar,doler,dolerse,verb,imperativo,doler,presente,subjuntivo presente,ellos/ellas/uds.,dolar,dolerse,,,,,en,the joints hurt,,,,,,,,
dueño,El dueño de la plantación se…,Noun,,,,,,,,,,,,,,,,,,,,en,"n.  owner, proprietor, landlord",,,,,,,,
dueños,…sus amigos eran los dueños verdaderos de la tierra…,Noun,,,,,,,,,,,,,,,,,,,,en,"owners, proprietors, landlords",,,,,,,,
dura,"…El estado de enamoramiento dura siempre si no, es…",Verb,él/ella/ud.,presente,durar,Adjective,Noun,verbo,presente,durar,él/ella/ud.,,,,,,,,,,,en,lasts,en,Hard,,,,,,
duración,"…por"" para indicar la duración de algo.",Noun,,,,,,,,,,,,,,,,,,,,en,duration,,,,,,,,
duran,…tu planeta los días duran un minuto!,Verb,presente,ellos/ellas/uds.,durar,Noun,verb,noun,presente,durar,ellos/ellas/uds.,,,,,,,,,,,en,last,,,,,,,,
duro,"la civilización, sudando, trabajando duro para reparar el motor",Verb,yo,presente,durar,Adjective,Noun,,,,,,,,,,,,,,,en,"hard, tough",,,,,,,,
ébano,…cuyo marco era de ébano.,Noun,noun,,,,,,,,,,,,,,,,,,,en,ebony,en,ebony (tree or wood from it),,,,,,
echaba,"…hermosa, sino que también echaba una fragancia muy bonita.",Verb,yo,indicativo pretérito imperfecto,echar,echarse,verb,echar,yo,echarse,indicativo pretérito imperfecto,,,,,,,,,,,en,it gave,,,,,,,,
echan,"…años que las flores echan, crecen espinas y también…",Verb,presente,ellos/ellas/uds.,echar,echarse,verb,echar,presente,ellos/ellas/uds.,echarse,,,,,,,,,,,en,they grow,,,,,,,,
echar,"…esperéis más, id a echar un vistazo a Scalable…",Verb,participio pasado,verbo,participio pasado,,,,,,,,,,,,,,,,,en,"throw, cast; add; affix; eject; shoot; pour; put",,,,,,,,
echarse,"…sintiéndose muy cansada, quiso echarse en una de las…",Verb,participio pasado,verb,participio pasado,,,,,,,,,,,,,,,,,en,v. have; throw oneself; lay down; lie down; drop; slacken,,,,,,,,
echó,…la puerta y le echó llave.,Verb,pretérito perfecto simple,él/ella/ud.,echar,echarse,verb,echar,pretérito perfecto simple,él/ella/ud.,echarse,,,,,,,,,,,en,locked,,,,,,,,
eclesiásticos,…ni en los Tribunales Eclesiásticos.,Adjective,adjective,,,,,,,,,,,,,,,,,,,en,ecclesiastical (of the church),,,,,,,,
edad,,Noun,,,,,,,,,,,,,,,,,,,,,,,,,,,,,
edades,…adultos de todas las edades.,Noun,sustantivo,,,,,,,,,,,,,,,,,,,en,ages,,,,,,,,
edificios,"…servicios en viviendas privadas, edificios desiertos, cuevas, cerca de…",Noun,,,,,,,,,,,,,,,,,,,,en,"building, edifice; premises; place",,,,,,,,
educado,Yo: Eso no es educado reirse de los problemas,Verb,yo,pretérito perfecto compuesto,educar,Adjective,,,,,,,,,,,,,,,,en,polite,,,,,,,,
ejemplarizarla,…la ciudad revolucionada y ejemplarizarla con un castigo sangriento.,,,,,,,,,,,,,,,,,,,,,en,exemplify it,,,,,,,,
ejemplos,Ejemplos de uso: He estado…,Adjective,Noun,,,,,,,,,,,,,,,,,,,en,examples,,,,,,,,
ejercer,Había vuelto a ejercer mi profesión en la…,Verb,participio pasado,verb,participio pasado,,,,,,,,,,,,,,,,,en,to practice,,,,,,,,
ejército,…tenía la ayuda del ejército para controlar a los…,Noun,,,,,,,,,,,,,,,,,,,,en,"n. force; army, legion; host",,,,,,,,
electricidad,…una preciosa alcancía de electricidad disponible en todo momento…,Noun,,,,,,,,,,,,,,,,,,,,en,electricity,,,,,,,,
elegidos,Son ustedes los elegidos.,,,,,,,,,,,,,,,,,,,,,en,elected,,,,,,,,
eligió,"…su ropa, pero amá eligió el amarillo chillón con…",Verb,pretérito perfecto simple,él/ella/ud.,elegir,verbo,elegir,pretérito perfecto simple,él/ella/ud.,,,,,,,,,,,,,en,"chose, elected",,,,,,,,
elijas,elijas…¡ y nunca pares de…,Verb,presente,tú,subjuntivo presente,elegir,elijar,verb,tú,presente,elegir,subjuntivo presente,elijar,,,,,,,,,en,you choose,,,,,,,,
ella,"Me dijo que ella, antes, no hablaba ni…",Pronoun,Noun,,,,,,,,,,,,,,,,,,,en,she,,,,,,,,
embargo,"Sin embargo, la espera dura poco,…",Verb,yo,presente,embargar,Noun,sustantivo,verbo,presente,yo,embargar,,,,,,,,,,,en,"however, nevertheless",,,,,,,,
embaucadores,"…la fiesta, los dos embaucadores estuvieron levantados, con dieciséis…",,,,,,,,,,,,,,,,,,,,,en,tricksters,,,,,,,,
embellecen,Principito---Pero las plantas embellecen el planeta,Verb,presente,ellos/ellas/uds.,embellecer,embellecerse,,,,,,,,,,,,,,,,en,beautify,,,,,,,,
embellecido,Tú has embellecido mi planeta.,Verb,yo,pretérito perfecto compuesto,embellecer,embellecerse,verb,yo,pretérito perfecto compuesto,embellecer,embellecerse,,,,,,,,,,,en,embellished,,,,,,,,
embrujada,…porque la finca estaba embrujada.,Adjective,adjetivo,,,,,,,,,,,,,,,,,,,en,haunted,,,,,,,,
empaparon,…como pequeñas gotas y empaparon la tierra.,Verb,pretérito perfecto simple,ellos/ellas/uds.,empapar,empaparse,verb,pretérito perfecto simple,ellos/ellas/uds.,empapar,empaparse,,,,,,,,,,,en,soaked,,,,,,,,
empecé,"…soy la protagonista, yo empecé…- No, escúchame.",Verb,yo,pretérito perfecto simple,empezar,verbo,empezar,yo,pretérito perfecto simple,,,,,,,,,,,,,en,I started,,,,,,,,
empezad,…Pues daos prisa y empezad!,Verb,imperativo,vosotros,empezar,verb,imperativo,empezar,vosotros,,,,,,,,,,,,,en,start,,,,,,,,
empezado,Había empezado a leer la novela…,Verb,yo,pretérito perfecto compuesto,empezar,verbo,empezar,yo,pretérito perfecto compuesto,,,,,,,,,,,,,en,initiated,,,,,,,,
empezaste,"libro que un día empezaste, acabarte el episodio de…",Verb,pretérito perfecto simple,tú,empezar,verb,tú,empezar,pretérito perfecto simple,,,,,,,,,,,,,en,You started,,,,,,,,
empleaba,…alguna terrible agitación y empleaba toda su fuerza de…,Verb,yo,indicativo pretérito imperfecto,emplear,emplearse,verb,emplear,yo,emplearse,indicativo pretérito imperfecto,,,,,,,,,,,en,used,,,,,,,,
empleando,…misma frase ambas lenguas empleando términos ingleses sin traducir.,Verb,gerundio,emplear,verb,gerundio,emplear,,,,,,,,,,,,,,,en,using,,,,,,,,
emplear,Consiste en emplear en la misma frase…,Verb,participio pasado,verb,participio pasado,,,,,,,,,,,,,,,,,en,to use,,,,,,,,
empobrecida,"…con la gente más empobrecida,",,,,,,,,,,,,,,,,,,,,,en,impoverished,,,,,,,,
empresas,"…2016, China ha compró empresas estadounidenses",Noun,sustantivo,,,,,,,,,,,,,,,,,,,en,business,,,,,,,,
empujado,…Por qué le has empujado?- No he hecho nada.,Verb,yo,pretérito perfecto compuesto,empujar,verbo,yo,pretérito perfecto compuesto,empujar,,,,,,,,,,,,,en,Pushed,,,,,,,,
empujó,"…y rápidamente, Gretel la empujó dentro del horno y…",Verb,pretérito perfecto simple,él/ella/ud.,empujar,verb,pretérito perfecto simple,él/ella/ud.,empujar,,,,,,,,,,,,,en,pushed,,,,,,,,
enamoramiento,"…El estado de enamoramiento dura siempre si no,…",Noun,,,,,,,,,,,,,,,,,,,,en,"amorousness, affectionateness",,,,,,,,
enamoran,…pero adorables que se enamoran de arquitectos en las…,Verb,presente,ellos/ellas/uds.,enamorar,enamorarse,verbo,presente,ellos/ellas/uds.,enamorar,enamorarse,,,,,,,,,,,en,Fall in love,,,,,,,,
encabezaba,…nombre de Brently Mallard encabezaba la lista de« muertos».,Verb,yo,indicativo pretérito imperfecto,encabezar,encabezarse,verbo,yo,encabezar,encabezarse,indicativo pretérito imperfecto,,,,,,,,,,,en,headed,,,,,,,,
encantado,…Sebas está encantado de que vengas.- Sí.…,Verb,yo,pretérito perfecto compuesto,encantar,encantarse,Adjective,Adverb,adjetivo,adverbio,verbo,encantar,yo,pretérito perfecto compuesto,encantarse,,,,,,,en,"delighted, charmed",,,,,,,,
encantas,…No ves que le encantas?,Verb,presente,tú,encantar,encantarse,tú,verbo,encantar,presente,encantarse,,,,,,,,,,,en,love you,,,,,,,,
encanto,"…vez no tenga mi encanto diabólico, pero él es…",Verb,yo,presente,encantar,encantarse,Adjective,Noun,verb,noun,adjective,encantar,presente,yo,encantarse,,,,,,,en,charm,,,,,,,,
encargará,Benzo se encargará de todo.,Verb,él/ella/ud.,futuro,encargar,encargarse,verb,encargar,futuro,él/ella/ud.,encargarse,,,,,,,,,,,en,will take care,,,,,,,,
encender,…a mi eso de encender y tirar y... me…,Verb,participio pasado,verbo,participio pasado,,,,,,,,,,,,,,,,,en,"turn on, inflame, set light to",,,,,,,,
encenderlo,Y volvió a encenderlo.,,,,,,,,,,,,,,,,,,,,,en,to turn it on,,,,,,,,
encendidas,"…levantados, con dieciséis lámparas encendidas, para que la gente…",Adjective,,,,,,,,,,,,,,,,,,,,en,"glowing, aglow, ablaze, on, live",,,,,,,,
encendió,Y nuevamente encendió su farol.,Verb,pretérito perfecto simple,él/ella/ud.,encender,encenderse,verb,pretérito perfecto simple,encender,él/ella/ud.,encenderse,,,,,,,,,,,en,lit,,,,,,,,
encerrada,Me has dejado encerrada.,,,,,,,,,,,,,,,,,,,,,en,enclosed,,,,,,,,
encerrado,…hacía creer que había encerrado en el cuarto a…,Verb,yo,pretérito perfecto compuesto,encerrar,encerrarse,Adjective,Adverb,verb,adjective,yo,adverb,pretérito perfecto compuesto,encerrar,encerrarse,,,,,,,en,locked,,,,,,,,
encerrarte,"No voy a encerrarte, Vander.",,,,,,,,,,,,,,,,,,,,,en,lock you up,,,,,,,,
enchufarla,"…señora, debe desprenderla y enchufarla en un depósito especial,…",,,,,,,,,,,,,,,,,,,,,en,"to plug, to connect, to join, to merge it",,,,,,,,
enciéndelo,"Donde quiera que estés, enciéndelo y te encontraré.",,,,,,,,,,,,,,,,,,,,,en,light it,,,,,,,,
encienden,"…se tiran petardos, se encienden hogueras en los barrios...…",Verb,presente,ellos/ellas/uds.,encender,encenderse,verbo,presente,encender,ellos/ellas/uds.,encenderse,,,,,,,,,,,en,"they inflame; lighter; ignite, kindle; switch on",,,,,,,,
enciendo,Enciendo y apago una vez…,Verb,yo,presente,encender,encenderse,Noun,verb,noun,presente,yo,encender,encenderse,,,,,,,,,en,I turn on,,,,,,,,
encima,…igual. Quiero decir… mañana encima abro pronto la librería.,Verb,él/ella/ud.,presente,encimar,encimarse,Adjective,Adverb,adjetivo,adverbio,verbo,presente,él/ella/ud.,encimarse,encimar,,,,,,,en,Above,en,on top,en,"above, on top, on, to be right around the corner (time),",,,,
encomendóse,"…se acostó en ella, encomendóse a Dios y quedó…",,,,,,,,,,,,,,,,,,,,,en,entrusted herself,,,,,,,,
encontraba,Fue él quien se encontraba en la oficina del…,Verb,yo,indicativo pretérito imperfecto,encontrar,encontrarse,verbo,encontrar,yo,encontrarse,indicativo pretérito imperfecto,,,,,,,,,,,en,located,,,,,,,,
encontramos,"Cuando entramos allí, nos encontramos con algo impactante.",Verb,presente,nosotros,encontrar,encontrarse,verbo,encontrar,nosotros,presente,encontrarse,,,,,,,,,,,en,(we) find,,,,,,,,
encontrar,"…parece que tenemos que encontrar una persona PERFECTA, IDEAL,…",Verb,participio pasado,verbo,participio pasado,,,,,,,,,,,,,,,,,en,"find, locate",,,,,,,,
encontraré,"…estés, enciéndelo y te encontraré.",Verb,yo,futuro,encontrar,encontrarse,verb,encontrar,yo,futuro,encontrarse,,,,,,,,,,,en,I will find,,,,,,,,
encontremos,…año en que nos encontremos.,Verb,imperativo,nosotros,subjuntivo presente,encontrar,encontrarse,imperativo,verbo,encontrar,nosotros,encontrarse,subjuntivo presente,,,,,,,,,en,we find,,,,,,,,
enfado,Ahora no me enfado y todos me parecen…,Verb,yo,presente,enfadar,enfadarse,Noun,verbo,enfadar,presente,yo,enfadarse,,,,,,,,,,en,anger,,,,,,,,
enfermedades,…el mal y las enfermedades.,Noun,,,,,,,,,,,,,,,,,,,,en,"n. illness, disease, sickness, malady; flu, influenza; epidemic",,,,,,,,
enfrente,Karin vive enfrente y me ve desde,Verb,él/ella/ud.,imperativo,subjuntivo presente,enfrentar,enfrentarse,Adverb,Noun,,,,,,,,,,,,,en,in front,,,,,,,,
enfurecía,Eso a veces me enfurecía.,Verb,yo,indicativo pretérito imperfecto,enfurecer,enfurecerse,verbo,yo,enfurecerse,enfurecer,indicativo pretérito imperfecto,,,,,,,,,,,en,"to infuriate, to make furious",,,,,,,,
engañarnos,"Claro que no podemos engañarnos, el gobierno ruso todavía…",,,,,,,,,,,,,,,,,,,,,en,"v (pronominal) to deceive ourselves, fool ourselves, cheat ourselves",,,,,,,,
engreída,…inferior se ve casi engreída.,,,,,,,,,,,,,,,,,,,,,en,"conceited, smug",,,,,,,,
engullido,…la habitación y había engullido a la vieja mujer.,Verb,yo,pretérito perfecto compuesto,engullir,verb,yo,pretérito perfecto compuesto,engullir,,,,,,,,,,,,,en,gulped,,,,,,,,
engulló,…la cama y la engulló también.,Verb,pretérito perfecto simple,él/ella/ud.,engullir,verb,pretérito perfecto simple,él/ella/ud.,engullir,,,,,,,,,,,,,en,gulped,,,,,,,,
enigmático,"Qué es el enigmático cuadrado de Sator, un…",Adjective,adjective,,,,,,,,,,,,,,,,,,,en,enigmatic,,,,,,,,
enlace,"…Brandon, eres el enlace con la policía!",Verb,él/ella/ud.,imperativo,subjuntivo presente,enlazar,enlazarse,Noun,verb,noun,imperativo,subjuntivo presente,enlazar,él/ella/ud.,enlazarse,,,,,,,en,link,,,,,,,,
enlaces,…la región y algunos enlaces para seguirle el hilo…,Verb,tú,subjuntivo presente,enlazar,enlazarse,Noun,tú,verbo,subjuntivo presente,enlazar,enlazarse,,,,,,,,,,en,links,,,,,,,,
enorme,Todo el enorme territorio de Arizona pertenecía…,Adjective,,,,,,,,,,,,,,,,,,,,en,"adj.  enormous, huge,",,,,,,,,
enriquecedor,"…es amoroso, y es enriquecedor.",,,,,,,,,,,,,,,,,,,,,en,"enriching, rewarding",,,,,,,,
enriquecimiento,"…sólo buscan su propio enriquecimiento,",Noun,noun,,,,,,,,,,,,,,,,,,,en,enrichment,,,,,,,,
enrojecida,…y con la cara enrojecida.,,,,,,,,,,,,,,,,,,,,,en,flushed,,,,,,,,
enroscarse,"…presa primero sofocándola al enroscarse alrededor de su víctima,…",Verb,participio pasado,verbo,participio pasado,,,,,,,,,,,,,,,,,en,"twisting, curling",,,,,,,,
enseguida,"Pues enseguida lo vemos, pero antes…",Adverb,Noun,sustantivo,adverbio,,,,,,,,,,,,,,,,,en,"immediately, promptly",,,,,,,,
enseña,…viene y nos las enseña a mi esposo y…,Verb,él/ella/ud.,presente,enseñar,enseñarse,verbo,presente,enseñar,él/ella/ud.,enseñarse,,,,,,,,,,,en,"teach, instruct; educate; show, point out; learn; civilize",en,"holds up  ,  shows",,,,,,
enseñaba,"...inteligente, yo entonces le enseñaba a la persona mi...",Verb,yo,indicativo pretérito imperfecto,enseñar,enseñarse,verbo,yo,enseñar,enseñarse,indicativo pretérito imperfecto,,,,,,,,,,,en,he/she/ud taught,,,,,,,,
enseñar,Yo dejé de enseñar mis dibujos y jamás...,Verb,participio pasado,verbo,participio pasado,,,,,,,,,,,,,,,,,en,teach,,,,,,,,
enséñate,"…la máscara esa y enséñate,¿ no?",Verb,imperativo,enseñarse,imperativo,verbo,enseñarse,,,,,,,,,,,,,,,en,teach yourself,,,,,,,,
enseñe,Le digo que me enseñe sus papeles.,Verb,él/ella/ud.,imperativo,subjuntivo presente,enseñar,enseñarse,imperativo,verbo,subjuntivo presente,enseñar,él/ella/ud.,enseñarse,,,,,,,,,en,"teach, instruct; educate; show, point out; learn; civilize",,,,,,,,
entenderán,Pero ellos no lo entenderán.,Verb,ellos/ellas/uds.,futuro,entender,entenderse,verbo,entender,futuro,ellos/ellas/uds.,entenderse,,,,,,,,,,,en,they/you all will understand,,,,,,,,
entera,…España entera está con vosotros!,Verb,él/ella/ud.,presente,enterar,enterarse,Adjective,Adverb,enterarse,verbo,enterar,presente,él/ella/ud.,,,,,,,,,en,enterarse -> to find out,,,,,,,,
enteramente,…y había dejado ya enteramente solo a Sherlock Holmes…,Adverb,adverb,,,,,,,,,,,,,,,,,,,en,entirely,,,,,,,,
enterarme,"…que pones, ni cómo enterarme.",,,,,,,,,,,,,,,,,,,,,en,to find out,,,,,,,,
enteré,RAI: ME ENTERÉ DE LO QUE HIZO…,Verb,yo,pretérito perfecto simple,enterar,enterarse,enterarse,verbo,enterar,yo,pretérito perfecto simple,,,,,,,,,,,en,"inform, tell; pay; become acquainted; betray",en,I learned,,,,,,
enterramiento,"…principal como lugares de enterramiento, fueron frecuentes escondites para…",Noun,,,,,,,,,,,,,,,,,,,,en,burial,,,,,,,,
entiendes,Pero entiendes la idea.,Verb,presente,tú,entender,entenderse,Noun,sustantivo,tú,verbo,entender,presente,entenderse,,,,,,,,,en,you understand,,,,,,,,
entornos,"…se hallan en los entornos domésticos, se encuentran por…",Noun,,,,,,,,,,,,,,,,,,,,en,environments,,,,,,,,
entran,…sin fronteras… Las mercancías entran y salen sin aranceles……,Verb,presente,ellos/ellas/uds.,entrar,entrarse,Noun,verbo,entrar,presente,ellos/ellas/uds.,entrarse,,,,,,,,,,en,"entrar  v. enter, go in; approach,",,,,,,,,
entrasen,"…jamón, para impedir que entrasen moscas o que se…",Verb,ellos/ellas/uds.,subjuntivo pretérito imperfecto,entrar,entrarse,verbo,entrar,ellos/ellas/uds.,entrarse,subjuntivo pretérito imperfecto,,,,,,,,,,,en,"enter, go in; approach, come near to; access, gain entrance to; introduce; tackle; attack; rise; input",,,,,,,,
entre,…y cosas más avanzadas entre comillas en un idioma…,Verb,él/ella/ud.,imperativo,subjuntivo presente,entrar,entrarse,Noun,Preposition,imperativo,verbo,entrar,subjuntivo presente,él/ella/ud.,entrarse,,,,,,,en,between,,,,,,,,
entrecortadas,"…lo dijo, con frases entrecortadas e insinuaciones veladas que…",,,,,,,,,,,,,,,,,,,,,en,adj. labored; faltering; abrupt,,,,,,,,
entrega,"y la policía cede, entrega a Cortés.",Verb,él/ella/ud.,presente,entregar,entregarse,Noun,entregar,verbo,presente,él/ella/ud.,entregarse,,,,,,,,,,en,"delivery, submission",,,,,,,,
entregando,La policía está entregando al que era uno…,Verb,gerundio,entregar,entregar,gerundio,verbo,,,,,,,,,,,,,,,en,delivering,,,,,,,,
entregar,y a entregar el mismo desocupado.,Verb,participio pasado,verb,participio pasado,,,,,,,,,,,,,,,,,en,"v. deliver, convey; give over; consign; submit; surrender; address; serve",,,,,,,,
entregarle,a una sociedad de entregarle un poder sin límites,,,,,,,,,,,,,,,,,,,,,en,deliver,en,"give over, surrender",en,to deliver to him/her,,,,
entregarse,…que los aquejaba) y entregarse al fútbol con alegría…,Verb,participio pasado,verbo,participio pasado,,,,,,,,,,,,,,,,,en,"v. surrender, give oneself up, submit; give in, hand in",,,,,,,,
entregué,"Le entregué el reloj, ocultando un…",Verb,yo,pretérito perfecto simple,entregar,entregarse,Noun,sustantivo,entregar,verbo,yo,pretérito perfecto simple,entregarse,,,,,,,,,en,"entregar = submit, surrender",,,,,,,,
entrenador,"Un entrenador, un puñado de jóvenes,…",Noun,sustantivo,,,,,,,,,,,,,,,,,,,en,"coach, manager, trainer",,,,,,,,
entrenamiento,…comunidad y dirigiera un entrenamiento o un partido de…,Noun,sustantivo,,,,,,,,,,,,,,,,,,,en,"training, coaching, exercise",,,,,,,,
entretanto,"Entretanto, dos ojos amenazantes la…",Adverb,Noun,noun,adverb,,,,,,,,,,,,,,,,,en,Meanwhile,,,,,,,,
entrevista,"En entrevista para Radio Praga Internacional,…",Verb,él/ella/ud.,presente,entrevistar,entrevistarse,Noun,sustantivo,verbo,presente,él/ella/ud.,entrevistarse,entrevistar,,,,,,,,,en,interview,,,,,,,,
entro,…seis años que no entro en esta web.- Lo…,Verb,yo,presente,entrar,entrarse,verbo,entrar,presente,yo,entrarse,,,,,,,,,,,en,"i enter, go in, I come in",,,,,,,,
envejecer,…vivido mil años sin envejecer.,Verb,participio pasado,verb,participio pasado,,,,,,,,,,,,,,,,,en,"age, grow older",,,,,,,,
enviamos,Todos los viernes enviamos un boletín con notas…,Verb,presente,nosotros,enviar,verbo,nosotros,enviar,presente,,,,,,,,,,,,,en,sent,,,,,,,,
envidia,…a la izquierda de envidia:,Verb,él/ella/ud.,presente,envidiar,Noun,verb,noun,presente,él/ella/ud.,envidiar,,,,,,,,,,,en,envy,,,,,,,,
envuelta,…de sus manos estaba envuelta en un pañuelo todo…,Adjective,Adverb,adjective,adverb,,,,,,,,,,,,,,,,,en,wrapped,,,,,,,,
episodios,…que cubrimos en nuestros episodios?,Noun,,,,,,,,,,,,,,,,,,,,en,episodes,,,,,,,,
epitafio,…XIX como forma de epitafio burlesco y como modo…,Noun,sustantivo,,,,,,,,,,,,,,,,,,,en,"epitaph, inscription on a gravestone commemorating a deceased person",,,,,,,,
época,…mueva y de la época del año en que…,Adverb,Noun,,,,,,,,,,,,,,,,,,,en,"n. period, age, era; season; lesson; length of time",en,time,,,,,,
equivocado,equivocado.,Verb,yo,pretérito perfecto compuesto,equivocar,equivocarse,Adjective,verbo,yo,pretérito perfecto compuesto,equivocar,equivocarse,,,,,,,,,,en,wrong.,,,,,,,,
equivocando,"…es así, te estás equivocando de novia.",Verb,gerundio,equivocar,gerundio,verbo,equivocar,,,,,,,,,,,,,,,en,"mistaking, getting wrong",,,,,,,,
equivocarse,…perder el miedo de equivocarse.,Verb,participio pasado,verbo,participio pasado,,,,,,,,,,,,,,,,,en,make a mistake,,,,,,,,
era,…está entregando al que era uno de los prófugos…,Verb,yo,él/ella/ud.,presente,indicativo pretérito imperfecto,erar,ser,Noun,verbo,ser,presente,yo,él/ella/ud.,erar,indicativo pretérito imperfecto,,,,,,en,was,,,,,,,,
erre,"…no me sale la erre"".",,,,,,,,,,,,,,,,,,,,,en,r,,,,,,,,
erróneas,"…cuestionamos eso, las creencias erróneas y destructivas pueden moverse.",Adjective,,,,,,,,,,,,,,,,,,,,en,"adj. (f. pl.) erroneous, mistaken, wrong",,,,,,,,
erupción,erupción del vesubio en la…,Noun,noun,,,,,,,,,,,,,,,,,,,en,eruption,,,,,,,,
esa,"…el mercado que defienden esa postura, también canciones, como…",Pronoun,Noun,,,,,,,,,,,,,,,,,,,en,that,,,,,,,,
escalar,…así que Jack decidió escalar la planta de frijoles…,Verb,participio pasado,verb,participio pasado,,,,,,,,,,,,,,,,,en,to climb,,,,,,,,
escalón,…se convierte en otro escalón para subir hasta la…,Noun,noun,,,,,,,,,,,,,,,,,,,en,step,,,,,,,,
escapará,"…No se me escapará esta vez!""",Verb,él/ella/ud.,futuro,escapar,escaparse,verb,futuro,escapar,él/ella/ud.,escaparse,,,,,,,,,,,en,will escape,,,,,,,,
escarbar,…y cuando empezamos a escarbar detrás de las creencias…,Verb,participio pasado,verbo,participio pasado,,,,,,,,,,,,,,,,,en,"scratch, scrabble, pick out",,,,,,,,
escarlata,"…rosa de color rojo escarlata, yo me dí cuenta…",Adjective,Noun,noun,adjective,,,,,,,,,,,,,,,,,en,scarlet,,,,,,,,
escenario,…y cotidiana en el escenario de una historia que…,Noun,noun,,,,,,,,,,,,,,,,,,,en,stage,,,,,,,,
escoba,"…muy feliz, sosteniendo una escoba y es todo roja…",Verb,él/ella/ud.,presente,escobar,Noun,verb,noun,presente,él/ella/ud.,escobar,,,,,,,,,,,en,"n.  broom, brush; besom; broomstick",,,,,,,,
esconder,"…el lobo, tratando de esconder su fuerte voz de…",Verb,participio pasado,verb,participio pasado,,,,,,,,,,,,,,,,,en,to hide,,,,,,,,
esconderse,…el lugar perfecto para esconderse.,Verb,participio pasado,verb,participio pasado,,,,,,,,,,,,,,,,,en,"v. to hide oneself; hide out, hole up; abscond; burrow",,,,,,,,
escóndete,Escóndete!”,Verb,imperativo,esconderse,verb,imperativo,esconderse,,,,,,,,,,,,,,,en,Hide,,,,,,,,
escondía,"…de mi compañero, se escondía una pequeña dosis de…",Verb,yo,indicativo pretérito imperfecto,esconder,esconderse,verbo,esconder,yo,esconderse,indicativo pretérito imperfecto,,,,,,,,,,,en,"v.  hide, conceal, obscure; stash; harbor",,,,,,,,
escondida,Escondida. El payaso ha dicho…,Adjective,adjetivo,,,,,,,,,,,,,,,,,,,en,"hidden, secret, blind",,,,,,,,
escondites,"…de enterramiento, fueron frecuentes escondites para los refugiados, contrabandistas…",,,,,,,,,,,,,,,,,,,,,en,hideouts,,,,,,,,
escriba,tiene quien le escriba en 1982,Verb,él/ella/ud.,imperativo,subjuntivo presente,escribir,escribirse,Noun,verb,noun,imperativo,escribir,escribirse,subjuntivo presente,él/ella/ud.,,,,,,,en,to write,,,,,,,,
escrileo,,,,,,,,,,,,,,,,,,,,,,,,,,,,,,,
escrita,…parece que está bien escrita y tal,Adjective,Noun,sustantivo,adjetivo,,,,,,,,,,,,,,,,,en,"n.  handwriting, script, writing",,,,,,,,
escritorios,"…Las tijeras, abrelatas, cámaras, escritorios",Noun,noun,,,,,,,,,,,,,,,,,,,en,desks,,,,,,,,
escucharás,…voces inolvidables que no escucharás en ningún otro medio.,Verb,tú,futuro,escuchar,escucharse,escuchar,tú,verbo,futuro,escucharse,,,,,,,,,,,en,you will Listen (inf),,,,,,,,
escultura,"cursos de pintura, escultura, fotografía y tallado en…",Noun,sustantivo,,,,,,,,,,,,,,,,,,,en,sculpture,,,,,,,,
esculturas,esculturas de cartón-piedra cargadas…,Noun,sustantivo,,,,,,,,,,,,,,,,,,,en,sculptures,,,,,,,,
escurridizos,…estos negocios son muy escurridizos y en cuanto,,,,,,,,,,,,,,,,,,,,,en,elusive,,,,,,,,
esenciales,"…cosas importantes, las cosas esenciales de la vida.",Adjective,adjective,,,,,,,,,,,,,,,,,,,en,essential,,,,,,,,
esfera,…Ana encontró una extraña esfera brillante que parecía tener…,Noun,sustantivo,,,,,,,,,,,,,,,,,,,en,sphere,,,,,,,,
esgrimiendo,con casaca verde y esgrimiendo un sable quien aparece,Verb,gerundio,esgrimir,,,,,,,,,,,,,,,,,,en,wielding,,,,,,,,
eso,"…Quieres follar?- Sí, eso también, pero mira.",Pronoun,Noun,,,,,,,,,,,,,,,,,,,en,that's way,,,,,,,,
espacio,"Y entonces, SHIM pasó muchas horas explicándole a ABUL sobre su trabajo, sobre la existencia del libro, sobre la historia de la nave que él aprendió, sobre como él aprendió que la nave es un vehículo que está corriendo a una velocidad en el espacio v",Verb,yo,presente,espaciar,espaciarse,Noun,,,,,,,,,,,,,,,en,space,,,,,,,,
espacios,"…a la limitación de espacios y de medios, no…",Noun,sustantivo,,,,,,,,,,,,,,,,,,,en,"[n,M,pl] space, cosmos; spaciousness; gap, void; distance, space between two points or things; length,",,,,,,,,
espaldas,…su sillón favorito de espaldas a la puerta que…,Noun,,,,,,,,,,,,,,,,,,,,en,back; shoulders,,,,,,,,
espantó,…todo el mundo se espantó al ver que los…,Verb,pretérito perfecto simple,él/ella/ud.,espantar,espantarse,verb,pretérito perfecto simple,él/ella/ud.,espantar,espantarse,,,,,,,,,,,en,it frightened,,,,,,,,
espectro,…más bien de un espectro:,Noun,noun,,,,,,,,,,,,,,,,,,,en,spectrum,,,,,,,,
espejito,"Espejito en la pared, dime…",,,,,,,,,,,,,,,,,,,,,en,Little mirror,,,,,,,,
espejo,…hijo. Lo llamamos el espejo del sueño.,Verb,yo,presente,espejar,espejarse,Adjective,Noun,verb,noun,adjective,presente,yo,espejarse,espejar,,,,,,,en,mirror,,,,,,,,
esperanza,…mi nombre quiere decir esperanza.,Verb,él/ella/ud.,presente,esperanzar,esperanzarse,Adjective,Noun,sustantivo,adjetivo,verbo,presente,él/ella/ud.,esperanzar,esperanzarse,,,,,,,en,"f. n. hope, expectation, anticipation; confidence",,,,,,,,
esperéis,"Así que amigos, no esperéis más, id a echar…",Verb,subjuntivo presente,vosotros,esperar,esperarse,verbo,esperar,vosotros,subjuntivo presente,esperarse,,,,,,,,,,,en,you expect; you wait,,,,,,,,
espérele,Espérele a él.,,,,,,,,,,,,,,,,,,,,,en,Wait for him,,,,,,,,
esperen,…Solo esperen a que se detenga.-…,Verb,ellos/ellas/uds.,imperativo,subjuntivo presente,esperar,esperarse,verb,imperativo,esperar,subjuntivo presente,ellos/ellas/uds.,esperarse,,,,,,,,,en,wait,,,,,,,,
espero,"…lo bueno se tarde, espero",Verb,yo,presente,esperar,esperarse,Adjective,Noun,verbo,esperar,presente,yo,esperarse,,,,,,,,,,,,,,,,,,
espeso,"…en medio de un espeso bosque, una casita donde…",Verb,yo,presente,espesar,espesarse,Adjective,verb,adjective,presente,yo,espesarse,espesar,,,,,,,,,en,thick,,,,,,,,
espesor,"Además, su espesor de entre 60 y…",Noun,sustantivo,,,,,,,,,,,,,,,,,,,en,thickness; thick; depth; bushiness,,,,,,,,
espiar,espiar a los ciudadanos estadounidenses.¿…,Verb,participio pasado,verbo,participio pasado,,,,,,,,,,,,,,,,,en,to spy,,,,,,,,
espinas,"…las flores que comen espinas,¿ verdad?",Noun,noun,,,,,,,,,,,,,,,,,,,en,thorns,,,,,,,,
espinos,"…a correr por entre espinos y piedras puntiagudas, y…",Noun,noun,,,,,,,,,,,,,,,,,,,en,"hawthorn, type of small tree or shrub; thorn",,,,,,,,
espontáneo,"…informal y de crecimiento espontáneo, se pasó a constituir…",Adjective,adjetivo,,,,,,,,,,,,,,,,,,,en,spontaneous,,,,,,,,
esposa,Teresita( esposa de Arturo)---- Arturo.,Verb,él/ella/ud.,presente,esposar,Noun,verbo,presente,él/ella/ud.,esposar,,,,,,,,,,,,en,wife,,,,,,,,
esquina,"…hablando español en una esquina, se vuelve sospechoso de…",Verb,él/ella/ud.,presente,esquinar,esquinarse,Noun,verbo,presente,él/ella/ud.,esquinarse,esquinar,,,,,,,,,,en,street corner,,,,,,,,
estábamos,"Anoche estábamos de copas, se fue…",Verb,indicativo pretérito imperfecto,nosotros,estar,estarse,Noun,estar,sustantivo,verbo,nosotros,estarse,indicativo pretérito imperfecto,,,,,,,,,en,"[v:estar] be; stay, remain; hold; be found; be present",,,,,,,,
estabilizan,Los cristales solo se estabilizan a alta frecuencia.,Verb,presente,ellos/ellas/uds.,estabilizar,verb,presente,ellos/ellas/uds.,estabilizar,,,,,,,,,,,,,en,they stabilize,,,,,,,,
estabilizarla,Ya sabemos cómo estabilizarla.,,,,,,,,,,,,,,,,,,,,,en,to stabilize it,,,,,,,,
establecido,"…auto. La BBC ha establecido que esta"" desaparición"" tuvo…",Verb,yo,pretérito perfecto compuesto,establecer,establecerse,Adjective,verb,adjective,yo,pretérito perfecto compuesto,establecer,establecerse,,,,,,,,,en,established,,,,,,,,
estableció,…de María Isabel se estableció un plazo inicial de…,Verb,pretérito perfecto simple,él/ella/ud.,establecer,establecerse,verbo,pretérito perfecto simple,establecer,él/ella/ud.,establecerse,,,,,,,,,,,en,established,,,,,,,,
establo,…a Bess en el establo.,Noun,noun,,,,,,,,,,,,,,,,,,,en,barn,,,,,,,,
estadios,…a través de tres estadios de larva y uno…,Noun,,,,,,,,,,,,,,,,,,,,en,stadiums,,,,,,,,
estado,…árabe... la policía del estado de Arizona puede pedirle…,Verb,yo,pretérito perfecto compuesto,estar,estarse,Noun,estar,verbo,yo,pretérito perfecto compuesto,estarse,,,,,,,,,,en,state/been,,,,,,,,
estanque,"…y cruzando el estanque( paf, zas, paf, zas),",Verb,él/ella/ud.,imperativo,subjuntivo presente,estancar,estancarse,Noun,verb,noun,imperativo,subjuntivo presente,él/ella/ud.,estancar,estancarse,,,,,,,en,pond,,,,,,,,
estaré,"No decimos"" estaré en Inglaterra por dos…",Verb,yo,futuro,estar,estarse,estar,verbo,yo,futuro,estarse,,,,,,,,,,,en,I will be,,,,,,,,
estaréis,…sé lo que os estaréis preguntando ahora…¿ Y qué?¿…,Verb,futuro,vosotros,estar,estarse,estar,verbo,futuro,vosotros,estarse,,,,,,,,,,,en,You will be,,,,,,,,
estaría,"veces, si no estaría él loco.",Verb,yo,condicional,estar,estarse,estar,verbo,yo,condicional,estarse,,,,,,,,,,,en,could someone/something be,,,,,,,,
estás,…Qué guapo estás!,Verb,presente,tú,estar,estarse,Adverb,Noun,estar,tú,verbo,presente,estarse,,,,,,,,,de,(you) are,,,,,,,,
estatales,…privados como las empresas estatales chinas están invirtiendo,Adjective,adjetivo,,,,,,,,,,,,,,,,,,,en,state,en,"estatal adj. state, governmental; state owned",en,"adj. state, governmental; state owned (pl)",,,,
este,…Océano Pacífico y al este con el Mar de…,Pronoun,Noun,pronombre,sustantivo,,,,,,,,,,,,,,,,,,,,,,,,,,
éste,"…sobre el gato, mientras éste descansa o duerme.",Pronoun,Noun,,,,,,,,,,,,,,,,,,,en,this,,,,,,,,
estilo,que llevar pantalones del estilo occidental tenían que llevar,Verb,yo,presente,estilar,estilarse,Adjective,Noun,,,,,,,,,,,,,,en,style,,,,,,,,
estire,"…que tu piel se estire y se arrugue, para…",Verb,él/ella/ud.,imperativo,subjuntivo presente,estirar,estirarse,imperativo,verbo,subjuntivo presente,estirar,él/ella/ud.,estirarse,,,,,,,,,en,stretch,,,,,,,,
estiró,"Extendió y estiró los pétalos hacia arriba,…",Verb,pretérito perfecto simple,él/ella/ud.,estirar,estirarse,Noun,verb,noun,pretérito perfecto simple,estirar,él/ella/ud.,estirarse,,,,,,,,,en,stretched,,,,,,,,
estofado,…Jack un poco de estofado de vegetales.,Verb,yo,pretérito perfecto compuesto,estofar,Noun,verb,noun,yo,pretérito perfecto compuesto,estofar,,,,,,,,,,,en,stew,,,,,,,,
estómagos,nuestros estómagos convierten ese alimento en…,,,,,,,,,,,,,,,,,,,,,en,stomachs,,,,,,,,
estos,…para reunirse porque durante estos primeros siglos eran en…,Pronoun,Noun,,,,,,,,,,,,,,,,,,,en,these,,,,,,,,
estrecha,…y que mantiene una estrecha,Verb,él/ella/ud.,presente,estrechar,estrecharse,Adjective,adjetivo,verbo,presente,él/ella/ud.,estrecharse,estrechar,,,,,,,,,en,"adj. narrow, tight",,,,,,,,
estrecho,…muy largo y muy estrecho.,Verb,yo,presente,estrechar,estrecharse,Adjective,Noun,verb,noun,adjective,presente,yo,estrecharse,estrechar,,,,,,,en,narrow,,,,,,,,
estrellas,"constrictor, elefantes o de estrellas",Verb,presente,tú,estrellar,estrellarse,Noun,,,,,,,,,,,,,,,en,"[n,F,pl] star; self-illuminating gaseous celestial body,",,,,,,,,
estrelló,Se estrelló tu avión,Verb,pretérito perfecto simple,él/ella/ud.,estrellar,estrellarse,,,,,,,,,,,,,,,,en,(he/she/you/it) crashed,,,,,,,,
estricto,…pero él es muy estricto.,Adjective,adjective,,,,,,,,,,,,,,,,,,,en,adj. strict; severe,,,,,,,,
estrofas,"…poema está compuesto por estrofas( los“ párrafos” del poema),…",Noun,sustantivo,,,,,,,,,,,,,,,,,,,en,"verses, stanzas",,,,,,,,
estructura,…seis patas y su estructura corporal se adapta para…,Verb,él/ella/ud.,presente,estructurar,estructurarse,Noun,verbo,presente,estructurar,él/ella/ud.,estructurarse,,,,,,,,,,en,"structure, frame; build; arrangement; plot; fabric; makeup",,,,,,,,
estructuras,…la transformación de las estructuras,Verb,presente,tú,estructurar,estructurarse,Noun,verb,noun,tú,presente,estructurar,estructurarse,,,,,,,,,en,structures,,,,,,,,
estudiando,Jennifer: Estaba estudiando el último año de…,Verb,gerundio,estudiar,Adjective,gerundio,verbo,estudiar,,,,,,,,,,,,,,en,studying,,,,,,,,
estuvieran,…como si las sílabas estuvieran hechas de hojalata y…,Verb,ellos/ellas/uds.,subjuntivo pretérito imperfecto,estar,estarse,estar,verbo,ellos/ellas/uds.,estarse,subjuntivo pretérito imperfecto,,,,,,,,,,,en,they were (subjuntive),,,,,,,,
estuvieron,"…fiesta, los dos embaucadores estuvieron levantados, con dieciséis lámparas…",Verb,pretérito perfecto simple,ellos/ellas/uds.,estar,estarse,estar,verbo,pretérito perfecto simple,ellos/ellas/uds.,estarse,,,,,,,,,,,en,They were (preterite - to be),,,,,,,,
etapa,"La extracción, primera etapa en la cadena de…",Noun,sustantivo,,,,,,,,,,,,,,,,,,,en,"n. stage, phase",,,,,,,,
etapas,moral ocurre en seis etapas las etapas,Noun,noun,,,,,,,,,,,,,,,,,,,en,stages,,,,,,,,
etimológico,El origen etimológico de la palabra tapa…,,,,,,,,,,,,,,,,,,,,,en,etymological; study of origin and grammatical derivation of words,,,,,,,,
evitado,…pero esto no ha evitado que,Verb,yo,pretérito perfecto compuesto,evitar,evitarse,verbo,yo,pretérito perfecto compuesto,evitar,evitarse,,,,,,,,,,,en,"v. avoid, evade; obviate, prevent; shirk; preclude; save",,,,,,,,
evitando,"…mantienen ocupados y entretenidos, evitando los malos hábitos.",Verb,gerundio,evitar,gerundio,verbo,evitar,,,,,,,,,,,,,,,en,avoiding,,,,,,,,
evitar,…cuerpo de químicos para evitar que tu piel se…,Verb,participio pasado,verbo,participio pasado,,,,,,,,,,,,,,,,,en,avoid,,,,,,,,
excelencia,…es la fiesta por excelencia del fuego... es una…,Noun,,,,,,,,,,,,,,,,,,,,en,"excellence, superiority",,,,,,,,
excluimos,supone si excluimos las partidas de I+…,Verb,presente,nosotros,excluir,excluirse,verbo,excluir,nosotros,presente,excluirse,,,,,,,,,,,en,exclude,,,,,,,,
excrementos,Los excrementos de los ácaros y…,Noun,,,,,,,,,,,,,,,,,,,,en,excrement,,,,,,,,
exhibir,Hemos elegido exhibir estas tallas en honor…,Verb,participio pasado,verbo,participio pasado,,,,,,,,,,,,,,,,,en,to exhibit,,,,,,,,
exhibiremos,"Rico, donde exhibiremos tallas en madera creadas…",Verb,nosotros,futuro,exhibir,exhibirse,verbo,nosotros,futuro,exhibirse,exhibir,,,,,,,,,,,en,we will exhibit,,,,,,,,
exigía,"Sin embargo, Phileas Fogg exigía de su único criado…",Verb,yo,indicativo pretérito imperfecto,exigir,verb,exigir,yo,indicativo pretérito imperfecto,,,,,,,,,,,,,en,"v. exact, demand, require; levy; need, necessitate; beg",,,,,,,,
exilio,Dispuesto a arriesgar el exilio por tu esfuerzo. Muestra…,Verb,yo,presente,exiliar,exiliarse,Noun,verb,noun,presente,yo,exiliar,exiliarse,,,,,,,,,en,"exiliar v. exile, be banished; expel, banish",,,,,,,,
existido,…fin de cuentas haber existido para demostrarme y explicarme…,Verb,yo,pretérito perfecto compuesto,existir,verbo,yo,existir,pretérito perfecto compuesto,,,,,,,,,,,,,en,existed,,,,,,,,
expectativas,por las altísimas expectativas en torno al más…,Noun,sustantivo,,,,,,,,,,,,,,,,,,,en,expectations,,,,,,,,
expíe,…sea la muerte quien expíe tus pecados.,Verb,él/ella/ud.,imperativo,expiar,verb,imperativo,él/ella/ud.,expiar,,,,,,,,,,,,,en,it expiates,,,,,,,,
explicarme,…existido para demostrarme y explicarme que yo era un…,,,,,,,,,,,,,,,,,,,,,en,"Explain to me,  explicar - to explain",,,,,,,,
explicarse,Harry intentó explicarse una vez más.,Verb,participio pasado,verbo,participio pasado,,,,,,,,,,,,,,,,,en,v. explain,,,,,,,,
explicárselo,…antes de que pudiese explicárselo.,,,,,,,,,,,,,,,,,,,,,en,To explain it,,,,,,,,
explosivos,"…y... todo tipo de explosivos legales,¿ no?",Noun,,,,,,,,,,,,,,,,,,,,en,Explosives,,,,,,,,
exponer,"Mario,¿ puedes exponer tu informe?",Verb,participio pasado,verb,participio pasado,,,,,,,,,,,,,,,,,en,to present,,,,,,,,
expresar,hablar de... expresar opiniones y... y cosas…,Verb,participio pasado,verbo,participio pasado,,,,,,,,,,,,,,,,,en,"express, utter, voice",,,,,,,,
extendía,Cada día Hansel extendía la ramita.,Verb,yo,indicativo pretérito imperfecto,extender,extenderse,verb,yo,extender,extenderse,indicativo pretérito imperfecto,,,,,,,,,,,en,extended,,,,,,,,
extiende,…km 2 que se extiende sobre las provincias de…,Verb,él/ella/ud.,presente,extender,extenderse,verbo,presente,él/ella/ud.,extender,extenderse,,,,,,,,,,,en,extender,,,,,,,,
extranjero,"…comillas en un idioma extranjero,¿ no?",Adjective,Noun,,,,,,,,,,,,,,,,,,,en,foreign,,,,,,,,
extraño,"…apartamentos, pero no será extraño verlas en gatos que…",Verb,yo,presente,extrañar,extrañarse,Adjective,Noun,verbo,presente,yo,extrañar,extrañarse,,,,,,,,,en,"adj. strange; foreign  v... to long for, miss",,,,,,,,
extraños,manera de conocerse dos extraños que se encuentran en,Adjective,Noun,,,,,,,,,,,,,,,,,,,en,strangers,,,,,,,,
fabricado,fabricado una generación,Verb,yo,pretérito perfecto compuesto,fabricar,verb,yo,pretérito perfecto compuesto,fabricar,,,,,,,,,,,,,en,manufactured,,,,,,,,
facciones,"…una cara varonil, de facciones pronunciadas, pero estaba intensamente…",Verb,tú,subjuntivo presente,faccionar,Noun,verb,noun,tú,subjuntivo presente,faccionar,,,,,,,,,,,en,features,,,,,,,,
facha,Por la facha.,Noun,,,,,,,,,,,,,,,,,,,,en,"a bit of a sight, a bit of a mess",,,,,,,,
fajinas,"…las defensas, manda construir fajinas y parapetos, recorre baluartes…",,,,,,,,,,,,,,,,,,,,,en,cummerbunds,,,,,,,,
fallar,…si el hecho de fallar o procrastinar,Verb,participio pasado,verb,participio pasado,,,,,,,,,,,,,,,,,en,to fail,,,,,,,,
fallarse,…y traidores: Le contraría fallarse de su primer propósito…,,,,,,,,,,,,,,,,,,,,,en,be failed,,,,,,,,
falta,…a la mente que falta otra media naranja verdad?,Verb,él/ella/ud.,presente,faltar,Adverb,Noun,verbo,presente,faltar,él/ella/ud.,,,,,,,,,,,en,lack,,,,,,,,
faltaba,…que notaba que le faltaba algo…,Verb,yo,indicativo pretérito imperfecto,faltar,verb,yo,faltar,indicativo pretérito imperfecto,,,,,,,,,,,,,en,was missing,,,,,,,,
familias,Los hombres de las familias que vivían en San…,Noun,,,,,,,,,,,,,,,,,,,,en,families,,,,,,,,
famosa,"…provincia de Alicante es famosa por algunos productos gastronómicos,…",Adjective,Noun,,,,,,,,,,,,,,,,,,,en,famous,,,,,,,,
famoso,…condición y ejercicio del famoso hidalgo don Quijote de…,Adjective,Noun,sustantivo,adjetivo,,,,,,,,,,,,,,,,,en,famous,,,,,,,,
fantasmas,"fantasmas, brujas…",Adjective,Noun,sustantivo,adjetivo,,,,,,,,,,,,,,,,,en,ghosts,,,,,,,,
fármaco,…para desarrollar un nuevo fármaco y conseguir que sea…,Noun,sustantivo,,,,,,,,,,,,,,,,,,,en,"drug, medicine, pharmaceutical",,,,,,,,
farol,…Apagar el farol.,Noun,noun,,,,,,,,,,,,,,,,,,,en,lantern,,,,,,,,
fase,en fase 2 de pruebas.,Noun,sustantivo,,,,,,,,,,,,,,,,,,,en,"phase, stage",,,,,,,,
fastidiaba,"…noches la flor le fastidiaba al Principito, le decía…",Verb,yo,indicativo pretérito imperfecto,fastidiar,fastidiarse,verb,yo,fastidiar,fastidiarse,indicativo pretérito imperfecto,,,,,,,,,,,en,bothered,,,,,,,,
favorece,…afirman que el presidente favorece el desarrollismo sobre la…,Verb,él/ella/ud.,presente,favorecer,favorecerse,verbo,presente,favorecer,él/ella/ud.,favorecerse,,,,,,,,,,,en,favorecer: favor,,,,,,,,
fe,…particular expresión de la fe es la más cercana…,Noun,,,,,,,,,,,,,,,,,,,,en,faith,,,,,,,,
feminicidio,"…en Chile, y un feminicidio ocurrido hace más de…",,,,,,,,,,,,,,,,,,,,,en,femicide,,,,,,,,
feria,…la firmará en la feria del libro de terror.¿…,Verb,él/ella/ud.,presente,feriar,feriarse,Noun,sustantivo,verbo,presente,él/ella/ud.,feriarse,feriar,,,,,,,,,en,"n. fair, carnival, show",,,,,,,,
ferrocarril,…que los accidentes de ferrocarril eran raras veces de…,Noun,noun,,,,,,,,,,,,,,,,,,,en,railroad,,,,,,,,
ferroviario,…la noticia del accidente ferroviario y el nombre de…,Adjective,,,,,,,,,,,,,,,,,,,,en,rail,,,,,,,,
fértil,…de San Pedro era fértil.,Adjective,Noun,,,,,,,,,,,,,,,,,,,en,"fertile, rich, rank",,,,,,,,
festivo,"…Cataluña es un día festivo, y ayer, pues celebramos…",Adjective,,,,,,,,,,,,,,,,,,,,en,"festival, holiday",,,,,,,,
fetos,Se observaron 75 fetos chupándose el dedo. Cuando…,,,,,,,,,,,,,,,,,,,,,en,fetuses,,,,,,,,
fidelidad,…la vida amistad y fidelidad inviolable.,Noun,noun,,,,,,,,,,,,,,,,,,,en,"fidelity, faithfulness",,,,,,,,
fiebre,"…garganta. A veces causa fiebre, sobre todo",Noun,noun,,,,,,,,,,,,,,,,,,,en,fever,,,,,,,,
fiera,"…o sea, comiendo una fiera.",Verb,él/ella/ud.,imperativo,ferir,Adjective,Noun,sustantivo,adjetivo,imperativo,verbo,ferir,él/ella/ud.,,,,,,,,,en,wild beast,,,,,,,,
fierros,…turbulenta detrás de los fierros mágicos de Melquíades.,,,,,,,,,,,,,,,,,,,,,en,iron,,,,,,,,
figuraba,Su nombre figuraba,Verb,yo,indicativo pretérito imperfecto,figurar,figurarse,verb,yo,figurar,figurarse,indicativo pretérito imperfecto,,,,,,,,,,,en,it appeared,,,,,,,,
fijado,…y en el comentario fijado.,Verb,yo,pretérito perfecto compuesto,fijar,fijarse,verb,yo,fijar,pretérito perfecto compuesto,fijarse,,,,,,,,,,,en,pinned,,,,,,,,
fijas,"Si te fijas, cuando piensas en media…",Verb,presente,tú,fijar,fijarse,Adjective,tú,verbo,presente,fijar,fijarse,,,,,,,,,,en,fixed,,,,,,,,
fíjate,Principito: Fíjate bien,Verb,imperativo,fijarse,Pronoun,Noun,,,,,,,,,,,,,,,,en,imagine; just look,,,,,,,,
filósofos,pero los filósofos lo ponen en duda.…,Noun,noun,,,,,,,,,,,,,,,,,,,en,philosophers,,,,,,,,
fin,"…en ella, pareció a fin de cuentas haber existido…",Pronoun,Noun,,,,,,,,,,,,,,,,,,,en,end,,,,,,,,
finca,"…constituyo frente a esta finca,",Verb,él/ella/ud.,presente,fincar,fincarse,Noun,verb,noun,presente,él/ella/ud.,fincar,fincarse,,,,,,,,,en,farm or estate,,,,,,,,
fines,"…en todo momento para fines de alumbrado y calefacción,…",Verb,presente,tú,subjuntivo presente,finar,finarse,finir,Noun,tú,verbo,presente,subjuntivo presente,finir,finar,finarse,,,,,,en,n. end,,,,,,,,
fingir,…con ellas no debía fingir las emociones que no…,Verb,participio pasado,verb,participio pasado,,,,,,,,,,,,,,,,,en,to pretend,,,,,,,,
fino,…dispersan en un polvo fino que es inhalado por…,Verb,yo,presente,finar,finarse,finir,Adjective,Noun,verbo,presente,yo,finir,finar,finarse,,,,,,,en,fine,,,,,,,,
firmará,Y la firmará en la feria del…,Verb,él/ella/ud.,futuro,firmar,firmarse,verbo,futuro,firmar,él/ella/ud.,firmarse,,,,,,,,,,,en,will sign,,,,,,,,
físicamente,"…de que no existan físicamente esos contenedores,",Adverb,Noun,noun,adverb,,,,,,,,,,,,,,,,,en,physically,,,,,,,,
físico,si yo tuviera cuerpo físico usted,Adjective,Noun,noun,adjective,,,,,,,,,,,,,,,,,en,physical,,,,,,,,
flaco,No es gordo ni flaco.,Adjective,Noun,noun,adjective,,,,,,,,,,,,,,,,,en,thin,,,,,,,,
fletes,…Occidente y precios de fletes disparados.,Verb,tú,subjuntivo presente,fletar,fletarse,verb,tú,subjuntivo presente,fletarse,fletar,,,,,,,,,,,en,freight,,,,,,,,
flojo,muy flojo… Yo creo que J.…,Adjective,adjective,,,,,,,,,,,,,,,,,,,en,"adj. loose, slack; limp; feeble; soft; fading; thin; supine; watery; threadbare",,,,,,,,
floreció,"…y en la madrugada, floreció mi flor.",Verb,pretérito perfecto simple,él/ella/ud.,florecer,florecerse,verb,pretérito perfecto simple,él/ella/ud.,florecer,florecerse,,,,,,,,,,,en,it bloomed,,,,,,,,
florencia,"…finalmente, pasaré 2 noches en Florencia.",Noun,,,,,,,,,,,,,,,,,,,,en,Florence,,,,,,,,
folclore,"…era un personaje de folclore,",Noun,noun,,,,,,,,,,,,,,,,,,,en,folklore,,,,,,,,
follar,"…Quieres follar?- Sí, eso también, pero…",Verb,participio pasado,verbo,participio pasado,,,,,,,,,,,,,,,,,en,to fuck,,,,,,,,
fomentar,"de fomentar la violencia,",Verb,participio pasado,verb,participio pasado,,,,,,,,,,,,,,,,,en,"v. foment; promote; foster, encourage; advance, develop; nourish; patronize, sponsor",,,,,,,,
forjando,"…para ellos, se fue forjando un programa de ellos,…",Verb,gerundio,forjar,gerundio,verbo,forjar,,,,,,,,,,,,,,,en,"to forge, to make up, to build up",,,,,,,,
fracasada,…de una estrategia educativa fracasada.,,,,,,,,,,,,,,,,,,,,,en,failed,,,,,,,,
fracasado,…torno al más tarde fracasado tratamiento contra el,Verb,yo,pretérito perfecto compuesto,fracasar,Adjective,adjetivo,verbo,yo,pretérito perfecto compuesto,fracasar,,,,,,,,,,,en,failed,,,,,,,,
fragmentos,"…tiempo, se juntaron los fragmentos y se publicó en…",Noun,noun,,,,,,,,,,,,,,,,,,,en,fragments,,,,,,,,
frases,"…se lo dijo, con frases entrecortadas e insinuaciones veladas…",Noun,,,,,,,,,,,,,,,,,,,,en,n.  phrase; sentence; locution,,,,,,,,
frecuente,…será más o menos frecuente según el habitat donde…,Verb,él/ella/ud.,imperativo,frecuentar,Adjective,imperativo,verbo,él/ella/ud.,frecuentar,,,,,,,,,,,,en,"frequent, common, prevalent",,,,,,,,
frecuentes,"…lugares de enterramiento, fueron frecuentes escondites para los refugiados,…",Verb,tú,subjuntivo presente,frecuentar,Adjective,tú,verbo,subjuntivo presente,frecuentar,,,,,,,,,,,,en,frequent,,,,,,,,
frente,"…despecho, se retira del frente luego de arengar a…",Adverb,Noun,,,,,,,,,,,,,,,,,,,en,"against, front; brow/forehead",,,,,,,,
fronteras,…van y vienen sin fronteras… Las mercancías entran y…,Noun,,,,,,,,,,,,,,,,,,,,en,"confines, borders, limits, boundaries",,,,,,,,
fuego,…fiesta por excelencia del fuego... es una fiesta de…,Noun,,,,,,,,,,,,,,,,,,,,en,fire,,,,,,,,
fuente,fuente:,Noun,,,,,,,,,,,,,,,,,,,,en,"fountain, source",,,,,,,,
fuera,…hacia ellos- si no fuera por la tristeza que…,Verb,yo,subjuntivo pretérito imperfecto,ir,irse,ser,Adverb,Noun,verbo,ir,ser,yo,irse,subjuntivo pretérito imperfecto,,,,,,,en,out,,,,,,,,
fuerte,Principito entonces se rió fuerte,Adjective,Noun,,,,,,,,,,,,,,,,,,,en,loudly,,,,,,,,
fuertes,El caer Los ruidos fuertes,Adjective,Noun,sustantivo,adjetivo,,,,,,,,,,,,,,,,,en,strong,,,,,,,,
fuerza,Es cuestión de fuerza.,Verb,él/ella/ud.,presente,forzar,forzarse,Noun,sustantivo,verbo,forzar,presente,él/ella/ud.,forzarse,,,,,,,,,en,force,,,,,,,,
fuese,"Si fuese real, habría rastros de…",Verb,yo,subjuntivo pretérito imperfecto,ir,irse,ser,verbo,ir,ser,yo,irse,subjuntivo pretérito imperfecto,,,,,,,,,en,were (singular past subjunctive),,,,,,,,
fundadores,…es uno de los fundadores del,Noun,noun,,,,,,,,,,,,,,,,,,,en,founders,,,,,,,,
furgoneta,su furgoneta,Noun,noun,,,,,,,,,,,,,,,,,,,en,van,,,,,,,,
furiosa,"…tu cabeza, y está furiosa.",Adjective,Adverb,adjective,adverb,,,,,,,,,,,,,,,,,en,furious,,,,,,,,
fusilamiento,"…frente al pelotón de fusilamiento, el coronel Aureliano Buendía…",Noun,noun,,,,,,,,,,,,,,,,,,,en,firing,,,,,,,,
fusión,"…siento, unión total y fusión, los celos indican que…",Noun,,,,,,,,,,,,,,,,,,,,en,fusion,,,,,,,,
gafas,"situados en la retina, gafas con microcámaras incorporadas",Verb,presente,tú,gafar,gafarse,Noun,,,,,,,,,,,,,,,en,glasses,,,,,,,,
galante,…era un hombre muy galante y de los más…,Adjective,adjective,,,,,,,,,,,,,,,,,,,en,"gallant, brave, courteous; charming, attractive",,,,,,,,
galletas,…Creo que huelo a galletas...”,Noun,noun,,,,,,,,,,,,,,,,,,,en,cookies,,,,,,,,
gallina,gallina cacarea],Noun,noun,,,,,,,,,,,,,,,,,,,en,"adj.  chicken, type of fowl; chicken hearted, cowardly, fearful; (derogatory) Peruvian",,,,,,,,
gana,De buena gana me reiría con ellos–…,Verb,él/ella/ud.,presente,ganar,ganarse,Noun,verbo,presente,ganar,él/ella/ud.,ganarse,,,,,,,,,,en,win,,,,,,,,
ganado,"El concurso fue ganado por todos, y para…",Verb,yo,pretérito perfecto compuesto,ganar,ganarse,Adjective,Noun,verbo,yo,ganar,pretérito perfecto compuesto,ganarse,,,,,,,,,en,cattle,,,,,,,,
ganso,…todos!” dice Ignacio el Ganso.,Noun,noun,,,,,,,,,,,,,,,,,,,en,Goose,,,,,,,,
garganta,"…y nos duela la garganta. A veces causa fiebre,…",Noun,noun,,,,,,,,,,,,,,,,,,,en,throat,,,,,,,,
garras,…puedan escapar de sus garras.,Verb,presente,tú,subjuntivo presente,garrar,garrir,Noun,sustantivo,tú,verbo,presente,subjuntivo presente,garrar,garrir,,,,,,,en,claws,,,,,,,,
gasto,…con un tercio del gasto.,Verb,yo,presente,gastar,gastarse,Noun,sustantivo,verbo,gastar,presente,yo,gastarse,,,,,,,,,en,"expenditure, spending, waste",,,,,,,,
gastos,"…orden son de0,99€. Sin gastos ocultos.",Noun,sustantivo,,,,,,,,,,,,,,,,,,,en,"n.  expenses, outgoings, expenditures",,,,,,,,
gastronómicos,"…famosa por algunos productos gastronómicos, los más conocidos son…",Adjective,,,,,,,,,,,,,,,,,,,,en,gastronomic; the art of good eating,,,,,,,,
gazpachos,"…nos olvidemos de los gazpachos del Pinoso o Castalla,…",,,,,,,,,,,,,,,,,,,,,en,soup made of tomatoes,,,,,,,,
gemidos,…jadeos y gemidos de terror],Noun,sustantivo,,,,,,,,,,,,,,,,,,,en,"n. groan, moan; wail; whimper, bleat n. wailing, lamenting",,,,,,,,
genealógico,"…Sirius, en el árbol genealógico",Adjective,adjective,,,,,,,,,,,,,,,,,,,en,genealogical,,,,,,,,
genéricos,"tromba los medicamentos genéricos, mucho más baratos, y…",Adjective,Noun,sustantivo,adjetivo,,,,,,,,,,,,,,,,,en,generic,,,,,,,,
género,"Para mí es un género menor, la verdad.",Noun,sustantivo,,,,,,,,,,,,,,,,,,,en,"genre, kind, type; genus; nature; gender",,,,,,,,
genial,"ser como eres, eres genial… NOT",Adjective,Noun,,,,,,,,,,,,,,,,,,,en,friendly,,,,,,,,
gente,…sin aranceles… pero la gente no.,Adverb,Noun,,,,,,,,,,,,,,,,,,,en,people,,,,,,,,
geógrafo,Yo soy historiador y geógrafo.,Noun,noun,,,,,,,,,,,,,,,,,,,en,geographer,,,,,,,,
germen,infeccioso germen digital ha contratado,Noun,noun,,,,,,,,,,,,,,,,,,,en,germ,,,,,,,,
gilipollas,"Tú eres gilipollas, tío.",,,,,,,,,,,,,,,,,,,,,en,"dickhead, arsehole [asshole, -USA], twat, arse, wanker, tosser,",,,,,,,,
gimnasia,"…llegado a profesor de gimnasia, y por último, era…",Noun,noun,,,,,,,,,,,,,,,,,,,en,gymnastics,,,,,,,,
gira,Año con año gira cada vez más rápido…,Verb,él/ella/ud.,presente,girar,Noun,verb,noun,girar,presente,él/ella/ud.,,,,,,,,,,,en,it spins,,,,,,,,
giraba,…creer que la tierra giraba en torno,Verb,yo,indicativo pretérito imperfecto,girar,verbo,girar,yo,indicativo pretérito imperfecto,,,,,,,,,,,,,en,"I / it / he / Ud. revolved, rotated, spun, turned",,,,,,,,
gire,…mujer] Gire a la izquierda.,Verb,él/ella/ud.,imperativo,girar,imperativo,verbo,girar,él/ella/ud.,,,,,,,,,,,,,en,turn,,,,,,,,
giren,"…frente, crucen el arroyo, giren a la derecha hacia…",Verb,ellos/ellas/uds.,imperativo,girar,verb,imperativo,girar,ellos/ellas/uds.,,,,,,,,,,,,,en,turn,,,,,,,,
glóin,…con tal ira en Glóin que el enano se…,,,,,,,,,,,,,,,,,,,,,en,glue,,,,,,,,
gloria,Solo es una vieja gloria desaparecida desde hace diez…,Verb,él/ella/ud.,presente,gloriar,gloriarse,Noun,verb,noun,presente,él/ella/ud.,gloriarse,gloriar,,,,,,,,,en,glory,,,,,,,,
gobernadores,…se reuniría con los gobernadores de los estados amazónicos…,Noun,sustantivo,,,,,,,,,,,,,,,,,,,en,governors,,,,,,,,
gobierno,…otras palabras… el propio gobierno de China es quien…,Verb,yo,presente,gobernar,gobernarse,Noun,sustantivo,verbo,presente,yo,gobernar,gobernarse,,,,,,,,,en,"n. government, ruling of a country or area; political control; group of people that rule a country or area; guidance, instruction; direction; management, leadership; steering",,,,,,,,
golpe,…cuando se abrió de golpe silenciosamente.,Noun,noun,,,,,,,,,,,,,,,,,,,en,suddenly,,,,,,,,
golpeando,golpeando tomás aquellos que ven…,Verb,gerundio,golpear,verb,gerundio,golpear,,,,,,,,,,,,,,,en,hitting,,,,,,,,
golpecitos,"…siete, me despertaron unos golpecitos dados en la puerta…",,,,,,,,,,,,,,,,,,,,,en,taps,,,,,,,,
golpes,"…para no agarrarnos a golpes, sí es conveniente hablar…",Noun,noun,,,,,,,,,,,,,,,,,,,en,fights,,,,,,,,
gordito,"…mediano era el más gordito, y el hermano mayor…",Noun,noun,,,,,,,,,,,,,,,,,,,en,chubby,,,,,,,,
gorra,…saco y tenía una gorra de tela blanda que…,Noun,noun,,,,,,,,,,,,,,,,,,,en,cap,,,,,,,,
gota,"…natural, no usaba ni gota de maquillaje.",Noun,sustantivo,,,,,,,,,,,,,,,,,,,en,drop,,,,,,,,
gozado,no han gozado nunca de una gran…,Verb,yo,pretérito perfecto compuesto,gozar,gozarse,verbo,gozar,yo,pretérito perfecto compuesto,gozarse,,,,,,,,,,,en,enjoyed (oneself),,,,,,,,
gozar,Mi oveja puede gozar de comer las hierbas…,Verb,participio pasado,verb,participio pasado,,,,,,,,,,,,,,,,,en,to enjoy,,,,,,,,
grabación,"Kaela, pon la grabación justo antes de que…",Noun,noun,,,,,,,,,,,,,,,,,,,en,recording,,,,,,,,
grabado,"…lo he hecho, he grabado el vídeo en inglés,…",Verb,yo,pretérito perfecto compuesto,grabar,grabarse,Adjective,Noun,verbo,yo,pretérito perfecto compuesto,grabar,grabarse,,,,,,,,,en,recorded,,,,,,,,
grado,"…supuesto un ascenso de grado, sí no me siguieran…",Verb,yo,presente,gradar,Noun,verbo,presente,yo,gradar,,,,,,,,,,,,en,step; degree,,,,,,,,
grafiti,Grafiti no es un fenómeno…,Noun,,,,,,,,,,,,,,,,,,,,en,graffiti,,,,,,,,
granja,…la calle hacia la granja.,Noun,noun,,,,,,,,,,,,,,,,,,,en,farm,,,,,,,,
grano,…así que voy al grano.,Verb,yo,presente,granar,Noun,verb,noun,presente,yo,granar,,,,,,,,,,,en,point,,,,,,,,
grapar,Se me ocurrió grapar el pelo de mi…,Verb,participio pasado,verb,participio pasado,,,,,,,,,,,,,,,,,en,to staple,,,,,,,,
gratuitas,"completamente gratuitas, y si no contáramos…",Adjective,adjetivo,,,,,,,,,,,,,,,,,,,en,free,en,"gratuito = adj. gratuitous, free of charge, free; wanton",,,,,,
graves,Graves incendios,Verb,tú,subjuntivo presente,gravar,Adjective,Noun,sustantivo,adjetivo,tú,verbo,subjuntivo presente,gravar,,,,,,,,,en,serious (plural),,,,,,,,
griego,"…Acarina o Acari, del griego akarés,"" diminuto"","" que no…",Adjective,Noun,,,,,,,,,,,,,,,,,,,en,greek,,,,,,,,
grietas,"…puede desplazarse 40 cm), las grietas de los suelos de…",Verb,presente,grietarse,Noun,verbo,presente,grietarse,,,,,,,,,,,,,,en,"n. fissure, narrow crack; cleft, seam, crack",,,,,,,,
gringos,Los gringos le robaron Arizona a…,Noun,,,,,,,,,,,,,,,,,,,,en,"foreigner, yankee, (disparaging term for white Americans used mainly by Hispanic-Americans and Latinos)",,,,,,,,
gripa,…El frío causa la gripa?¿ Por qué nos ponemos…,Verb,él/ella/ud.,presente,gripar,griparse,Noun,verb,noun,presente,él/ella/ud.,griparse,gripar,,,,,,,,,en,flu,,,,,,,,
grises,…nubes y las volvió grises.,Adjective,Noun,noun,adjective,,,,,,,,,,,,,,,,,en,gray,,,,,,,,
grita,grita despavorido],Verb,él/ella/ud.,presente,gritar,Noun,sustantivo,verbo,presente,él/ella/ud.,gritar,,,,,,,,,,,en,shout,,,,,,,,
gritar,"…persona mayor va a gritar de maravilla,""¡ Ay!",Verb,participio pasado,verb,participio pasado,,,,,,,,,,,,,,,,,en,to shout,,,,,,,,
gritaron,…Dónde?” gritaron ellos.,Verb,pretérito perfecto simple,ellos/ellas/uds.,gritar,Adjective,Noun,verb,noun,adjective,pretérito perfecto simple,ellos/ellas/uds.,gritar,,,,,,,,,en,they shouted,,,,,,,,
grito,…Abra la puerta o grito.,Verb,yo,presente,gritar,Noun,sustantivo,verbo,presente,yo,gritar,,,,,,,,,,,en,"shout, yell, scream,",,,,,,,,
gritos,gritos de ánimo de la…,Noun,,,,,,,,,,,,,,,,,,,,en,shouting,,,,,,,,
grosero,…Qué trol más grosero y gruñón!”,Adjective,adjective,,,,,,,,,,,,,,,,,,,en,rude,,,,,,,,
gruesas,…mejillas están cubiertos por gruesas capas de base barata…,Adjective,adjetivo,,,,,,,,,,,,,,,,,,,en,thick,,,,,,,,
grueso,"…la plata, no tan grueso como el de mi…",Adjective,Noun,sustantivo,adjetivo,,,,,,,,,,,,,,,,,en,"n. thickness, distance between sides, amount of material; layer",,,,,,,,
gruñir,…comenzó a quejarse a gruñir.,Verb,participio pasado,verb,participio pasado,,,,,,,,,,,,,,,,,en,to growl,,,,,,,,
gruñó,"gruñó tío Vernon, con restos…",Verb,pretérito perfecto simple,él/ella/ud.,gruñir,verbo,pretérito perfecto simple,él/ella/ud.,gruñir,,,,,,,,,,,,,en,"v. grunt, oink; growl, snarl",,,,,,,,
gruñón,…trol más grosero y gruñón!”,Adjective,adjective,,,,,,,,,,,,,,,,,,,en,grumpy,,,,,,,,
guajolota,guajolota,,,,,,,,,,,,,,,,,,,,,en,guajolota,,,,,,,,
guapísimo,Estás guapísimo.,,,,,,,,,,,,,,,,,,,,,en,very handsome,,,,,,,,
guapo,…Qué guapo estás!,Adjective,Noun,,,,,,,,,,,,,,,,,,,en,guapo handsome,,,,,,,,
guardo,Yo: Aquí guardo tu cena.,Verb,yo,presente,guardar,guardarse,Noun,verb,noun,guardarse,presente,yo,guardar,,,,,,,,,en,"guardar v. 1. put away v. (items) 2. save n. [Informática] (archivo, correo ◆ file, email) 3. guard v. 4. harbor v. US 5. harbour v. UK 6. tend v. 7. herd v. 8. keep v. 9. watch over v. 10. preserve v. 11. save v.)",en,"I keep, I save",,,,,,
guay,…Está guay.- Pues robar historias de…,,,,,,,,,,,,,,,,,,,,,en,cool,,,,,,,,
guerra,…que han revolucionado la guerra moderna.,Noun,sustantivo,,,,,,,,,,,,,,,,,,,en,"n. war, warfare;",,,,,,,,
guerrillas,"…ánimo que mostraban las guerrillas, jura castigos muy severos…",Noun,,,,,,,,,,,,,,,,,,,,en,guerrillas / gorilla warfare,,,,,,,,
gustan,"A mi no me gustan especialmente los petardos, me…",Verb,presente,ellos/ellas/uds.,gustar,verbo,presente,gustar,ellos/ellas/uds.,,,,,,,,,,,,,en,like,,,,,,,,
gustaría,Me gustaría bautizarme yo misma con…,Verb,yo,condicional,gustar,verbo,yo,gustar,condicional,,,,,,,,,,,,,en,(I/he/she/it) would like (Condicional),,,,,,,,
gusto,…junto a tu mal gusto.,Verb,yo,presente,gustar,Noun,sustantivo,verbo,presente,yo,gustar,,,,,,,,,,,en,"taste, pleasure, enthusiasm",,,,,,,,
ha,cuántas veces se ha acabado el mundo la,Noun,,,,,,,,,,,,,,,,,,,,en,has,,,,,,,,
haber,…a fin de cuentas haber existido para demostrarme y…,Verb,participio pasado,Adverb,Noun,verbo,participio pasado,,,,,,,,,,,,,,,en,"v. have, possess; get; live",en,to have,no,постојати,,,,
haberme,Y eso podría haberme supuesto un ascenso de…,Noun,,,,,,,,,,,,,,,,,,,,en,"haber  = be available, come in, there + be, there + have + been, be in place, accounts receivable. Ex: This emphasis upon 'the work' reflects the packaging of text, information, music,",,,,,,,,
había,Mi sobrina siempre había soñado con tener una…,Verb,yo,indicativo pretérito imperfecto,haber,Noun,verbo,haber,yo,indicativo pretérito imperfecto,,,,,,,,,,,,en,(I/he) had / there was,,,,,,,,
habiendo,"…oficial] Habiendo sido apercibidos,",Verb,gerundio,haber,verb,gerundio,haber,,,,,,,,,,,,,,,en,Having been,,,,,,,,
habitan,…verlas en gatos que habitan en chalets o en…,Verb,presente,ellos/ellas/uds.,habitar,verbo,presente,ellos/ellas/uds.,habitar,,,,,,,,,,,,,en,"They inhabit, live",,,,,,,,
habitat,…menos frecuente según el habitat donde se mueva y…,Noun,,,,,,,,,,,,,,,,,,,,en,Habitat,,,,,,,,
habitualmente,…lo que se hace habitualmente es... bueno es.... se…,Adverb,,,,,,,,,,,,,,,,,,,,en,"ordinarily, usually, habitually",,,,,,,,
háblale,"…con una persona mayor, háblale acerca de un nuevo…",,,,,,,,,,,,,,,,,,,,,en,speak to him/her,,,,,,,,
hacéis,…Qué coño hacéis en el Banco de…,Verb,presente,vosotros,hacer,hacerse,Noun,hacer,verbo,presente,vosotros,hacerse,,,,,,,,,,en,"hacer v. make; manufacture; create; construct, build;",,,,,,,,
hacendado,"el hacendado Vitalmiro Bastos de Moura,",Verb,yo,pretérito perfecto compuesto,hacendar,hacendarse,verb,yo,pretérito perfecto compuesto,hacendarse,hacendar,,,,,,,,,,,en,landowner,,,,,,,,
hacendados,Los hacendados están furiosos,,,,,,,,,,,,,,,,,,,,,en,landowners,,,,,,,,
hacerte,…VOZ DISTORSIONADA) No queremos hacerte daño.,,,,,,,,,,,,,,,,,,,,,en,hurt you,,,,,,,,
hacia,…del estudio que miraba hacia el parque de los…,Preposition,,,,,,,,,,,,,,,,,,,,en,towards,,,,,,,,
hacía,…Tokio] Son brasileños. Hacía tiempo que no pasaba…,Verb,yo,indicativo pretérito imperfecto,hacer,hacerse,Noun,hacer,verbo,yo,hacerse,indicativo pretérito imperfecto,,,,,,,,,,en,was,,,,,,,,
hacían,…se juntaban y qué hacían?,Verb,indicativo pretérito imperfecto,ellos/ellas/uds.,hacer,hacerse,Noun,hacer,verbo,hacerse,ellos/ellas/uds.,indicativo pretérito imperfecto,,,,,,,,,,en,They made,,,,,,,,
hacienda,…la vieja hacienda. Una hacienda no ando nada que…,Verb,él/ella/ud.,presente,hacendar,hacendarse,Noun,verbo,presente,él/ella/ud.,hacendarse,hacendar,,,,,,,,,,en,"n.  farm, ranch, homestead, large estate (in Latin America)",,,,,,,,
haciéndolos,"…los movimientos del niño, haciéndolos converger en una botellita…",,,,,,,,,,,,,,,,,,,,,en,making them,,,,,,,,
haga,"…complete como personas, nos haga sentir vivos, nos haga…",Verb,él/ella/ud.,imperativo,subjuntivo presente,hacer,hacerse,hacer,imperativo,verbo,subjuntivo presente,hacerse,él/ella/ud.,,,,,,,,,en,(él/ella/Ud./yo) make; do,,,,,,,,
hago,…Si te quedas te hago Ministro de Justicia.,Verb,yo,presente,hacer,hacerse,Noun,verb,noun,hacer,presente,yo,hacerse,,,,,,,,,en,I make,,,,,,,,
hallado,"…pensado detenidamente, y he hallado una solución.",Verb,yo,pretérito perfecto compuesto,hallar,hallarse,verb,yo,hallar,pretérito perfecto compuesto,hallarse,,,,,,,,,,,en,found,,,,,,,,
hallan,…del recinto donde se hallan.,Verb,presente,ellos/ellas/uds.,hallar,hallarse,verbo,presente,hallar,ellos/ellas/uds.,hallarse,,,,,,,,,,,en,"to find, to discover",,,,,,,,
hallándome,Y hallándome desacomodado y habiendo sabido…,,,,,,,,,,,,,,,,,,,,,en,finding myself,,,,,,,,
hallar,"…dio la vuelta para hallar las migajas,¡ pero habían…",Verb,participio pasado,verb,participio pasado,,,,,,,,,,,,,,,,,en,find,,,,,,,,
hallaron,Los niños hallaron una cesta y la…,Verb,pretérito perfecto simple,ellos/ellas/uds.,hallar,hallarse,verb,hallar,pretérito perfecto simple,ellos/ellas/uds.,hallarse,,,,,,,,,,,en,found,,,,,,,,
hallarse,…por oculto que pudiera hallarse del que no pareciese…,Verb,participio pasado,verb,participio pasado,,,,,,,,,,,,,,,,,en,to be found,,,,,,,,
hambre,"sed, de morir de hambre o talvez algo peor",Adverb,Noun,,,,,,,,,,,,,,,,,,,en,hungry,,,,,,,,
harás,"Tú harás las tareas domésticas,¡ luego…",Verb,tú,futuro,hacer,hacerse,verb,hacer,tú,futuro,hacerse,,,,,,,,,,,en,you will do,,,,,,,,
haré,…en el viaje que haré a Italia.,Verb,yo,futuro,hacer,hacerse,hacer,verbo,yo,futuro,hacerse,,,,,,,,,,,zh-tw,I will do / I will make,,,,,,,,
haremos,"Oye,¿ sabes qué haremos hoy?",Verb,nosotros,futuro,hacer,hacerse,hacer,verbo,nosotros,futuro,hacerse,,,,,,,,,,,en,"we make, we do, we have",,,,,,,,
haría,…Por qué haría Nando algo así?,Verb,yo,condicional,hacer,hacerse,hacer,verbo,yo,condicional,hacerse,,,,,,,,,,,en,would do,,,,,,,,
harian,"…hacerlo, ellos mismos lo harian, ellos mismos lo hacen.",,,,,,,,,,,,,,,,,,,,,en,they would,,,,,,,,
harto,Yo ya estaba harto de las preguntas del…,Verb,yo,presente,hartar,hartarse,Adverb,verb,presente,yo,adverb,hartarse,hartar,,,,,,,,,en,"satiated, sated; jaded, dulled by overuse or overindulgence",en,fed up,,,,,,
hasta,"Camarera: Gracias, hasta otro día.",Adverb,Preposition,,,,,,,,,,,,,,,,,,,en,until,,,,,,,,
haya,"No. No, no. Quien haya escrito esto tuvo que…",Verb,él/ella/ud.,imperativo,haber,Adjective,Noun,sustantivo,adjetivo,imperativo,verbo,haber,él/ella/ud.,,,,,,,,,en,"v. have, possess; get; live",en,"i/he/she  have, possess (subjunctive)",en,I have; he/she/it has/have (present subjunctive),,,,
hayan,muchos supuestos profetas hayan indicado,Verb,ellos/ellas/uds.,imperativo,haber,imperativo,verbo,haber,ellos/ellas/uds.,,,,,,,,,,,,,en,have,,,,,,,,
hazme,desierto........ sino esta manera.......Hazme preguntas,,,,,,,,,,,,,,,,,,,,,en,Make me,,,,,,,,
he,No le he oído bien Camarera: 4 euros…,Verb,yo,presente,haber,Noun,verbo,haber,presente,yo,,,,,,,,,,,,en,I have,,,,,,,,
hecho,Lo ha hecho contra la recomendación de…,Verb,yo,pretérito perfecto compuesto,hacer,hacerse,Adjective,Noun,hacer,verbo,yo,pretérito perfecto compuesto,hacerse,,,,,,,,,en,fact,en,done/made/fact/incident,en,"n. deed; fact, thing; done; event, occurrence",,,,
hectáreas,de 140 mil hectáreas en Anapú.,Noun,noun,,,,,,,,,,,,,,,,,,,en,hectares,,,,,,,,
helado,"…soleado, y podrás tomar helado todos los días.",Verb,él/ella/ud.,pretérito perfecto compuesto,helar,helarse,Adjective,Noun,sustantivo,adjetivo,verbo,pretérito perfecto compuesto,él/ella/ud.,helarse,helar,,,,,,,en,frozen,,,,,,,,
hembras,Las hembras ponen los huevos sobre…,Adjective,Noun,,,,,,,,,,,,,,,,,,,en,n. females (biology); women,,,,,,,,
hemos,Hemos...,Verb,presente,nosotros,haber,Noun,verb,noun,haber,nosotros,presente,,,,,,,,,,,en,We have,,,,,,,,
heredado,…de un orden social heredado. Para la derecha son,Verb,yo,pretérito perfecto compuesto,heredar,Adjective,verb,adjective,yo,pretérito perfecto compuesto,heredar,,,,,,,,,,,en,inherited,,,,,,,,
heredé,"Heredé su nombre, pero no…",Verb,yo,pretérito perfecto simple,heredar,verbo,yo,pretérito perfecto simple,heredar,,,,,,,,,,,,,en,I inherited (v.heredar),,,,,,,,
herida,"y herida de gravedad, pero ya…",Adjective,Noun,noun,adjective,,,,,,,,,,,,,,,,,en,injured,,,,,,,,
herramientas,"saqué la caja de herramientas, abrí el capó, o",Noun,,,,,,,,,,,,,,,,,,,,en,"(f) n. tool, implement n. gear, outfit, kit",,,,,,,,
hiciera,"…vez que no lo hiciera, pero no tuve piedad.…",Verb,yo,subjuntivo pretérito imperfecto,hacer,hacerse,Noun,sustantivo,hacer,verbo,yo,hacerse,subjuntivo pretérito imperfecto,,,,,,,,,en,conjugation of hacer,en,"I/he/she did,made (subjunctive imperfect)",,,,,,
hidalgo,…y ejercicio del famoso hidalgo don Quijote de la…,Adjective,Noun,sustantivo,adjetivo,,,,,,,,,,,,,,,,,en,Gentleman,,,,,,,,
hidratado,bien hidratado y alimentado. Un resfriado…,Verb,yo,pretérito perfecto compuesto,hidratar,hidratarse,verb,yo,pretérito perfecto compuesto,hidratar,hidratarse,,,,,,,,,,,en,hydrated,,,,,,,,
hidratos,…y microorganismos descomponen los hidratos de carbono,,,,,,,,,,,,,,,,,,,,,en,carbohydrates,,,,,,,,
hidráulico,Ingeniero hidráulico.,,,,,,,,,,,,,,,,,,,,,en,hydraulic,,,,,,,,
hidrocarburos,…la roca generadora de hidrocarburos líquidos y gaseosos más…,Noun,sustantivo,,,,,,,,,,,,,,,,,,,en,oil; fossil fuels; hydrocarbons,,,,,,,,
hielo,…llevó a conocer el hielo.,Noun,noun,,,,,,,,,,,,,,,,,,,en,ice,,,,,,,,
hienas,…decirle que pronto las hienas se lo comerían.,Noun,noun,,,,,,,,,,,,,,,,,,,en,hyenas,,,,,,,,
hierba,…esta oveja necesitará mucha hierba?,Verb,él/ella/ud.,presente,herbar,Noun,verb,noun,presente,él/ella/ud.,herbar,,,,,,,,,,,en,"grass, herb",,,,,,,,
hija,"…con mis cuñados, su hija, y unos amigos que…",Noun,,,,,,,,,,,,,,,,,,,,en,daughter,,,,,,,,
hilo,…la idea con El hilo siempre fue traer la…,Verb,yo,presente,hilar,Noun,verbo,presente,yo,hilar,,,,,,,,,,,,en,thread,,,,,,,,
hispanos,…de unos 2 billones hispanos de dólares.,Pronoun,Noun,pronombre,sustantivo,,,,,,,,,,,,,,,,,en,Hispanics,,,,,,,,
hizo,"…que el caso se hizo público, Lorena dice que…",Verb,pretérito perfecto simple,él/ella/ud.,hacer,hacerse,Noun,hacer,verbo,pretérito perfecto simple,hacerse,él/ella/ud.,,,,,,,,,,en,he/she/it did; made,,,,,,,,
hogar,…deseosos por un nuevo hogar.,Noun,,,,,,,,,,,,,,,,,,,,en,"n: home, fireplace, hearth",,,,,,,,
hogares,…y para siempre los hogares.,Noun,,,,,,,,,,,,,,,,,,,,en,home; fireplace,,,,,,,,
hogaza,Ella les dio una hogaza de pan para su…,,,,,,,,,,,,,,,,,,,,,en,loaf,,,,,,,,
hogazas,…eran tan largos como hogazas de pan.,,,,,,,,,,,,,,,,,,,,,en,loaves,,,,,,,,
hogueras,"…tiran petardos, se encienden hogueras en los barrios... lo…",Noun,,,,,,,,,,,,,,,,,,,,en,bonfires,,,,,,,,
hoja,…Principito se llevó la hoja de papel a sus…,Noun,noun,,,,,,,,,,,,,,,,,,,en,leaf,en,sheet,,,,,,
hojalata,…sílabas estuvieran hechas de hojalata y lastimaran el techo…,Noun,sustantivo,,,,,,,,,,,,,,,,,,,en,"tin, aluminum, type of metal",,,,,,,,
hombro,…atrás por encima del hombro.,Noun,noun,,,,,,,,,,,,,,,,,,,en,shoulder,,,,,,,,
homicidio,…era el sospechoso del homicidio de una joven en…,Noun,,,,,,,,,,,,,,,,,,,,en,"n. homicide, murder",,,,,,,,
hongo,Realmente tú eres un hongo¿ Sabes?,Noun,noun,,,,,,,,,,,,,,,,,,,en,mushroom,,,,,,,,
hongos,Todas esas personas son hongos porque no pueden entender…,Noun,noun,,,,,,,,,,,,,,,,,,,en,mushrooms,,,,,,,,
honrado,"Creo ser honrado, aunque, a decir verdad,…",Verb,yo,pretérito perfecto compuesto,honrar,honrarse,Adjective,Noun,verb,noun,adjective,yo,pretérito perfecto compuesto,honrarse,honrar,,,,,,,en,honest,,,,,,,,
honran,…más grandes oradores que honran a Inglaterra.,Verb,presente,ellos/ellas/uds.,honrar,honrarse,verb,presente,ellos/ellas/uds.,honrarse,honrar,,,,,,,,,,,en,they honor,,,,,,,,
hornear,Me gusta hornear galletas y caminar por…,Verb,participio pasado,verb,participio pasado,,,,,,,,,,,,,,,,,en,to bake,,,,,,,,
horrorizaba,que le horrorizaba era la posibilidad de…,Verb,yo,indicativo pretérito imperfecto,horrorizar,horrorizarse,verbo,yo,horrorizarse,horrorizar,indicativo pretérito imperfecto,,,,,,,,,,,en,dreaded,,,,,,,,
hostia,Hostia puta.,Noun,sustantivo,,,,,,,,,,,,,,,,,,,en,"Host, consecrated bread used during Communion (Christianity)",,,,,,,,
http,http:// www. psicologiayautoayuda. com/2011/01/ existe-…,Noun,,,,,,,,,,,,,,,,,,,,en,http://www.youtube.com/watch?v=sb2YOg_dkQM,,,,,,,,
hubiera,…mil veces que nunca hubiera aparecido este hombre otra…,Verb,yo,subjuntivo pretérito imperfecto,haber,Adjective,Noun,verbo,haber,yo,subjuntivo pretérito imperfecto,,,,,,,,,,,en,would have  (v. subj. imperfecto: haber),,,,,,,,
hubo,"…y para cada premiado hubo una ovación, una lluvia…",Verb,pretérito perfecto simple,él/ella/ud.,haber,verbo,haber,pretérito perfecto simple,él/ella/ud.,,,,,,,,,,,,,en,there was,,,,,,,,
huecos,la caja y los huecos eran para que la,Noun,,,,,,,,,,,,,,,,,,,,en,holes,,,,,,,,
huele,Esto huele a mierda.,Verb,él/ella/ud.,presente,oler,verb,presente,oler,él/ella/ud.,,,,,,,,,,,,,en,smells,,,,,,,,
hueles,"Hueles el estofado de vegetales,…",Verb,presente,tú,oler,verb,tú,presente,oler,,,,,,,,,,,,,en,You smell,,,,,,,,
huelo,…Creo que huelo a galletas...”,Verb,yo,presente,oler,verb,presente,yo,oler,,,,,,,,,,,,,en,smell,,,,,,,,
huérfano,a un huérfano friqui.¿ No habéis visto…,Adjective,Noun,noun,adjective,,,,,,,,,,,,,,,,,en,orphan,,,,,,,,
huéspedes,…permite trasladarse entre sus huéspedes.,Noun,,,,,,,,,,,,,,,,,,,,en,guests,,,,,,,,
huesudo,"Yo soy pequeño y huesudo, y tengo sabor a…",,,,,,,,,,,,,,,,,,,,,en,"bony, scrawny",,,,,,,,
huevo,"…mediante metamorfosis desde el huevo a la forma adulta,…",Verb,yo,presente,huevar,Noun,verbo,presente,yo,huevar,,,,,,,,,,,,en,egg,,,,,,,,
huevos,"Las hembras ponen los huevos sobre el gato, mientras…",Noun,,,,,,,,,,,,,,,,,,,,en,eggs,,,,,,,,
huir,…particulares rusos que intentan huir,Verb,participio pasado,Noun,sustantivo,verbo,participio pasado,,,,,,,,,,,,,,,en,"flee, run away",,,,,,,,
humanitaria,"…una persona sociable, agradable, humanitaria.",Adjective,,,,,,,,,,,,,,,,,,,,en,Humanitarian,,,,,,,,
humo,"…enfermar, como polvo y humo. Además ayudan a mantener…",Verb,yo,presente,humar,Noun,verb,noun,presente,yo,humar,,,,,,,,,,,en,smoke,,,,,,,,
hunden,"…más baratos, y que hunden tanto la facturación",Verb,presente,ellos/ellas/uds.,hundir,hundirse,hundir,verbo,presente,ellos/ellas/uds.,hundirse,,,,,,,,,,,en,"* hundirse = collapse, founder, go under, subside, plummet.",,,,,,,,
hundo,…una palabra o te hundo.,Verb,yo,presente,hundir,hundirse,hundir,verbo,presente,yo,hundirse,,,,,,,,,,,en,"I sink, collapse, go under [hundir]",,,,,,,,
hurtadillas,…Gretel se fue a hurtadillas a donde estaba su…,,,,,,,,,,,,,,,,,,,,,en,on the sly,,,,,,,,
iba,"Y,¿ A dónde iba a llevar la oveja?",Verb,yo,indicativo pretérito imperfecto,ir,irse,Adjective,Noun,verb,noun,adjective,ir,yo,irse,indicativo pretérito imperfecto,,,,,,,en,was going,,,,,,,,
idioma,Delito de idioma.,Noun,,,,,,,,,,,,,,,,,,,,en,"(m) language, idiom",,,,,,,,
idiota,…Acaso tengo cara de idiota?,Adjective,Noun,sustantivo,adjetivo,,,,,,,,,,,,,,,,,en,Moron,,,,,,,,
ido,Ella se había ido.,Verb,yo,pretérito perfecto compuesto,ir,irse,Adjective,Noun,verb,noun,adjective,ir,yo,pretérito perfecto compuesto,irse,,,,,,,en,gone,,,,,,,,
iglesia,…tan cerca es su iglesia a la primera iglesia…,Noun,,,,,,,,,,,,,,,,,,,,en,church,,,,,,,,
ignacio,…Hola a todos!” dice Ignacio el Ganso.,Noun,noun,,,,,,,,,,,,,,,,,,,en,Ignacio,,,,,,,,
igual,…no me siguieran considerando igual de ridículo que antes.,Adjective,Adverb,,,,,,,,,,,,,,,,,,,en,"equal, same",,,,,,,,
igualdad,"…con valores como la igualdad, la rebeldía, el cuestionamiento,",Noun,noun,,,,,,,,,,,,,,,,,,,en,equality,,,,,,,,
ilegal,…migrantes están en situación ilegal.,Adjective,,,,,,,,,,,,,,,,,,,,en,illegal,,,,,,,,
ilumina,Ilumina cada nervio con locura.,Verb,él/ella/ud.,presente,iluminar,verb,presente,él/ella/ud.,iluminar,,,,,,,,,,,,,en,Illuminate,,,,,,,,
imágenes,…que quien vió las imágenes en redes y en…,Noun,,,,,,,,,,,,,,,,,,,,en,"[n,F,pl] image, picture; visualization; similitude; imago, idealized mental image of someone",,,,,,,,
imaginados,"…el futuro suelen ser imaginados. Y claro, en lo…",,,,,,,,,,,,,,,,,,,,,en,imagined,,,,,,,,
imaginaréis,"…de Scalable, como ya imaginaréis una de las opciones…",Verb,futuro,vosotros,imaginar,imaginarse,verbo,futuro,vosotros,imaginar,imaginarse,,,,,,,,,,,en,imagine,,,,,,,,
imagínate,"Jennifer: Pues imagínate,¿ no?",Verb,imperativo,imaginarse,Pronoun,Noun,imperativo,verbo,imaginarse,,,,,,,,,,,,,en,"imagine, suppose (yourself command)",,,,,,,,
imagino,Ya me imagino.,Verb,yo,presente,imaginar,imaginarse,Noun,verbo,presente,yo,imaginar,imaginarse,,,,,,,,,,en,imagine,,,,,,,,
impactante,…nos encontramos con algo impactante.,Adjective,,,,,,,,,,,,,,,,,,,,en,impressive,,,,,,,,
impecable,…Lisette] : Impecable.,Adjective,adjetivo,,,,,,,,,,,,,,,,,,,en,"impeccable, faultless",,,,,,,,
impedir,"…loncha de jamón, para impedir que entrasen moscas o…",Verb,participio pasado,verbo,participio pasado,,,,,,,,,,,,,,,,,en,prevent,,,,,,,,
impera,La única ley que impera aquí,Verb,él/ella/ud.,presente,imperar,verb,presente,él/ella/ud.,imperar,,,,,,,,,,,,,en,prevails,,,,,,,,
imperdible,serie completamente imperdible una serie,,,,,,,,,,,,,,,,,,,,,en,unmissable,,,,,,,,
imperio,…de muchas ciudades del Imperio.,Noun,,,,,,,,,,,,,,,,,,,,en,Empire,,,,,,,,
impiden,Las espinas impiden que el animal arranque…,Verb,presente,ellos/ellas/uds.,impedir,verb,presente,impedir,ellos/ellas/uds.,,,,,,,,,,,,,en,prevent,,,,,,,,
importantes,…de las noticias más importantes de la región y…,Adjective,Noun,,,,,,,,,,,,,,,,,,,en,important,,,,,,,,
Impresiónenme o les sugiero que hagan las maletas,Impresiónenme o les sugiero que hagan las maletas.,,,,,,,,,,,,,,,,,,,,,en,Impress me or I suggest you pack your bags.,,,,,,,,
impuesto,…estrictas medidas que ha impuesto,Verb,yo,pretérito perfecto compuesto,imponer,imponerse,Noun,verb,noun,yo,pretérito perfecto compuesto,imponer,imponerse,,,,,,,,,en,tax,,,,,,,,
impulsar,"…calefacción, así como para impulsar alguno de los innumerables…",Verb,participio pasado,verbo,participio pasado,,,,,,,,,,,,,,,,,en,"impel, act, propel",,,,,,,,
incendios,Graves incendios,Noun,sustantivo,,,,,,,,,,,,,,,,,,,en,Fires,,,,,,,,
incinerarnos,…nos dan ganas de incinerarnos.,,,,,,,,,,,,,,,,,,,,,en,incinerate us,,,,,,,,
incómodo,"…estaba sudando, yo estaba incómodo, y estaba irritado y…",Adjective,adjective,,,,,,,,,,,,,,,,,,,en,"adj.  uncomfortable, uneasy, inopportune, inconvenient",en,uncomfortable,en,"uncomfortable, awkward, uneasy",,,,
inculcaron,"…los valores que te inculcaron, pero también los intereses…",Verb,pretérito perfecto simple,ellos/ellas/uds.,inculcar,inculcarse,verb,pretérito perfecto simple,ellos/ellas/uds.,inculcarse,inculcar,,,,,,,,,,,en,they instilled,,,,,,,,
indagar,"…es que es intrigante indagar de dónde venimos,",Verb,participio pasado,verbo,participio pasado,,,,,,,,,,,,,,,,,en,"look into, investigate",,,,,,,,
indicado,muchos supuestos profetas hayan indicado,Verb,yo,pretérito perfecto compuesto,indicar,Adjective,verbo,yo,indicar,pretérito perfecto compuesto,,,,,,,,,,,,en,indicated,,,,,,,,
indicadora,Una aguja indicadora señala el momento en…,,,,,,,,,,,,,,,,,,,,,en,indicator,,,,,,,,
indican,"…y fusión, los celos indican que me ama, mi…",Verb,presente,ellos/ellas/uds.,indicar,verbo,presente,indicar,ellos/ellas/uds.,,,,,,,,,,,,,en,indicate,,,,,,,,
indignadito,"…Qué eres, un alumno indignadito?",,,,,,,,,,,,,,,,,,,,,en,indignant,,,,,,,,
induciros,…vamos a proceder a induciros al sueño.,,,,,,,,,,,,,,,,,,,,,en,to induce you,,,,,,,,
indudable,A pesar de su indudable éxito comercial.,Adjective,adjetivo,,,,,,,,,,,,,,,,,,,en,undoubtably,,,,,,,,
inescrutable,"Ante misterio tan inescrutable, uno no se atreve",,,,,,,,,,,,,,,,,,,,,en,"inscrutable (incapable of being investigated, analyzed, or scrutinized; impenetrable.)",,,,,,,,
inestimable,"…materiales de arte, es inestimable para",Adjective,adjetivo,,,,,,,,,,,,,,,,,,,en,invaluable,,,,,,,,
inevitable,…a Boris.- Eso es inevitable.,Adjective,adjective,,,,,,,,,,,,,,,,,,,en,inevitable,,,,,,,,
infamia,Eso es una infamia.,Noun,noun,,,,,,,,,,,,,,,,,,,en,"n. infamy, bad reputation, public shame or disgrace; wicked or immoral act",,,,,,,,
infancia,1927 durante su infancia fue criado por,Noun,noun,,,,,,,,,,,,,,,,,,,en,childhood,,,,,,,,
infantil,"…perfección al delicado cuerpo infantil, mediante cómodos cinturones, pulseras,…",Adjective,Noun,,,,,,,,,,,,,,,,,,,en,"infantile, childish",,,,,,,,
infeccioso,infeccioso germen digital ha contratado,,,,,,,,,,,,,,,,,,,,,en,infectious,,,,,,,,
infelices,…a mí porque son infelices en las relaciones de…,Adjective,Noun,,,,,,,,,,,,,,,,,,,en,unhappy,,,,,,,,
infinidad,infinidad de fechas para ello…,Noun,,,,,,,,,,,,,,,,,,,,en,infinity,,,,,,,,
infrecuente,No es infrecuente tampoco la presencia en…,Adjective,,,,,,,,,,,,,,,,,,,,en,uncommon; infrequent,,,,,,,,
ingenio,"…cargadas de humor e ingenio, además de una gran…",Verb,yo,presente,ingeniar,ingeniarse,Noun,sustantivo,verbo,presente,yo,ingeniarse,ingeniar,,,,,,,,,en,"ingenuity, skillfulness, cleverness, inventiveness, ingeniousness,",,,,,,,,
inglaterra,"No decimos"" estaré en Inglaterra por dos años"".",Noun,,,,,,,,,,,,,,,,,,,,en,England,,,,,,,,
ingleses,…ambas lenguas empleando términos ingleses sin traducir.,Adjective,Noun,noun,adjective,,,,,,,,,,,,,,,,,en,English,,,,,,,,
inhóspito,en este lejano e inhóspito lugar?,Adjective,adjective,,,,,,,,,,,,,,,,,,,en,inhospitable,,,,,,,,
iniciativa,nuestra iniciativa hace cinco años ofreciendo…,Noun,sustantivo,,,,,,,,,,,,,,,,,,,en,Initiative,,,,,,,,
inicio,…sus insoportables tíos el inicio del segundo curso del…,Verb,yo,presente,iniciar,iniciarse,Noun,sustantivo,verbo,presente,yo,iniciar,iniciarse,,,,,,,,,en,"initiation, beginning, commencement; introduction; kick off",,,,,,,,
inmensa,…la que probablemente la inmensa mayoría de vosotros jamás…,Adjective,Noun,sustantivo,adjetivo,,,,,,,,,,,,,,,,,en,immense,,,,,,,,
inmueble,…procedan a desalojar el inmueble por su propia voluntad,Noun,noun,,,,,,,,,,,,,,,,,,,en,property,,,,,,,,
innumerables,"…impulsar alguno de los innumerables artefactos que invaden ahora,…",Adjective,,,,,,,,,,,,,,,,,,,,en,"countless, innumerable",,,,,,,,
inquietantes,"…payasos asesinos son muy inquietantes, pero es eso…",Adjective,adjetivo,,,,,,,,,,,,,,,,,,,en,disturbing,,,,,,,,
inquilino,"…los hábitos invariables del inquilino, el servicio no era…",,,,,,,,,,,,,,,,,,,,,en,"occupant, tenant; renter; inmate",,,,,,,,
insinuaciones,…con frases entrecortadas e insinuaciones veladas que lo revelaban…,Noun,sustantivo,,,,,,,,,,,,,,,,,,,en,insinuations,,,,,,,,
insinuado,"Lo has insinuado, Sebas.",Verb,yo,pretérito perfecto compuesto,insinuar,insinuarse,verbo,yo,pretérito perfecto compuesto,insinuar,insinuarse,,,,,,,,,,,en,implied,,,,,,,,
insoportables,…en casa de sus insoportables tíos el inicio del…,Adjective,adjetivo,,,,,,,,,,,,,,,,,,,en,unbearable,,,,,,,,
instaron,…resistencia. Los vecinos le instaron a,Verb,pretérito perfecto simple,ellos/ellas/uds.,instar,verb,pretérito perfecto simple,ellos/ellas/uds.,instar,,,,,,,,,,,,,en,urged,,,,,,,,
instintos,Todos mis instintos médicos se alzaron contra…,Noun,noun,,,,,,,,,,,,,,,,,,,en,instincts,,,,,,,,
intensidad,"…controlar el grado de intensidad del discurso,¿ no?",Noun,,,,,,,,,,,,,,,,,,,,en,"intensity, depth, strength",,,,,,,,
intentan,…ciudadanos particulares rusos que intentan huir,Verb,presente,ellos/ellas/uds.,intentar,verbo,presente,intentar,ellos/ellas/uds.,,,,,,,,,,,,,en,"v.  intend; try, attempt; bring",,,,,,,,
intentó,Harry intentó explicarse una vez más.,Verb,pretérito perfecto simple,él/ella/ud.,intentar,Noun,sustantivo,verbo,intentar,pretérito perfecto simple,él/ella/ud.,,,,,,,,,,,en,intentó attempted,,,,,,,,
intercambiaste,Intercambiaste nuestra única vaca por…,Verb,pretérito perfecto simple,tú,intercambiar,verb,tú,pretérito perfecto simple,intercambiar,,,,,,,,,,,,,en,You exchanged,,,,,,,,
interesa,…Te interesa?,Verb,él/ella/ud.,presente,interesar,interesarse,verbo,presente,interesar,él/ella/ud.,interesarse,,,,,,,,,,,en,interest,,,,,,,,
interesar,"…la finca; se dejaba interesar lentamente por la trama,…",Verb,participio pasado,verbo,participio pasado,,,,,,,,,,,,,,,,,en,"v. interest, attract, appeal",,,,,,,,
interferencias,interferencias de radio],Noun,,,,,,,,,,,,,,,,,,,,en,interferences,,,,,,,,
interminables,en conflictos internos interminables. Cuando la izquierda logra…,Adjective,adjective,,,,,,,,,,,,,,,,,,,en,endless,,,,,,,,
interrogarlo,"…papeles en cualquier lugar, interrogarlo y mandarlo a la…",,,,,,,,,,,,,,,,,,,,,en,"to interrogate him,it",,,,,,,,
íntima,"…los años de nuestra íntima amistad, solo dos le…",Adjective,adjective,,,,,,,,,,,,,,,,,,,en,intimate,,,,,,,,
inútil,…murmuró y refunfuñó:“¡ Niña inútil!,Adjective,Noun,noun,adjective,,,,,,,,,,,,,,,,,en,useless,,,,,,,,
inútiles,de inútiles involuntarios.,Adjective,adjective,,,,,,,,,,,,,,,,,,,en,useless,,,,,,,,
invade,"…tanto, esta pregunta te invade.",Verb,él/ella/ud.,presente,invadir,verb,presente,él/ella/ud.,invadir,,,,,,,,,,,,,en,invades,,,,,,,,
invaden,"…los innumerables artefactos que invaden ahora, y para siempre…",Verb,presente,ellos/ellas/uds.,invadir,verbo,presente,ellos/ellas/uds.,invadir,,,,,,,,,,,,,en,(they) invade; impinge; encroach; raid,,,,,,,,
invadió,"…del siglo 19, Estados Unidos invadió ese estado.",Verb,pretérito perfecto simple,él/ella/ud.,invadir,verbo,pretérito perfecto simple,él/ella/ud.,invadir,,,,,,,,,,,,,en,invaded,,,,,,,,
invariablemente,"…el espejo le contestaba, invariablemente:",Adverb,adverb,,,,,,,,,,,,,,,,,,,en,invariably,,,,,,,,
invernadero,…gas principal de efecto invernadero.,Adjective,Noun,noun,adjective,,,,,,,,,,,,,,,,,en,greenhouse,,,,,,,,
invertido,…de todo ese dinero invertido viene de empresas estatales…,Verb,yo,pretérito perfecto compuesto,invertir,Adjective,adjetivo,verbo,yo,pretérito perfecto compuesto,invertir,,,,,,,,,,,en,invested,,,,,,,,
investigación,…un plazo inicial de investigación de seis meses.,Noun,,,,,,,,,,,,,,,,,,,,en,"investigation, inquiry; research; watch",,,,,,,,
investigar,…la Fiscalía tiene que investigar más detalles en torno…,Verb,participio pasado,verbo,participio pasado,,,,,,,,,,,,,,,,,en,investigate,,,,,,,,
invidencia,La cura de la invidencia pasa por añadir características,,,,,,,,,,,,,,,,,,,,,en,"(f) - n. sightlessness, blindness",,,,,,,,
invierno,…de15° C en el invierno.,Verb,yo,presente,invernar,Adverb,Noun,sustantivo,adverbio,verbo,presente,yo,invernar,,,,,,,,,de,winter,,,,,,,,
invierta,"invierta en otras empresas? Veréis,…",Verb,él/ella/ud.,imperativo,invertir,imperativo,verbo,invertir,él/ella/ud.,,,,,,,,,,,,,en,invest,,,,,,,,
inviolable,…vida amistad y fidelidad inviolable.,Adjective,adjective,,,,,,,,,,,,,,,,,,,en,incorruptable,,,,,,,,
invirtiendo,…empresas estatales chinas están invirtiendo,Verb,gerundio,invertir,gerundio,verbo,invertir,,,,,,,,,,,,,,,en,"invertirv. invert, reverse; put, place; invest",,,,,,,,
involuntarios,de inútiles involuntarios.,,,,,,,,,,,,,,,,,,,,,en,involuntary,,,,,,,,
iré,"…días en Roma, luego iré a visitar a unos…",Verb,yo,futuro,ir,irse,verbo,ir,yo,futuro,irse,,,,,,,,,,,en,I will go,,,,,,,,
irlandés,un irlandés con una empresa en…,Adjective,Noun,sustantivo,adjetivo,,,,,,,,,,,,,,,,,en,Irish,,,,,,,,
ironías,Ironías de la vida.,Noun,,,,,,,,,,,,,,,,,,,,en,"ironies, an ironic twist",,,,,,,,
irritar,y qué le hacía irritar.,Verb,participio pasado,verbo,participio pasado,,,,,,,,,,,,,,,,,en,irritate,,,,,,,,
jabatillo,"…pasar por allí un jabatillo, lo degolló, le sacó…",,,,,,,,,,,,,,,,,,,,,en,young wild boar,,,,,,,,
jadea,…mujer jadea agitada],Verb,él/ella/ud.,presente,jadear,verbo,presente,él/ella/ud.,jadear,,,,,,,,,,,,,en,"gasps, pants, struggles for breath (v. jadear)",,,,,,,,
jadeos,jadeos],,,,,,,,,,,,,,,,,,,,,en,"pant, fast heavy breathing",,,,,,,,
jaló,"Entonces, el Principito jaló la pita que estaba…",Verb,pretérito perfecto simple,él/ella/ud.,jalar,jalarse,verb,pretérito perfecto simple,jalar,él/ella/ud.,jalarse,,,,,,,,,,,en,pulled,,,,,,,,
jamás,No tengo pruebas suficientes. Jamás me creerían.,Adverb,Noun,noun,adverb,,,,,,,,,,,,,,,,,en,Never,,,,,,,,
jatobá,"de cedro, con el jatobá?",,,,,,,,,,,,,,,,,,,,,en,common American hardwood,,,,,,,,
jaula,…a través de la jaula.,Noun,noun,,,,,,,,,,,,,,,,,,,en,cage,,,,,,,,
jerarquía,"importantes valores como la jerarquía, el deber, la tradición,…",Noun,noun,,,,,,,,,,,,,,,,,,,en,hierarchy,,,,,,,,
jeringa,…cicatrices dejadas por la jeringa.,Verb,él/ella/ud.,presente,jeringar,jeringarse,Noun,sustantivo,verbo,presente,él/ella/ud.,jeringar,jeringarse,,,,,,,,,en,syringe,,,,,,,,
jijona,"…son el turrón, de Jijona o la uva de…",,,,,,,,,,,,,,,,,,,,,en,Xixona/Jijona is a town/municipality in Valencia on the eastern coast of Spain.,,,,,,,,
joyero,…medallita donada por el joyero del barrio.,Noun,,,,,,,,,,,,,,,,,,,,en,jeweller,,,,,,,,
jueves,"El jueves, a las nueve de…",Noun,,,,,,,,,,,,,,,,,,,,,,,,,,,,,
junio,"Hoy es día 24 de junio, es el día de…",Noun,,,,,,,,,,,,,,,,,,,,en,June,,,,,,,,
juntaban,…Dónde se juntaban y qué hacían?,Verb,indicativo pretérito imperfecto,ellos/ellas/uds.,juntar,juntarse,verbo,juntar,juntarse,ellos/ellas/uds.,indicativo pretérito imperfecto,,,,,,,,,,,en,They gathered,,,,,,,,
juntado,Varios factores se han juntado para crear una tormenta…,Verb,yo,pretérito perfecto compuesto,juntar,juntarse,verb,yo,juntar,juntarse,pretérito perfecto compuesto,,,,,,,,,,,en,joined,,,,,,,,
juntarnos,…Te apetece juntarnos para escribir?,,,,,,,,,,,,,,,,,,,,,en,get together,,,,,,,,
juntaron,"…de un tiempo, se juntaron los fragmentos y se…",Verb,pretérito perfecto simple,ellos/ellas/uds.,juntar,juntarse,verb,juntar,pretérito perfecto simple,juntarse,ellos/ellas/uds.,,,,,,,,,,,en,they joined,,,,,,,,
junto,"…sección de romántica?- Allí, junto a tu mal gusto.",Verb,yo,presente,juntar,juntarse,Adjective,Adverb,adjetivo,adverbio,verbo,presente,yo,juntar,juntarse,,,,,,,en,"together, cooperatively, simultaneously",en,"beside; together, cooperatively, simultaneously",en,next to,,,,
juntos,"SHIM estaba convencido de que el conocimiento que él tenía, que él aprendió del libro, y el conocimiento que los WIT tienen (porque ellos, los WIT saben fabricar luz—saben construir cosas) en combinación del conocimiento que él tiene, y talvez del co",Adjective,Adverb,,,,,,,,,,,,,,,,,,,en,Together,,,,,,,,
jura,"…que mostraban las guerrillas, jura castigos muy severos a…",Verb,él/ella/ud.,presente,jurar,Noun,verbo,presente,él/ella/ud.,jurar,,,,,,,,,,,,en,"oath, pledge,",,,,,,,,
jurados,"Los jurados dimos lectura al acta,…",Noun,,,,,,,,,,,,,,,,,,,,en,n.  juryman. judges,,,,,,,,
jurarlo,Vamos a jurarlo.,,,,,,,,,,,,,,,,,,,,,en,"v. pledge, swear, vow",,,,,,,,
juro,Os juro que la biblioteca estaba…,Verb,yo,presente,jurar,Noun,sustantivo,verbo,presente,yo,jurar,,,,,,,,,,,en,I swear,,,,,,,,
justamente,…meses se tiene que justamente la Fiscalía tiene que…,Adverb,,,,,,,,,,,,,,,,,,,,sl,"natančno, ravno",,,,,,,,
justo,"…no se me hace justo,¿ verdad?",Verb,yo,presente,justar,Adverb,Noun,verbo,presente,yo,justar,,,,,,,,,,,en,just,,,,,,,,
labios,Sus labios pálidos están ligeramente curvados…,Noun,sustantivo,,,,,,,,,,,,,,,,,,,en,lips,,,,,,,,
labora,…forma adaptada hora es labora reza y,Verb,él/ella/ud.,presente,laborar,verb,presente,él/ella/ud.,laborar,,,,,,,,,,,,,en,work,,,,,,,,
laboratorio,…Están encerrados en el laboratorio de Heimerdinger.,Noun,noun,,,,,,,,,,,,,,,,,,,en,laboratory,,,,,,,,
ladito,"Al ladito de la caldera, por…",,,,,,,,,,,,,,,,,,,,,en,side,,,,,,,,
ladrillo,B: Con ladrillo o bermellón:,Noun,sustantivo,,,,,,,,,,,,,,,,,,,en,brick,,,,,,,,
ladrillos,"Es una casa de ladrillos preciosos"", la persona mayor,…",Noun,noun,,,,,,,,,,,,,,,,,,,en,bricks,,,,,,,,
ladrón,"…DETENTE, LADRÓN!”",Adjective,Noun,noun,adjective,,,,,,,,,,,,,,,,,en,THIEF,,,,,,,,
ladrones,sorprender a los ladrones de paquetes.¡ Una vez…,Noun,noun,,,,,,,,,,,,,,,,,,,en,thieves,,,,,,,,
lago,"Cuando llegan al lago, se encuentran con el…",Noun,noun,,,,,,,,,,,,,,,,,,,en,"lake, pond, small body of water",,,,,,,,
lágrimas,"…a Caperucita Roja, lloró lágrimas de alegría.",Pronoun,Noun,pronoun,noun,,,,,,,,,,,,,,,,,en,tears,,,,,,,,
lamían,Ellos se lamían sus labios y meneaban…,Verb,indicativo pretérito imperfecto,ellos/ellas/uds.,lamer,lamerse,verb,ellos/ellas/uds.,lamer,lamerse,indicativo pretérito imperfecto,,,,,,,,,,,en,were licking,,,,,,,,
lámparas,"…estuvieron levantados, con dieciséis lámparas encendidas, para que la…",Noun,,,,,,,,,,,,,,,,,,,,en,lamps,,,,,,,,
lancen,…ser los que la lancen.,Verb,ellos/ellas/uds.,imperativo,subjuntivo presente,lanzar,lanzarse,verb,lanzar,imperativo,subjuntivo presente,ellos/ellas/uds.,lanzarse,,,,,,,,,en,launch,,,,,,,,
lanza,"…hidalgo de los de lanza en astillero, adarga antigua,…",Verb,él/ella/ud.,presente,lanzar,lanzarse,Noun,sustantivo,lanzar,verbo,presente,él/ella/ud.,lanzarse,,,,,,,,,en,"lance, spear, pole",,,,,,,,
lanzamiento,"…años después de su lanzamiento, el juego sigue rompiendo…",Noun,sustantivo,,,,,,,,,,,,,,,,,,,en,launch,,,,,,,,
largado,"…si no, podría haberse largado.",Verb,yo,pretérito perfecto compuesto,largar,largarse,verb,yo,pretérito perfecto compuesto,largar,largarse,,,,,,,,,,,en,left,,,,,,,,
lárgate,"Lárgate, anda.",Verb,imperativo,largarse,imperativo,verbo,largarse,,,,,,,,,,,,,,,en,Get out,,,,,,,,
larva,…de tres estadios de larva y uno de pupa.,Noun,,,,,,,,,,,,,,,,,,,,en,larva,,,,,,,,
lateral,…sorprendernos con su pensamiento lateral. Así que¿ Cuál es…,Adjective,Noun,sustantivo,adjetivo,,,,,,,,,,,,,,,,,en,side,,,,,,,,
latifundistas,mientras los latifundistas,,,,,,,,,,,,,,,,,,,,,en,landowners,,,,,,,,
latir,…su corazón empezó a latir.,Verb,participio pasado,Noun,verb,noun,participio pasado,,,,,,,,,,,,,,,en,to beat,,,,,,,,
lazlos,"…que ver el frío? Lazlos, del",,,,,,,,,,,,,,,,,,,,,en,tie them,,,,,,,,
le,…los cobardes y traidores: Le contraría fallarse de su…,Pronoun,Noun,,,,,,,,,,,,,,,,,,,en,"[to] him, her, it, you (usted)",,,,,,,,
lechuza,"…puedes dominar a esa lechuza, tendrá que irse a…",Noun,sustantivo,,,,,,,,,,,,,,,,,,,en,owl,,,,,,,,
lector,…con la mente del lector,Adjective,Noun,sustantivo,adjetivo,,,,,,,,,,,,,,,,,en,reader,,,,,,,,
leerte,…Se ha ofrecido a leerte? Para mí Cruzado es…,,,,,,,,,,,,,,,,,,,,,en,read you,,,,,,,,
legado,…un propósito y un legado.,Verb,yo,pretérito perfecto compuesto,legar,Noun,verb,noun,yo,pretérito perfecto compuesto,legar,,,,,,,,,,,en,legacy,,,,,,,,
legales,"…todo tipo de explosivos legales,¿ no?",Adjective,,,,,,,,,,,,,,,,,,,,en,legal,,,,,,,,
legumbres,…comió un poquitín de legumbres y un bocadito de…,Noun,noun,,,,,,,,,,,,,,,,,,,en,fpl. n. vegetables,,,,,,,,
lejano,"…en aquel momento tan lejano, ni siquiera me dí…",Adjective,Noun,noun,adjective,,,,,,,,,,,,,,,,,en,distant,,,,,,,,
lejos,"…el camino y correr lejos de aquí rápidamente!""",Adjective,Adverb,adjective,adverb,,,,,,,,,,,,,,,,,en,"far, distantly; far away",en,far,,,,,,
leñador,"…muchos años, hubo un leñador.",Noun,noun,,,,,,,,,,,,,,,,,,,en,lumberjack,,,,,,,,
lengua,…o te morderás la lengua!,Noun,noun,,,,,,,,,,,,,,,,,,,en,tongue,,,,,,,,
lenguas,…la misma frase ambas lenguas empleando términos ingleses sin…,Noun,noun,,,,,,,,,,,,,,,,,,,en,languages,,,,,,,,
lenta,"…producción se hace más lenta, lo que provoca un…",Adjective,adjective,,,,,,,,,,,,,,,,,,,en,slow,,,,,,,,
lentamente,"…finca; se dejaba interesar lentamente por la trama, por…",Adverb,Noun,,,,,,,,,,,,,,,,,,,en,slowly,,,,,,,,
letargada,"Después se queda letargada, o sea, se queda…",,,,,,,,,,,,,,,,,,,,,en,lethargic,,,,,,,,
letra,"…dos, pero es la letra de ella.",Noun,noun,,,,,,,,,,,,,,,,,,,en,"n.  letter; epistle; handwriting, script",,,,,,,,
levantados,"…los dos embaucadores estuvieron levantados, con dieciséis lámparas encendidas,…",Adjective,,,,,,,,,,,,,,,,,,,,en,raised,,,,,,,,
levantaré,Y la levantaré todo lo que pueda,Verb,yo,futuro,levantar,levantarse,Noun,verb,noun,yo,futuro,levantar,levantarse,,,,,,,,,en,I will raise,,,,,,,,
levante,"Levante la mano derecha, por…",Verb,él/ella/ud.,imperativo,subjuntivo presente,levantar,levantarse,Noun,sustantivo,imperativo,verbo,levantar,subjuntivo presente,levantarse,él/ella/ud.,,,,,,,en,countries located on eastern shores of mediterranean,,,,,,,,
liado,…confundido y se ha liado con media mandarina o…,Verb,yo,pretérito perfecto compuesto,liar,liarse,verbo,yo,pretérito perfecto compuesto,liar,liarse,,,,,,,,,,,en,(I've been very) busy / tied up (lately),,,,,,,,
libertad,…sensación de alivio y libertad después de hacer terapia…,Verb,imperativo,vosotros,libertar,Noun,imperativo,verbo,vosotros,libertar,,,,,,,,,,,,en,freedom; liberty,,,,,,,,
librito,…pasaporte es un pequeño librito que da permiso para…,Noun,noun,,,,,,,,,,,,,,,,,,,en,booklet,,,,,,,,
licores,"…sur se elaboran famosos licores, como el anís o…",Noun,,,,,,,,,,,,,,,,,,,,en,liquor,,,,,,,,
liderazgo,…semanas o tenían mayor liderazgo asumieron el reto de…,Noun,sustantivo,,,,,,,,,,,,,,,,,,,en,leadership,,,,,,,,
líderes,"Después de esta larga conversación con ABUL, SHIM realmente se despertó de su depresión psicológica que estaba sufriendo y ahora estaba decidido para hacer contacto con los líderes de los WIT y explicarles la historia de la nave.",Noun,,,,,,,,,,,,,,,,,,,,en,leaders,,,,,,,,
ligados,…su venta de fármacos ligados,Adjective,adjetivo,,,,,,,,,,,,,,,,,,,en,"adj. tied, attached, bound",,,,,,,,
ligera,…metal muy resistente y ligera que se adapta con…,Adjective,Noun,,,,,,,,,,,,,,,,,,,en,light,,,,,,,,
ligeramente,Sus labios pálidos están ligeramente curvados hacia arriba y…,Adverb,adverbio,,,,,,,,,,,,,,,,,,,en,adv. slightly,,,,,,,,
ligero,"…el reloj, ocultando un ligero sentimiento de burla, pues,…",Adjective,Noun,sustantivo,adjetivo,,,,,,,,,,,,,,,,,en,"[adv] lightly, quickly / [adj] ightweight, light, thin,",,,,,,,,
limar,…ministerio entero dedicado a limar las desigualdades entre hombres…,Verb,participio pasado,verb,participio pasado,,,,,,,,,,,,,,,,,en,to smooth out,,,,,,,,
limita,…Península de Baja California limita al norte con los…,Verb,él/ella/ud.,presente,limitar,limitarse,verbo,presente,limitar,él/ella/ud.,limitarse,,,,,,,,,,,en,"limitar: to limit, border",,,,,,,,
limpió,Después limpió su frente con un…,Verb,pretérito perfecto simple,él/ella/ud.,limpiar,limpiarse,verbo,pretérito perfecto simple,limpiar,él/ella/ud.,limpiarse,,,,,,,,,,,en,cleaned,,,,,,,,
linfocitos,"como los linfocitos, que son los que…",Noun,noun,,,,,,,,,,,,,,,,,,,en,lymphocytes,,,,,,,,
lío,"Ángela, siento todo este lío.",Verb,yo,presente,liar,liarse,Noun,sustantivo,verbo,presente,yo,liar,liarse,,,,,,,,,en,mess,,,,,,,,
lista,…Brently Mallard encabezaba la lista de« muertos».,Verb,él/ella/ud.,presente,listar,Adjective,Noun,verbo,presente,él/ella/ud.,listar,,,,,,,,,,,en,"adj.  ready, prepared, set; poised; clever, sharp-witted; able, apt; cute",,,,,,,,
literaria,La calaverita literaria es una composición en…,Adjective,adjetivo,,,,,,,,,,,,,,,,,,,en,literary,,,,,,,,
llamaba,…de la plantación se llamaba don Rodrigo.,Verb,yo,indicativo pretérito imperfecto,llamar,llamarse,verbo,yo,llamar,llamarse,indicativo pretérito imperfecto,,,,,,,,,,,en,He called,en,was called,,,,,,
llamaban,…y sus amigos blancos llamaban a los hombres de…,Verb,indicativo pretérito imperfecto,ellos/ellas/uds.,llamar,llamarse,verbo,llamar,llamarse,ellos/ellas/uds.,indicativo pretérito imperfecto,,,,,,,,,,,en,they called (it),,,,,,,,
llamada,…una vez una joven llamada Ana que vivía en…,Adjective,Noun,sustantivo,adjetivo,,,,,,,,,,,,,,,,,en,n. call/called,,,,,,,,
llaman,Ahora ellos me llaman loco.,Verb,presente,ellos/ellas/uds.,llamar,llamarse,verbo,presente,llamar,llamarse,ellos/ellas/uds.,,,,,,,,,,,en,v. THEY  call; name; invite; attract; knock; ring up; summon; recall,,,,,,,,
llamativo,Pero quizás lo más llamativo es que este exchange…,Adjective,adjetivo,,,,,,,,,,,,,,,,,,,en,"adj.  gaudy, garish, showy; flamboyant; effective; obtrusive",,,,,,,,
llamó,a enseñar una que llamó mucho mi atención ahorita,Verb,pretérito perfecto simple,él/ella/ud.,llamar,llamarse,,,,,,,,,,,,,,,,en,he/she/ud  called,,,,,,,,
llegados,Pero llegados hasta aquí y después…,Noun,sustantivo,,,,,,,,,,,,,,,,,,,en,"arrivals, immigrants",,,,,,,,
llegando,"llegando a los pacientes, e…",Verb,gerundio,llegar,Noun,sustantivo,llegar,gerundio,verbo,,,,,,,,,,,,,en,arriving,,,,,,,,
llegó,"Es que la noticia llegó hasta México, donde la…",Verb,pretérito perfecto simple,él/ella/ud.,llegar,llegarse,llegar,verbo,pretérito perfecto simple,él/ella/ud.,llegarse,,,,,,,,,,,en,"arrive, come",,,,,,,,
llena,…que la botella está llena.,Verb,él/ella/ud.,presente,llenar,llenarse,Adjective,Noun,verbo,llenar,presente,él/ella/ud.,llenarse,,,,,,,,,en,full,,,,,,,,
llenan,…se supone que te llenan el cuerpo de químicos…,Verb,presente,ellos/ellas/uds.,llenar,llenarse,verbo,llenar,presente,ellos/ellas/uds.,llenarse,,,,,,,,,,,en,they fill,,,,,,,,
llenó,"…la tierra, y la llenó de agua, árboles y…",Verb,pretérito perfecto simple,él/ella/ud.,llenar,llenarse,verbo,llenar,pretérito perfecto simple,él/ella/ud.,llenarse,,,,,,,,,,,en,"he filled, covered, packed, crowded, occupied",,,,,,,,
llenos,"…vivos, nos haga sentir llenos, y existen muchísimas películas…",Adjective,Noun,,,,,,,,,,,,,,,,,,,en,"full, packed",,,,,,,,
llevar,…A dónde iba a llevar la oveja?,Verb,participio pasado,verb,participio pasado,,,,,,,,,,,,,,,,,en,to carry,,,,,,,,
lloraba,Él lloraba y lloraba.,Verb,yo,indicativo pretérito imperfecto,llorar,Noun,verb,noun,yo,llorar,indicativo pretérito imperfecto,,,,,,,,,,,en,cried,,,,,,,,
llorar,Ella empezó a llorar.,Verb,participio pasado,Pronoun,Noun,verb,pronoun,noun,participio pasado,,,,,,,,,,,,,en,to cry,,,,,,,,
lloró,"…vio a Caperucita Roja, lloró lágrimas de alegría.",Verb,pretérito perfecto simple,él/ella/ud.,llorar,Noun,verb,noun,pretérito perfecto simple,llorar,él/ella/ud.,,,,,,,,,,,en,cried,,,,,,,,
lluvias,"…y después de las lluvias, el tronco se llena…",Noun,noun,,,,,,,,,,,,,,,,,,,en,rains,,,,,,,,
lobo,…preguntó el lobo(¡ pues ella estaba hablando…,Adjective,Noun,noun,adjective,,,,,,,,,,,,,,,,,en,wolf,,,,,,,,
loco,Ahora ellos me llaman loco.,Adjective,Noun,,,,,,,,,,,,,,,,,,,en,Crazy,,,,,,,,
locutor,LOCUTOR,Noun,,,,,,,,,,,,,,,,,,,,en,narrator,,,,,,,,
locutora,LOCUTORA,Noun,,,,,,,,,,,,,,,,,,,,en,"announcer, commentator",,,,,,,,
lodoso,"…nueve, como un color lodoso.",,,,,,,,,,,,,,,,,,,,,en,muddy,,,,,,,,
logra,"…interminables. Cuando la izquierda logra el poder, no es…",Verb,él/ella/ud.,presente,lograr,lograrse,verb,presente,lograr,él/ella/ud.,lograrse,,,,,,,,,,,en,it achieves,,,,,,,,
lograr,…tomado esta decisión para lograr llevar a cabo lo…,Verb,participio pasado,verbo,participio pasado,,,,,,,,,,,,,,,,,en,"get, obtain; achieve",,,,,,,,
lograrás,Lograrás sacar una segunda novela.,Verb,tú,futuro,lograr,lograrse,tú,verbo,futuro,lograr,lograrse,,,,,,,,,,,en,You will achieve,,,,,,,,
logren,"Aunque logren probar su teoría, el…",Verb,ellos/ellas/uds.,imperativo,subjuntivo presente,lograr,lograrse,verb,imperativo,lograr,subjuntivo presente,ellos/ellas/uds.,lograrse,,,,,,,,,en,they manage,,,,,,,,
lohengrin,Lohengrin.,,,,,,,,,,,,,,,,,,,,,en,Lohengrin,,,,,,,,
loma,…Lucas Jaramillo' subieron la loma y jugaron con ellos.,Noun,sustantivo,,,,,,,,,,,,,,,,,,,en,"n. knoll, hump, small hillock",,,,,,,,
lomo,…el pelo sobre su lomo era tan grueso como…,Noun,noun,,,,,,,,,,,,,,,,,,,en,back,,,,,,,,
loncha,"…pan o con una loncha de jamón, para impedir…",,,,,,,,,,,,,,,,,,,,,en,"f.n. rasher, thin slice of ham or bacon",,,,,,,,
loqui,"…Qué dices, loqui? Es el tuyo, tía.",,,,,,,,,,,,,,,,,,,,,en,crazy,,,,,,,,
lucha,"…era un combate, una lucha contra una dificultad; pero…",Verb,él/ella/ud.,presente,luchar,Noun,verb,noun,presente,luchar,él/ella/ud.,,,,,,,,,,,en,struggle,,,,,,,,
lucharás,"…la causa, pero¿ no lucharás por una?",Verb,tú,futuro,luchar,verb,tú,futuro,luchar,,,,,,,,,,,,,en,you will fight,,,,,,,,
lucro,"…organización sin fines de lucro radicada en Guaynabo, Puerto…",Verb,yo,presente,lucrar,lucrarse,Noun,sustantivo,verbo,presente,yo,lucrar,lucrarse,,,,,,,,,en,profit,,,,,,,,
lugar,"…los papeles en cualquier lugar, interrogarlo y mandarlo a…",Noun,,,,,,,,,,,,,,,,,,,,en,place,,,,,,,,
lugares,…los personajes o los lugares pueden ser modificados.,Noun,sustantivo,,,,,,,,,,,,,,,,,,,en,"place, location, position; village, small rural town;",en,"n.m.pl. place, location, position; village, small rural town;",cs,place,,,,
lustrados,que tener los zapatos lustrados,,,,,,,,,,,,,,,,,,,,,en,"polished, shiny",,,,,,,,
lustrosos,"corbatas y llevan zapatos lustrosos.....porque son personas ""serias",,,,,,,,,,,,,,,,,,,,,en,"glossy, shiny",,,,,,,,
maderas,"…su sitio, y las maderas crujían por la desesperación…",Noun,noun,,,,,,,,,,,,,,,,,,,en,woods,,,,,,,,
madereros,"y los madereros, hermana.",,,,,,,,,,,,,,,,,,,,,en,lumberjacks,,,,,,,,
madrastra,La madrastra era muy malvada con…,Noun,noun,,,,,,,,,,,,,,,,,,,en,stepmother,,,,,,,,
madrugada,"…altas horas de la madrugada pues la gente, pues…",Noun,,,,,,,,,,,,,,,,,,,,en,Early morning,,,,,,,,
madrugar,…idioma y además quieres madrugar y hacer deporte.,Verb,participio pasado,verb,participio pasado,,,,,,,,,,,,,,,,,en,to wake up early,,,,,,,,
maduras,…Lucen tan agradables y maduras...¡ y tan grandes!,Verb,presente,tú,madurar,Adjective,verb,tú,adjective,presente,madurar,,,,,,,,,,,en,ripe,,,,,,,,
maestro,"…dijo que quería al maestro, lo quería muuuucho, porque…",Adjective,Noun,,,,,,,,,,,,,,,,,,,en,teacher,,,,,,,,
maestros,Nuestros maestros son artistas reconocidos,Noun,sustantivo,,,,,,,,,,,,,,,,,,,en,teachers,,,,,,,,
magdalena,…el de mi hermanita— Magdalena— que es más feo…,Noun,sustantivo,,,,,,,,,,,,,,,,,,,en,"cupcake, muffin",,,,,,,,
mago,…puede un aprendiz de mago defender la escuela de…,Noun,sustantivo,,,,,,,,,,,,,,,,,,,en,n. magician,,,,,,,,
majos,"Parecen majos,¿ no?",,,,,,,,,,,,,,,,,,,,,en,"majo : nice, good looking",,,,,,,,
maldad,Supongo por maldad.,Noun,noun,,,,,,,,,,,,,,,,,,,en,evil,,,,,,,,
malísimas,…para ver comedias románticas malísimas sobre rubias bobas pero…,,,,,,,,,,,,,,,,,,,,,en,"very bad, terrible",,,,,,,,
malvada,Era malvada y egoísta.,Adjective,adjective,,,,,,,,,,,,,,,,,,,en,evil,,,,,,,,
malvados,…la escuela de los malvados que pretenden destruirla?,Adjective,Noun,sustantivo,adjetivo,,,,,,,,,,,,,,,,,en,"villain, scoundrel, wicked person",,,,,,,,
mamarla,A mamarla.,,,,,,,,,,,,,,,,,,,,,en,suck it,,,,,,,,
Mañana por la mañana,"Mañana por la mañana, la bruja verá si…",,,,,,,,,,,,,,,,,,,,,en,tomorrow morning,,,,,,,,
mancha,"…un lugar de la Mancha, de cuyo nombre no…",Verb,él/ella/ud.,presente,manchar,mancharse,Noun,sustantivo,verbo,presente,manchar,él/ella/ud.,mancharse,,,,,,,,,en,"stain, spot, blemish",,,,,,,,
manchado,…en un pañuelo todo manchado de sangre.,Verb,yo,pretérito perfecto compuesto,manchar,mancharse,verb,yo,manchar,pretérito perfecto compuesto,mancharse,,,,,,,,,,,en,stained,,,,,,,,
manda,"…receloso, vigila las defensas, manda construir fajinas y parapetos,…",Verb,él/ella/ud.,presente,mandar,mandarse,Noun,verbo,mandar,presente,él/ella/ud.,mandarse,,,,,,,,,,en,"mandarv. mandate, order, command; direct, instruct; draft; dictate; delegate; se",,,,,,,,
mandado,…salir a hacer un mandado Quédense conversando.,Verb,yo,pretérito perfecto compuesto,mandar,mandarse,Adjective,Noun,verbo,mandar,yo,pretérito perfecto compuesto,mandarse,,,,,,,,,en,errand,,,,,,,,
mandarina,"…ha liado con media mandarina o kiwi, en qué…",Noun,,,,,,,,,,,,,,,,,,,,en,"mandarin, tangerine",,,,,,,,
mandarlas,…muchas más defensas para mandarlas a combatir a,,,,,,,,,,,,,,,,,,,,,en,to send them,,,,,,,,
mandarlo,"…cualquier lugar, interrogarlo y mandarlo a la cárcel.",,,,,,,,,,,,,,,,,,,,,en,send him,,,,,,,,
mando,"…Mario, estás al mando!-¡ Entendido!",Verb,yo,presente,mandar,mandarse,Noun,verb,noun,mandar,presente,yo,mandarse,,,,,,,,,en,command,,,,,,,,
mandos,…que incluso algunos altos mandos rusos han,Noun,sustantivo,,,,,,,,,,,,,,,,,,,en,"controls, commands",,,,,,,,
manejado,…cómo las autoridades han manejado el caso de su…,Verb,yo,pretérito perfecto compuesto,manejar,manejarse,verbo,yo,manejar,pretérito perfecto compuesto,manejarse,,,,,,,,,,,en,managed,,,,,,,,
manera,…se llama de otra manera…“ Nazi- zona”.,Noun,,,,,,,,,,,,,,,,,,,,en,way,,,,,,,,
manifestado,…de clientes me han manifestado su sensación de alivio…,Verb,yo,pretérito perfecto compuesto,manifestar,manifestarse,verbo,yo,pretérito perfecto compuesto,manifestar,manifestarse,,,,,,,,,,,en,displayed,,,,,,,,
mansa,"Olga era mansa y frágil, como un…",Adjective,adjetivo,,,,,,,,,,,,,,,,,,,en,"adj.  gentle, mild, meek; tame",,,,,,,,
manta,"…túnica roja y una manta muy larga, muy fina.",Noun,noun,,,,,,,,,,,,,,,,,,,en,blanket,,,,,,,,
mantel,"…mesita cubierta con un mantel blanquísimo, con siete minúsculos…",Noun,noun,,,,,,,,,,,,,,,,,,,en,"tablecloth, altar cloth",,,,,,,,
mantenerlas,…y no has conseguido mantenerlas en el tiempo o…,,,,,,,,,,,,,,,,,,,,,en,to maintain...them,,,,,,,,
mantenerse,…descanso es importante. También mantenerse,Verb,participio pasado,verb,participio pasado,,,,,,,,,,,,,,,,,en,to stay,,,,,,,,
mantenerte,…en El hilo¿ Quieres mantenerte al tanto de los…,,,,,,,,,,,,,,,,,,,,,en,"maintain, sustain, preserve",,,,,,,,
mantente,Mantente en el camino a…,,,,,,,,,,,,,,,,,,,,,en,"maintain, keep in existence, sustain; keep in good condition, preserve; support, provide for",en,Stay,,,,,,
maquillaje,…usaba ni gota de maquillaje.,Noun,sustantivo,,,,,,,,,,,,,,,,,,,en,Makeup,,,,,,,,
máquinas,…suele verlas como auténticas máquinas de hacer dinero a…,Noun,sustantivo,,,,,,,,,,,,,,,,,,,en,machines,,,,,,,,
mar,"Estar contigo, vista al mar donde no hayan testigos",Noun,,,,,,,,,,,,,,,,,,,,en,"n. sea; ocean; brine, water which is full of salt",,,,,,,,
maravilla,"…va a gritar de maravilla,""¡ Ay!",Verb,él/ella/ud.,presente,maravillar,maravillarse,Adjective,Noun,verb,noun,adjective,presente,él/ella/ud.,maravillar,maravillarse,,,,,,,en,wonder,,,,,,,,
marca,"…la navidad, esta fiesta marca el final del periodo…",Verb,él/ella/ud.,presente,marcar,marcarse,Noun,verbo,presente,él/ella/ud.,marcar,marcarse,,,,,,,,,,en,"mark, indicate, signal; write down, record; notice; make a mark; score",,,,,,,,
marcadas,de personas marcadas para morir.,Adjective,adjective,,,,,,,,,,,,,,,,,,,en,marked,,,,,,,,
marcar,…caer una migaja para marcar el sendero.,Verb,participio pasado,verb,participio pasado,,,,,,,,,,,,,,,,,en,to mark,,,,,,,,
marcas,"…nervudo brazo, lleno de marcas y cicatrices dejadas por…",Verb,presente,tú,marcar,marcarse,Noun,sustantivo,tú,verbo,presente,marcar,marcarse,,,,,,,,,en,"make, mark, marker, tick, check, brand, check mark [checkmark], imprint, print, designer label, scar.",,,,,,,,
marcial,…ha declarado la ley marcial!,Adjective,Noun,noun,adjective,,,,,,,,,,,,,,,,,en,martial,,,,,,,,
márgenes,como los márgenes de la empresa que…,Noun,sustantivo,,,,,,,,,,,,,,,,,,,en,margins,,,,,,,,
marido,…la muerte de su marido.,Verb,yo,presente,maridar,Noun,verbo,presente,yo,maridar,,,,,,,,,,,,en,husband,,,,,,,,
mariposas,…a tu amigo coleccionar mariposas?,Noun,noun,,,,,,,,,,,,,,,,,,,en,butterflies,,,,,,,,
marítimo,…mayores crisis del transporte marítimo de la historia.,Adjective,adjective,,,,,,,,,,,,,,,,,,,en,"adj.  sea, marine",,,,,,,,
martillo,"Amenazándola con el martillo"".",Verb,yo,presente,martillar,martillarse,Noun,sustantivo,verbo,presente,yo,martillar,martillarse,,,,,,,,,en,hammer,,,,,,,,
mártires,"…las tumbas de los mártires, y en las catacumbas.",Noun,,,,,,,,,,,,,,,,,,,,en,"mártir (m) n. martyr, one who chooses to die or be put to death rather than renounce his faith; one who suffers greatly",,,,,,,,
masticarla,…su presa entera sin masticarla.,,,,,,,,,,,,,,,,,,,,,en,chewing it,,,,,,,,
matado,…Que lo has matado!,Verb,yo,pretérito perfecto compuesto,matar,matarse,verbo,yo,pretérito perfecto compuesto,matar,matarse,,,,,,,,,,,en,murdered,,,,,,,,
matan,"raramente nos matan, sí nos hacen sentir…",Verb,presente,ellos/ellas/uds.,matar,matarse,Noun,verb,noun,presente,matar,ellos/ellas/uds.,matarse,,,,,,,,,en,they kill,,,,,,,,
matando,…estaba justo arrancando y matando baobabs y destapando mis…,Verb,gerundio,matar,verb,gerundio,matar,,,,,,,,,,,,,,,en,killing,,,,,,,,
matarnos,"…amigos,¿ no? No queremos matarnos unos a otros.",,,,,,,,,,,,,,,,,,,,,en,to kill ourselves,,,,,,,,
maté,…doy agua y los maté.,Verb,yo,pretérito perfecto simple,matar,matarse,Noun,verb,noun,yo,pretérito perfecto simple,matar,matarse,,,,,,,,,en,I killed,,,,,,,,
matinal,…y domicilio de mi matinal visitante.,Adjective,adjective,,,,,,,,,,,,,,,,,,,en,morning,,,,,,,,
matojos,"Hay tres matojos, tres plantas de baobab.",,,,,,,,,,,,,,,,,,,,,en,clumps,,,,,,,,
matorrales,…niños durmieron en unos matorrales blandos para mantenerse calientes.,Noun,noun,,,,,,,,,,,,,,,,,,,en,bushes,,,,,,,,
mayas,…eran descendientes de los Mayas.,Verb,presente,tú,mayar,mayarse,Adjective,Noun,tú,verbo,presente,mayar,mayarse,,,,,,,,,en,Maya n. member of an advanced pre-Columbian civilization in southern Mexico and Guatemala;,,,,,,,,
mayor,…Tan mayor me veo?¿ A que…,Adjective,Noun,sustantivo,adjetivo,,,,,,,,,,,,,,,,,en,older,en,"bigger, older, major, main",en,"higher, major, older; greater",,,,
mayordomo,…y discutir con el mayordomo una cuestión de aparcerías…,Noun,,,,,,,,,,,,,,,,,,,,en,"manager of a household; steward, manager; butler, male head servant",,,,,,,,
mayores,"O sea, Las personas mayores, cuando miraban mi dibujo,…",Adjective,Noun,sustantivo,adjetivo,,,,,,,,,,,,,,,,,en,"older, greater",,,,,,,,
mayoría,"…Órale, y la mayoría somos mexicanos!",Adverb,Noun,,,,,,,,,,,,,,,,,,,en,majority,,,,,,,,
mazo,…la editorial. Me mandan mazo por tener seguidores.,Verb,yo,presente,mazar,Noun,sustantivo,verbo,presente,yo,mazar,,,,,,,,,,,en,"1. (arg.) a lot, much. 2. (LAm) deck of cards.",,,,,,,,
Me cago en ti,"Me cago en ti, Eva. Solo tenías que…",,,,,,,,,,,,,,,,,,,,,en,I shit on you,,,,,,,,
medallita,…de serpentinas y una medallita donada por el joyero…,,,,,,,,,,,,,,,,,,,,,en,"little medal, medallion",,,,,,,,
mediana,…evadir las sanciones a mediana o gran escala.,Adjective,Noun,sustantivo,adjetivo,,,,,,,,,,,,,,,,,en,"adj. average, medium-size, ordinary, mediocre",,,,,,,,
mediante,"…al delicado cuerpo infantil, mediante cómodos cinturones, pulseras, anillos…",Preposition,,,,,,,,,,,,,,,,,,,,en,by means of,,,,,,,,
medias,…revelaban y ocultaban a medias.,Verb,presente,tú,mediar,Adjective,Noun,sustantivo,adjetivo,tú,verbo,presente,mediar,,,,,,,,,en,"tights, socks,",,,,,,,,
mediática,…justamente por esta atención mediática y en redes que…,Adjective,,,,,,,,,,,,,,,,,,,,en,"mediatico adj. media, mass media",,,,,,,,
medición,La medición de la deforestación se…,Noun,sustantivo,,,,,,,,,,,,,,,,,,,en,measurement,,,,,,,,
médicos,…E. gallinacea producen problemas médicos en ellos. La C.,Adjective,Noun,,,,,,,,,,,,,,,,,,,en,doctors,,,,,,,,
medida,"…mi ciencia universitaria, a medida que penetraba en ella,…",Noun,,,,,,,,,,,,,,,,,,,,en,"measurement, step, measure",,,,,,,,
medir,"hizo el favor de medir mi planeta, el gran",Verb,participio pasado,,,,,,,,,,,,,,,,,,,en,to measure,,,,,,,,
mejillas,…y rasguños en sus mejillas están cubiertos por gruesas…,Noun,sustantivo,,,,,,,,,,,,,,,,,,,en,cheek; chap,,,,,,,,
mejoradas,…Muerta fueron desarrolladas y mejoradas en Estados Unidos.,,,,,,,,,,,,,,,,,,,,,en,improved,,,,,,,,
mejorar,"…hay nada como para mejorar la pronunciación, como tener…",Verb,participio pasado,verbo,participio pasado,,,,,,,,,,,,,,,,,en,"improve, make better",,,,,,,,
mejoró,...acerca de ellas no mejoró en absoluto.,Verb,pretérito perfecto simple,él/ella/ud.,mejorar,mejorarse,verbo,mejorar,mejorarse,pretérito perfecto simple,él/ella/ud.,,,,,,,,,,,en,improved,,,,,,,,
melancólica,…música melancólica],Adjective,adjetivo,,,,,,,,,,,,,,,,,,,en,"melancholic, melancholy, sad, gloomy, wistful; melancholy person",,,,,,,,
melancólico,…ventana— lo ponía muy melancólico.,Adjective,adjective,,,,,,,,,,,,,,,,,,,en,melancholic,,,,,,,,
mendigo,…la tienda de un mendigo fuera de la carretera…,Verb,yo,presente,mendigar,Noun,verb,noun,presente,yo,mendigar,,,,,,,,,,,en,beggar,,,,,,,,
meneaban,…con sus pies y meneaban sus colas.,Verb,indicativo pretérito imperfecto,ellos/ellas/uds.,menear,menearse,verb,ellos/ellas/uds.,menear,menearse,indicativo pretérito imperfecto,,,,,,,,,,,en,they wagged,,,,,,,,
menor,"…otro, relacionado con un menor, era contratar a una…",Adjective,Noun,sustantivo,adjetivo,,,,,,,,,,,,,,,,,en,younger,,,,,,,,
menores,…veces más que los menores,Adjective,Noun,noun,adjective,,,,,,,,,,,,,,,,,en,younger,,,,,,,,
mente,…te viene a la mente que falta otra media…,Adverb,Noun,,,,,,,,,,,,,,,,,,,en,mind,,,,,,,,
mentira,"…que ésa es una mentira china, porque a los…",Adjective,Noun,sustantivo,adjetivo,,,,,,,,,,,,,,,,,en,"n.  lie, untruthful statement, falsehood; deception; counterfeit",,,,,,,,
mentirosa,"…y vanidosa, también era mentirosa.",,,,,,,,,,,,,,,,,,,,,en,lying,,,,,,,,
menudo,"…la República Argentina, a menudo mal denominada yacimiento.",Pronoun,Noun,pronombre,sustantivo,,,,,,,,,,,,,,,,,en,small,,,,,,,,
mercader,"…industrial, ni negociante, ni mercader, ni agricultor.",Noun,noun,,,,,,,,,,,,,,,,,,,en,merchant,,,,,,,,
mercancías,…vienen sin fronteras… Las mercancías entran y salen sin…,Noun,,,,,,,,,,,,,,,,,,,,en,goods,,,,,,,,
merecedor,…un amor digno y merecedor de mí devoción.,Adjective,,,,,,,,,,,,,,,,,,,,en,"merecedor DE algo — worthy of something, deserving of something",,,,,,,,
merecen,Merecen morir por lo que…,Verb,presente,ellos/ellas/uds.,merecer,merecerse,verbo,presente,merecer,ellos/ellas/uds.,merecerse,,,,,,,,,,,en,deserve,,,,,,,,
merecido,"…los transgresores reciban su merecido castigo,",Verb,yo,pretérito perfecto compuesto,merecer,merecerse,Adjective,Noun,verb,noun,adjective,yo,pretérito perfecto compuesto,merecer,merecerse,,,,,,,en,deserved,,,,,,,,
méritos,"…acta, que destacaba los méritos de cada uno de…",Noun,,,,,,,,,,,,,,,,,,,,en,"mérito (m)  n. merit, value; excellence ,credit, claim to fame.",,,,,,,,
mesa,…media naranja en una mesa verás cómo se queda…,Verb,él/ella/ud.,presente,mesar,mesarse,Noun,verbo,presente,él/ella/ud.,mesar,mesarse,,,,,,,,,,fr,table,,,,,,,,
mestizaje,"Entonces quería hablar sobre mestizaje, sobre mezcla de culturas,…",,,,,,,,,,,,,,,,,,,,,en,mixing of races or interracial marriage,,,,,,,,
metamorfosis,…pulgas se desarrollan mediante metamorfosis desde el huevo a…,Noun,,,,,,,,,,,,,,,,,,,,en,Metamorphosis,,,,,,,,
metas,…a mí no me metas en tus movidas.,Verb,tú,subjuntivo presente,meter,meterse,Noun,verb,noun,tú,meter,subjuntivo presente,meterse,,,,,,,,,en,goals,,,,,,,,
metido,"…puto lío te has metido ahora?"".",Verb,yo,pretérito perfecto compuesto,meter,meterse,verb,yo,meter,pretérito perfecto compuesto,meterse,,,,,,,,,,,en,gotten into,,,,,,,,
metieras,…dije que no te metieras.,Verb,subjuntivo pretérito imperfecto,tú,meter,meterse,verb,tú,meter,meterse,subjuntivo pretérito imperfecto,,,,,,,,,,,en,meddle,,,,,,,,
metió,"…la Abuela, y se metió en la cama.",Verb,pretérito perfecto simple,él/ella/ud.,meter,meterse,verb,meter,pretérito perfecto simple,él/ella/ud.,meterse,,,,,,,,,,,en,got into,,,,,,,,
métodos,…lugar para esos deductivos métodos de razonamiento con los…,Noun,noun,,,,,,,,,,,,,,,,,,,en,methods,,,,,,,,
metros,"a menos de diez metros, lo ví a un",Noun,,,,,,,,,,,,,,,,,,,,en,meters,,,,,,,,
mexicana,…tres habitantes tiene ascendencia mexicana.,Adjective,Noun,,,,,,,,,,,,,,,,,,,en,Mexican,,,,,,,,
mexicanos,…y la mayoría somos mexicanos!,Adjective,Noun,,,,,,,,,,,,,,,,,,,en,Mexicans,,,,,,,,
mezcla,"…hablar sobre mestizaje, sobre mezcla de culturas, las sensaciones…",Verb,él/ella/ud.,presente,mezclar,mezclarse,Noun,verbo,presente,él/ella/ud.,mezclar,mezclarse,,,,,,,,,,en,mixture,,,,,,,,
mezquitas,…pie derecho a las mezquitas y prefieren comer con…,Noun,noun,,,,,,,,,,,,,,,,,,,en,mosques,,,,,,,,
mía,"…de encontrar, no es mía.",Adjective,Noun,sustantivo,adjetivo,,,,,,,,,,,,,,,,,en,mine,,,,,,,,
microcámaras,"la retina, gafas con microcámaras incorporadas",,,,,,,,,,,,,,,,,,,,,en,microcameras,,,,,,,,
miedo,…salir corriendo!¡ Es el miedo!¿ De dónde viene?¿ Cuáles…,Noun,sustantivo,,,,,,,,,,,,,,,,,,,en,"fear, nervousness",,,,,,,,
mientras,"…huevos sobre el gato, mientras éste descansa o duerme.",Adverb,Noun,,,,,,,,,,,,,,,,,,,en,while,,,,,,,,
migaja,…él dejaba caer una migaja para marcar el sendero.,,,,,,,,,,,,,,,,,,,,,en,breadcrumb,,,,,,,,
migajas,…lo partió en pequeñas migajas.,,,,,,,,,,,,,,,,,,,,,en,breadcrumbs,,,,,,,,
milagro,…a ser mayor este milagro en que no solamente…,Noun,noun,,,,,,,,,,,,,,,,,,,en,miracle,,,,,,,,
millonario,…convirtió a Jack en millonario.,Adjective,Noun,noun,adjective,,,,,,,,,,,,,,,,,en,millionaire,,,,,,,,
minan,hoy en Rusia se minan el11% de todos los…,Verb,presente,ellos/ellas/uds.,minar,verbo,presente,ellos/ellas/uds.,minar,,,,,,,,,,,,,en,"to mine or to wear aqway, undermine",,,,,,,,
mínimo,"…toda España, pero como mínimo en Cataluña es un…",Adjective,Noun,,,,,,,,,,,,,,,,,,,en,"adj. minimal, least",,,,,,,,
ministro,"El ministro de Ambiente de Brasil,…",Verb,yo,presente,ministrar,Noun,sustantivo,verbo,presente,yo,ministrar,,,,,,,,,,,en,Minister,,,,,,,,
minoría,una« minoría de uno».,Noun,,,,,,,,,,,,,,,,,,,,en,minority,,,,,,,,
minorías,"…los derechos de las minorías, una posición",Noun,noun,,,,,,,,,,,,,,,,,,,en,minorities,,,,,,,,
mira,"…Sí, eso también, pero mira.",Verb,él/ella/ud.,presente,mirar,mirarse,Adverb,Noun,verbo,mirar,presente,él/ella/ud.,mirarse,,,,,,,,,en,(mirar) look,,,,,,,,
miraba,…tranquilidad del estudio que miraba hacia el parque de…,Verb,yo,indicativo pretérito imperfecto,mirar,mirarse,verbo,mirar,yo,mirarse,indicativo pretérito imperfecto,,,,,,,,,,,en,"looked, watched (line in the past from mira)",,,,,,,,
mirada,…fuera de la atenta mirada de las autoridades.,Noun,,,,,,,,,,,,,,,,,,,,en,look,,,,,,,,
mirándome,"de edad, estaba parado mirándome y me dijo: ""Por",,,,,,,,,,,,,,,,,,,,,en,looking at me,,,,,,,,
misma,…ser feliz por mí misma/ o sin estar pendiente…,Adjective,Noun,,,,,,,,,,,,,,,,,,,en,same,,,,,,,,
mitad,"A mitad del siglo 19, Estados Unidos…",Adjective,Noun,,,,,,,,,,,,,,,,,,,en,half,,,,,,,,
modernos,…cosas que los Cristianos modernos quieren saber es que…,Adjective,Noun,,,,,,,,,,,,,,,,,,,en,"modern, advanced, new, contemporary,",,,,,,,,
modo,…mí siguen de algún modo pareciéndome especialmente dulces.,Noun,,,,,,,,,,,,,,,,,,,,en,"way, mode",,,,,,,,
monja,Es una monja terrorista.,Adjective,Noun,noun,adjective,,,,,,,,,,,,,,,,,en,nun,,,,,,,,
mono,…estás guapa con ese mono rojo.,Adjective,Noun,,,,,,,,,,,,,,,,,,,en,Monkey,,,,,,,,
montadito,…las banderillas o el montadito.,,,,,,,,,,,,,,,,,,,,,en,"mounted, erect; name of tapa",,,,,,,,
montero,…un día a un montero y le dijo:- Llévate…,Noun,noun,,,,,,,,,,,,,,,,,,,en,hunter,,,,,,,,
montón,B:“ Eres cráneo del montón.”,Noun,sustantivo,,,,,,,,,,,,,,,,,,,en,"heap, pile, load, stack",en,"heap, pile, load, stack...mountain",en,pile,,,,
morado,…la puerta de caramelo morado cuando se abrió de…,Verb,yo,pretérito perfecto compuesto,morar,Adjective,Noun,verb,noun,adjective,yo,pretérito perfecto compuesto,morar,,,,,,,,,en,purple,,,,,,,,
morderás,…No hables o te morderás la lengua!,Verb,tú,futuro,morder,verb,tú,futuro,morder,,,,,,,,,,,,,en,you will bite,,,,,,,,
moretones,Los moretones y rasguños en sus…,,,,,,,,,,,,,,,,,,,,,en,bruises,,,,,,,,
morir,"morir de sed, de morir de hambre o talvez",Verb,participio pasado,Noun,,,,,,,,,,,,,,,,,,en,to die,,,,,,,,
morirían,"Sin una vaca, se morirían de hambre.",Verb,ellos/ellas/uds.,condicional,morir,morirse,verb,morir,condicional,ellos/ellas/uds.,morirse,,,,,,,,,,,en,would die,,,,,,,,
moruno,"…el caso del pincho moruno, las banderillas o el…",,,,,,,,,,,,,,,,,,,,,en,"(derogatory) moorish, of a people of Northwest Africa",,,,,,,,
moscas,…para impedir que entrasen moscas o que se depositase…,Verb,presente,tú,moscar,Noun,tú,verbo,presente,moscar,,,,,,,,,,,,en,fly,,,,,,,,
mostraban,"…el poco ánimo que mostraban las guerrillas, jura castigos…",Verb,indicativo pretérito imperfecto,ellos/ellas/uds.,mostrar,mostrarse,verbo,mostrar,ellos/ellas/uds.,mostrarse,indicativo pretérito imperfecto,,,,,,,,,,,en,"they showed, exhibited, presented",,,,,,,,
mostraré,Te mostraré quién eres en realidad.,Verb,yo,futuro,mostrar,mostrarse,verb,yo,futuro,mostrar,mostrarse,,,,,,,,,,,en,I will show,,,,,,,,
mostró,…a casa y le mostró a su mamá los…,Verb,pretérito perfecto simple,él/ella/ud.,mostrar,mostrarse,verb,mostrar,pretérito perfecto simple,él/ella/ud.,mostrarse,,,,,,,,,,,en,showed,,,,,,,,
motivaba,Otra razón que los motivaba a reunirse en lugares…,Verb,yo,indicativo pretérito imperfecto,motivar,motivarse,motivar,verbo,yo,motivarse,indicativo pretérito imperfecto,,,,,,,,,,,en,motivated,,,,,,,,
mover,"…Aterrada, sin poderse mover por el dolor, me…",Verb,participio pasado,verbo,participio pasado,,,,,,,,,,,,,,,,,en,to move,,,,,,,,
movimientos,"…cada uno de los movimientos del niño, haciéndolos converger…",Noun,,,,,,,,,,,,,,,,,,,,en,movements (los),,,,,,,,
muchachos,"…hijo.¡ Volvéis a casa, muchachos!",Noun,,,,,,,,,,,,,,,,,,,,en,"n: boys, youngsters",,,,,,,,
muchísimas,"…sentir llenos, y existen muchísimas películas en el mercado…",Adjective,Pronoun,,,,,,,,,,,,,,,,,,,en,many,,,,,,,,
muchísimos,Tengo muchísimos clientes que acuden a…,Pronoun,Noun,,,,,,,,,,,,,,,,,,,en,"a lot, very many, very much",,,,,,,,
mueble,…se escondió debajo del mueble.,Verb,él/ella/ud.,imperativo,mueblar,Noun,verb,noun,imperativo,él/ella/ud.,mueblar,,,,,,,,,,,en,piece of furniture,,,,,,,,
muelles,…enlatados junto a los muelles. Dijo…,Noun,noun,,,,,,,,,,,,,,,,,,,en,docks,,,,,,,,
mueren,…MADRE Y SU HIJA MUEREN EN UN INCENDIO EN…,Verb,presente,ellos/ellas/uds.,morir,morirse,verbo,morir,presente,ellos/ellas/uds.,morirse,,,,,,,,,,,en,"v. die, demise; kill; die out; expire",,,,,,,,
muerte,…la noticia de la muerte de su marido.,Noun,,,,,,,,,,,,,,,,,,,,en,death,,,,,,,,
muestra,"…de Amaral(*), donde se muestra la clara dependencia emocional…",Verb,él/ella/ud.,presente,mostrar,mostrarse,Noun,verbo,presente,mostrar,él/ella/ud.,mostrarse,,,,,,,,,,en,"v: he/she/it/you shows, displays",,,,,,,,
muestran,muestran que las posiciones más…,Verb,presente,ellos/ellas/uds.,mostrar,mostrarse,verb,presente,mostrar,ellos/ellas/uds.,mostrarse,,,,,,,,,,,en,they show,,,,,,,,
mueva,…el habitat donde se mueva y de la época…,Verb,él/ella/ud.,imperativo,subjuntivo presente,mover,moverse,imperativo,moverse,verbo,mover,subjuntivo presente,él/ella/ud.,,,,,,,,,en,"[v:mover] move, be in motion;",,,,,,,,
mueve,…sido.- Nadie se puto mueve de aquí.,Verb,él/ella/ud.,presente,mover,moverse,moverse,verbo,mover,presente,él/ella/ud.,,,,,,,,,,,en,"move, be in motion",,,,,,,,
mueven,…aquellos animales que se mueven en ambientes que están…,Verb,presente,ellos/ellas/uds.,mover,moverse,moverse,verbo,mover,presente,ellos/ellas/uds.,,,,,,,,,,,en,v. (they) move,,,,,,,,
mugre,…se mezcla con la mugre,,,,,,,,,,,,,,,,,,,,,en,"grime, grease",,,,,,,,
mujer,MUJER,Noun,,,,,,,,,,,,,,,,,,,,en,woman; wife (la),,,,,,,,
multitud,…de ánimo de la multitud],Adverb,Noun,,,,,,,,,,,,,,,,,,,en,crowd,,,,,,,,
mundial,…conspiración contra el Gobierno Mundial.,Adjective,Noun,sustantivo,adjetivo,,,,,,,,,,,,,,,,,en,"adj, having to do with the world.",,,,,,,,
mundo,…se ha acabado el mundo la,Noun,,,,,,,,,,,,,,,,,,,,en,world,,,,,,,,
muñeco,…que les tocó el muñeco de la Rosca de…,Noun,,,,,,,,,,,,,,,,,,,,en,n.  doll; puppet; dummy,,,,,,,,
murió,Una chica murió por mi culpa.,Verb,pretérito perfecto simple,él/ella/ud.,morir,morirse,Noun,sustantivo,verbo,morir,pretérito perfecto simple,él/ella/ud.,morirse,,,,,,,,,en,(he/she/it) died,,,,,,,,
muro,…impedía: construir el polémico muro en la frontera con…,Verb,yo,presente,murar,Noun,verbo,presente,yo,murar,,,,,,,,,,,,en,wall,,,,,,,,
muros,huesos puertas o muros en distintos,Noun,noun,,,,,,,,,,,,,,,,,,,en,walls,,,,,,,,
musulmanes,…son considerados perversos. Los musulmanes,Adjective,Noun,noun,adjective,,,,,,,,,,,,,,,,,en,Muslims,,,,,,,,
nace,"…con lo que se nace,",Verb,él/ella/ud.,presente,nacer,nacerse,verb,nacer,presente,él/ella/ud.,nacerse,,,,,,,,,,,en,is born,,,,,,,,
nacer,"Pero al nacer ella, murió la Reina.",Verb,participio pasado,Noun,verb,noun,participio pasado,,,,,,,,,,,,,,,en,to be born,,,,,,,,
nacida,Una mujer caballo nacida como yo en el…,Noun,sustantivo,,,,,,,,,,,,,,,,,,,en,"adj; born, created//Noun: newborn",,,,,,,,
nacido,"…que viven y han nacido en pisos o apartamentos,…",Verb,yo,pretérito perfecto compuesto,nacer,nacerse,Noun,verbo,nacer,yo,pretérito perfecto compuesto,nacerse,,,,,,,,,,en,"v: have been born, were born",,,,,,,,
nacidos,"…España es entre los nacidos entre los años 60,…",Noun,noun,,,,,,,,,,,,,,,,,,,en,born,,,,,,,,
nacieron,…como“ panteones.” Estos versos nacieron en el siglo XIX…,Verb,pretérito perfecto simple,ellos/ellas/uds.,nacer,nacerse,verbo,nacer,pretérito perfecto simple,ellos/ellas/uds.,nacerse,,,,,,,,,,,en,"originate, be born, come into being; see the light",,,,,,,,
nacimiento,…el día de mi nacimiento.,Noun,,,,,,,,,,,,,,,,,,,,en,birth,,,,,,,,
nació,Una nueva era nació.,Verb,pretérito perfecto simple,él/ella/ud.,nacer,nacerse,verbo,nacer,pretérito perfecto simple,él/ella/ud.,nacerse,,,,,,,,,,,en,"nacer - to originate, born, come into being",,,,,,,,
nacionalismo,…libre mercado y el nacionalismo.,Noun,noun,,,,,,,,,,,,,,,,,,,en,nationalism,,,,,,,,
nacionalista,"…negativo, en su afán nacionalista",Adjective,adjective,,,,,,,,,,,,,,,,,,,en,Nationalist,,,,,,,,
nada,"…Sin ti no soy nada, de Amaral(*), donde se…",Verb,él/ella/ud.,presente,nadar,Pronoun,Adverb,verbo,presente,nadar,él/ella/ud.,,,,,,,,,,,en,nothing,,,,,,,,
nadie,"y, como no había nadie, se temieron lo peor…",Pronoun,Noun,pronoun,noun,,,,,,,,,,,,,,,,,en,nobody,,,,,,,,
naipes,…como un castillo de naipes.],Noun,sustantivo,,,,,,,,,,,,,,,,,,,en,cards,,,,,,,,
náufrago,famosas como relato un náufrago Crónica,Noun,noun,,,,,,,,,,,,,,,,,,,en,castaway,,,,,,,,
navidad,"…días después de la navidad, esta fiesta marca el…",Noun,,,,,,,,,,,,,,,,,,,,en,Christmas,,,,,,,,
navidades,"…aprietos económicos. Con las navidades a la vista,",Noun,noun,,,,,,,,,,,,,,,,,,,en,holidays,,,,,,,,
navideña,…anticipación de la época navideña que se avecina.,Adjective,adjetivo,,,,,,,,,,,,,,,,,,,en,Christmas,,,,,,,,
navieras,"…flete de las compañías navieras, están alquilando sus propios…",,,,,,,,,,,,,,,,,,,,,en,shipping companies,,,,,,,,
negado,…lo que nos han negado.,Verb,yo,pretérito perfecto compuesto,negar,negarse,verb,yo,pretérito perfecto compuesto,negar,negarse,,,,,,,,,,,en,disproved,,,,,,,,
negociamos,Todo lo que negociamos debía ser aprobado por…,Verb,presente,nosotros,negociar,verbo,nosotros,presente,negociar,,,,,,,,,,,,,en,negotiate,,,,,,,,
negociante,"…era ni industrial, ni negociante, ni mercader, ni agricultor.",,,,,,,,,,,,,,,,,,,,,en,businessman,,,,,,,,
negocios,"La abandonó por negocios urgentes, volvió a abrirla…",Noun,,,,,,,,,,,,,,,,,,,,en,"n.  business, affairs; shop",,,,,,,,
nenny,…a casa y hacerse Nenny.,,,,,,,,,,,,,,,,,,,,,en,baby,,,,,,,,
nervio,Ilumina cada nervio con locura.,Verb,yo,presente,nerviar,verb,presente,yo,nerviar,,,,,,,,,,,,,en,nerve,,,,,,,,
netamente,…acostumbra en esta celebridad netamente mexicana.,,,,,,,,,,,,,,,,,,,,,en,clearly,,,,,,,,
neurastenia,Para combatir una neurastenia profunda que me tenía…,,,,,,,,,,,,,,,,,,,,,en,neurasthenia,,,,,,,,
nevera,…de vino en la nevera. Voy a mirar.,Noun,sustantivo,,,,,,,,,,,,,,,,,,,en,refrigerator,,,,,,,,
neves,"El asesino, Rayfran das Neves Sales,",,,,,,,,,,,,,,,,,,,,,en,Neves,,,,,,,,
ni,…no puede ofrecer trabajo ni alojamiento ni siquiera transporte…,Adverb,Noun,,,,,,,,,,,,,,,,,,,en,[conj] or; neither; nor / [adv] neither,,,,,,,,
niega,se niega a compartir lo que…,Verb,él/ella/ud.,presente,negar,negarse,verb,presente,negar,él/ella/ud.,negarse,,,,,,,,,,,en,he/she denies,,,,,,,,
nieve,y tiene copitos de nieve alrededor,Verb,él/ella/ud.,subjuntivo presente,nevar,Noun,,,,,,,,,,,,,,,,en,"n. snow, precipitation that falls as ice crystals",,,,,,,,
ningún,"…idioma no te suponen ningún problema, pero que en…",Pronoun,Noun,,,,,,,,,,,,,,,,,,,en,"adj. not any ... at all; any, whatever; neither; no",,,,,,,,
ninguna,respuesta es ninguna porque aquí estamos,Pronoun,,,,,,,,,,,,,,,,,,,,en,neither; none; nobody; not any,,,,,,,,
ninguno,Ninguno son cargos o acusaciones,Pronoun,Noun,pronombre,sustantivo,,,,,,,,,,,,,,,,,en,none,,,,,,,,
ninis,…en España: los llamados“ Ninis”.,Noun,noun,,,,,,,,,,,,,,,,,,,en,young persons not working not studying,,,,,,,,
ninots,ninots*.,,,,,,,,,,,,,,,,,,,,,en,large sculptures for burning during Fallas festival in Valencia,,,,,,,,
nivel,no puedo rebajarme del nivel de gran escritor de,Noun,,,,,,,,,,,,,,,,,,,,en,level,,,,,,,,
nocivos,…de destruir los insectos nocivos.,Adjective,adjective,,,,,,,,,,,,,,,,,,,en,harmful,,,,,,,,
nomás,"…así se la llevó nomás, como si fuera un…",Pronoun,pronombre,,,,,,,,,,,,,,,,,,,en,"only, exclusively; just",,,,,,,,
normales,cuestiones normales del día a día…,Adjective,Noun,noun,adjective,,,,,,,,,,,,,,,,,en,normal,,,,,,,,
normalmente,"Normalmente no usamos ninguna preposición,…",Adverb,,,,,,,,,,,,,,,,,,,,en,"adv.  normally, usually",,,,,,,,
noroeste,"Ubicada al noroeste del País, la Península…",Noun,sustantivo,,,,,,,,,,,,,,,,,,,en,north west,,,,,,,,
norte,"…Baja California limita al norte con los Estados Unidos,…",Adjective,Noun,sustantivo,adjetivo,,,,,,,,,,,,,,,,,en,north,,,,,,,,
nos,"…nos haga sentir vivos, nos haga sentir llenos, y…",Pronoun,Noun,,,,,,,,,,,,,,,,,,,en,"ourselves; we, us",,,,,,,,
no si lo ve,"…cuando lo vea” y no“ si lo ve”), probablemente diga:“ Pero mujer,",,,,,,,,,,,,,,,,,,,,,en,Not if he sees,,,,,,,,
notaba,Algunos días sé que notaba que le faltaba algo…,Verb,yo,indicativo pretérito imperfecto,notar,verb,yo,notar,indicativo pretérito imperfecto,,,,,,,,,,,,,en,I noticed,,,,,,,,
notas,…enviamos un boletín con notas adicionales para profundizar en…,Verb,presente,tú,notar,Noun,tú,verbo,presente,notar,,,,,,,,,,,,en,notas Notes,,,,,,,,
noticia,"Es que la noticia llegó hasta México, donde…",Verb,él/ella/ud.,presente,noticiar,Noun,verbo,presente,él/ella/ud.,noticiar,,,,,,,,,,,,en,news,,,,,,,,
nubes,"…arriba, arriba... hasta las nubes.",Noun,noun,,,,,,,,,,,,,,,,,,,en,clouds,,,,,,,,
nuevamente,Y nuevamente encendió su farol.,Adverb,adverb,,,,,,,,,,,,,,,,,,,en,again,,,,,,,,
nuevos,…la confección de los nuevos vestidos del Soberano.,Adjective,Noun,,,,,,,,,,,,,,,,,,,en,new,,,,,,,,
obedecer,"forma positiva y simplemente obedecer la orden, por absurda",Verb,participio pasado,,,,,,,,,,,,,,,,,,,en,to obey,,,,,,,,
obispos,"al lado de conocidos obispos brasileños,",Noun,noun,,,,,,,,,,,,,,,,,,,en,bishops,,,,,,,,
obstante,"No obstante, gracias al gran",Adjective,adjetivo,,,,,,,,,,,,,,,,,,,en,"[adv] nevertheless, anyway, anyhow",,,,,,,,
obtendrán,"…clientes del Plan PRIME+ obtendrán un2,6% re remuneración por…",Verb,ellos/ellas/uds.,futuro,obtener,verbo,futuro,obtener,ellos/ellas/uds.,,,,,,,,,,,,,en,"they will receive, obtain",,,,,,,,
obtener,"…dependen de ellos para obtener su protección y sangre,…",Verb,participio pasado,verbo,participio pasado,,,,,,,,,,,,,,,,,en,"v. obtain, acquire, come by; procure, secure; earn, achieve",,,,,,,,
obviamente,"blanco por el tiempo, obviamente, que dice",Adverb,Noun,,,,,,,,,,,,,,,,,,,en,Obviously,,,,,,,,
occidental,llevar pantalones del estilo occidental tenían que llevar una,Adjective,Noun,,,,,,,,,,,,,,,,,,,en,western,,,,,,,,
ocio,…vicio solía acompañar al ocio.,Verb,yo,presente,ociar,ociarse,Noun,sustantivo,verbo,presente,yo,ociarse,ociar,,,,,,,,,en,leisure time,,,,,,,,
octavo,"El octavo día, ella llamó a…",Verb,yo,presente,octavar,Adjective,Noun,verb,noun,adjective,presente,yo,octavar,,,,,,,,,en,eighth,,,,,,,,
octosílabos,…de la calaverita: cuartetas octosílabos,,,,,,,,,,,,,,,,,,,,,en,eight syllables,,,,,,,,
ocultaba,…morado bonito que no ocultaba su cuerpo como el…,Verb,yo,indicativo pretérito imperfecto,ocultar,ocultarse,verbo,yo,ocultar,ocultarse,indicativo pretérito imperfecto,,,,,,,,,,,en,concealed,,,,,,,,
ocultaban,…que lo revelaban y ocultaban a medias.,Verb,indicativo pretérito imperfecto,ellos/ellas/uds.,ocultar,ocultarse,verbo,ellos/ellas/uds.,ocultar,ocultarse,indicativo pretérito imperfecto,,,,,,,,,,,en,"hide, conceal",,,,,,,,
ocultando,"Le entregué el reloj, ocultando un ligero sentimiento de…",Verb,gerundio,ocultar,gerundio,verbo,ocultar,,,,,,,,,,,,,,,en,hiding,,,,,,,,
ocupados,…que están o estuvieron ocupados por aves.,Adjective,,,,,,,,,,,,,,,,,,,,en,"occupied, in use, engaged",,,,,,,,
ocuparse,"…usted la amabilidad de ocuparse de mi dedo, o,…",Verb,participio pasado,Noun,verb,noun,participio pasado,,,,,,,,,,,,,,,en,to take care of,,,,,,,,
ocurrían,…contaros las cosas que ocurrían en el mundo,Verb,indicativo pretérito imperfecto,ellos/ellas/uds.,ocurrir,verbo,ocurrir,ellos/ellas/uds.,indicativo pretérito imperfecto,,,,,,,,,,,,,en,occurred,,,,,,,,
ocurrido,"…Chile, y un feminicidio ocurrido hace más de diez…",Verb,yo,pretérito perfecto compuesto,ocurrir,Noun,verbo,ocurrir,yo,pretérito perfecto compuesto,,,,,,,,,,,,en,happened,,,,,,,,
ocurriendo,…exactamente lo que está ocurriendo con Biogen: su venta…,Verb,gerundio,ocurrir,gerundio,verbo,ocurrir,,,,,,,,,,,,,,,en,"happening, occurring",,,,,,,,
ocurriría,Ya sé lo que ocurriría si saliera la lechuza.,Verb,yo,condicional,ocurrir,verbo,ocurrir,yo,condicional,,,,,,,,,,,,,en,would happen,,,,,,,,
odié,…flores rosas que siempre odié.,Verb,yo,pretérito perfecto simple,odiar,verbo,yo,pretérito perfecto simple,odiar,,,,,,,,,,,,,en,I hated,,,,,,,,
odio,"…el tiempo, y mi odio también.",Verb,yo,presente,odiar,Noun,verb,noun,presente,yo,odiar,,,,,,,,,,,en,hatred,,,,,,,,
oeste,"…los Estados Unidos, al oeste con el Océano Pacífico…",Adjective,Noun,sustantivo,adjetivo,,,,,,,,,,,,,,,,,en,west,,,,,,,,
oficina,…se encontraba en la oficina del periódico cuando recibieron…,Noun,,,,,,,,,,,,,,,,,,,,en,office,,,,,,,,
oficios,"…verdad, he tenido varios oficios.",Noun,noun,,,,,,,,,,,,,,,,,,,en,jobs,,,,,,,,
ofrecer,…un residente no puede ofrecer trabajo ni alojamiento ni…,Verb,participio pasado,verbo,participio pasado,,,,,,,,,,,,,,,,,en,offer,,,,,,,,
oía,Su voz se oía muy débil ahora.,Verb,yo,indicativo pretérito imperfecto,oír,verb,yo,oír,indicativo pretérito imperfecto,,,,,,,,,,,,,en,was heard,,,,,,,,
oir,"…ver sus sonrisas extendidas, oir sus bromas y sus…",,,,,,,,,,,,,,,,,,,,,en,hear,,,,,,,,
oírse,…unos días antes suelen oírse bastantes petardos en la…,,,,,,,,,,,,,,,,,,,,,en,oír - to hear; oírse - can be heard,,,,,,,,
ola,…después de que una ola de incendios-especialmente entre…,Noun,sustantivo,,,,,,,,,,,,,,,,,,,en,"n.  wave, swell, ridge; sea wave; sudden intense rush of feeling; movement in a large group",,,,,,,,
olas,"China para evitar nuevas olas del virus. Así, cuando…",Noun,noun,,,,,,,,,,,,,,,,,,,en,waves,,,,,,,,
oleaje,[ oleaje],Noun,noun,,,,,,,,,,,,,,,,,,,en,wave,,,,,,,,
olfateó,…a la cocina y olfateó el aire.,Verb,pretérito perfecto simple,él/ella/ud.,olfatear,olfatearse,verb,pretérito perfecto simple,él/ella/ud.,olfatearse,olfatear,,,,,,,,,,,en,sniffed,,,,,,,,
olga,Esta no es la Olga que conocí.,Noun,sustantivo,,,,,,,,,,,,,,,,,,,en,Olga,,,,,,,,
olvidemos,…no conviene que nos olvidemos de los gazpachos del…,Verb,imperativo,nosotros,subjuntivo presente,olvidar,olvidarse,imperativo,verbo,olvidar,nosotros,subjuntivo presente,olvidarse,,,,,,,,,en,"olvidar  v. forget, fail to remember, be unable to recall; omit, leave out; forbid; neglect; condone",,,,,,,,
omnipresente,"…prevalencia del grafiti obsceno, omnipresente en las ciudades romanas.",Adjective,,,,,,,,,,,,,,,,,,,,en,present everywhere at all times,,,,,,,,
ondas,"Las ondas del radar están bloqueadas,…",Noun,noun,,,,,,,,,,,,,,,,,,,en,waves,,,,,,,,
operaba,"…ley. En absoluto. Garantex operaba con Theter,",Verb,yo,indicativo pretérito imperfecto,operar,operarse,verbo,yo,operarse,operar,indicativo pretérito imperfecto,,,,,,,,,,,en,Operated,,,,,,,,
opiniones,hablar de... expresar opiniones y... y cosas más…,Noun,,,,,,,,,,,,,,,,,,,,en,opinions,,,,,,,,
opongo,"…cerca, pero sí me opongo terminantemente a vestirme como…",Verb,yo,presente,oponer,oponerse,verbo,presente,yo,oponer,oponerse,,,,,,,,,,,en,I am opposed,,,,,,,,
oposición,"…propios abogados, con la oposición de buena",Noun,,,,,,,,,,,,,,,,,,,,en,opposition,,,,,,,,
opuestos,La historia de los opuestos.,Adjective,Noun,noun,adjective,,,,,,,,,,,,,,,,,en,opposites,,,,,,,,
oradores,…de los más grandes oradores que honran a Inglaterra.,Noun,noun,,,,,,,,,,,,,,,,,,,en,orators,,,,,,,,
órale,"Órale, y la mayoría somos…",,,,,,,,,,,,,,,,,,,,,en,"3. (colloquial) (used to express disbelief) (Mexico) 
a. no way (colloquial) 
¡Órale! ¿Ganó la lotería?No way! He won the lottery?",,,,,,,,
orden,"…se corta""), son un orden de artrópodos que pertenecen…",Noun,,,,,,,,,,,,,,,,,,,,en,interj.  order,,,,,,,,
ordenada,…marido es una persona ordenada?,Adjective,adjective,,,,,,,,,,,,,,,,,,,en,"ordered, well-arranged, neat",,,,,,,,
órdenes,"…baluartes y trincheras, dicta órdenes:",Noun,,,,,,,,,,,,,,,,,,,,en,orders,,,,,,,,
orejas,…labios y meneaban sus orejas.,Noun,noun,,,,,,,,,,,,,,,,,,,en,ears,,,,,,,,
orgullosa,"…era muy bella, pero orgullosa y altanera, y no…",Adjective,Noun,noun,adjective,,,,,,,,,,,,,,,,,en,proud,,,,,,,,
orgulloso,"…estaba muy contento, muy orgulloso de mi dibujo.",Adjective,Noun,sustantivo,adjetivo,,,,,,,,,,,,,,,,,en,proud,,,,,,,,
orilla,…cañabrava construidas a la orilla de un río de…,Verb,él/ella/ud.,presente,orillar,orillarse,Noun,verb,noun,presente,él/ella/ud.,orillar,orillarse,,,,,,,,,en,bank,,,,,,,,
oro,…menos cinco monedas de oro!,Verb,yo,presente,orar,Adjective,Noun,verb,noun,adjective,presente,yo,orar,,,,,,,,,en,gold,,,,,,,,
orugas,…soportar a esas dos orugas siempre quieren comer mis…,Noun,noun,,,,,,,,,,,,,,,,,,,en,caterpillars,,,,,,,,
oscilaciones,…que necesitaba reducir las oscilaciones.,Noun,noun,,,,,,,,,,,,,,,,,,,en,oscillations,,,,,,,,
oscura,Esa calle oscura era perfecta para sacarle…,Adjective,Noun,sustantivo,adjetivo,,,,,,,,,,,,,,,,,en,"adj. dark, obscure, mysterious",en,"dark, obscure",,,,,,
oscuro,un oscuro callejón… o porque te…,Adjective,Noun,sustantivo,adjetivo,,,,,,,,,,,,,,,,,en,dark,,,,,,,,
otorgado,"…del rey le es otorgado por Dios,",Verb,yo,pretérito perfecto compuesto,otorgar,verb,yo,otorgar,pretérito perfecto compuesto,,,,,,,,,,,,,en,"give, confer, bestow",,,,,,,,
otra,Ahora se llama de otra manera…“ Nazi- zona”.,Pronoun,Noun,,,,,,,,,,,,,,,,,,,en,"other, another",,,,,,,,
otro,"Camarera: Gracias, hasta otro día.",Pronoun,Noun,,,,,,,,,,,,,,,,,,,en,"another, other",,,,,,,,
otros,…un poco peor que otros.,Pronoun,Noun,pronombre,sustantivo,,,,,,,,,,,,,,,,,en,Others,,,,,,,,
ovación,"…cada premiado hubo una ovación, una lluvia de serpentinas…",Noun,,,,,,,,,,,,,,,,,,,,en,"a sustained and enthusiastic show of appreciation from an audience, especially by means of applause.",,,,,,,,
oveja,Dibújame una oveja,Noun,,,,,,,,,,,,,,,,,,,,en,sheep,,,,,,,,
ovejas,…adulto para poder ver ovejas a través de huecos…,Noun,noun,,,,,,,,,,,,,,,,,,,en,sheep,,,,,,,,
oye,Principito: Oye.,Verb,él/ella/ud.,presente,oír,Noun,verb,noun,presente,oír,él/ella/ud.,,,,,,,,,,,en,Listen,,,,,,,,
oyen,"…por las calles, se oyen mucho, la verdad es…",Verb,presente,ellos/ellas/uds.,oír,verbo,presente,oír,ellos/ellas/uds.,,,,,,,,,,,,,en,they heard,,,,,,,,
oyentes,"…contamos a ustedes, nuestros oyentes, cuál era nuestra situación,…",Adjective,Noun,noun,adjective,,,,,,,,,,,,,,,,,en,listeners,,,,,,,,
oyeron,"Finalmente, oyeron el sonido de alguien…",Verb,pretérito perfecto simple,ellos/ellas/uds.,oír,verb,pretérito perfecto simple,oír,ellos/ellas/uds.,,,,,,,,,,,,,en,heard,,,,,,,,
oyó,"…la mitad del puente, oyó una potente voz aterradora…",Verb,pretérito perfecto simple,él/ella/ud.,oír,Noun,verb,noun,pretérito perfecto simple,oír,él/ella/ud.,,,,,,,,,,,en,he heard,,,,,,,,
pa,…yo voy pa to' lo que tu…,Noun,Preposition,,,,,,,,,,,,,,,,,,,en,for (shortened para),,,,,,,,
pacientes,"llegando a los pacientes, e incluso entonces, menos…",Adjective,Noun,sustantivo,adjetivo,,,,,,,,,,,,,,,,,en,patients,,,,,,,,
padecía,"…que la señora Mallard padecía del corazón, se tomaron…",Verb,yo,indicativo pretérito imperfecto,padecer,verbo,yo,padecer,indicativo pretérito imperfecto,,,,,,,,,,,,,en,suffered,,,,,,,,
pagafantas,…la bibliotecaria y el pagafantas asesinaron al profesor.,,,,,,,,,,,,,,,,,,,,,en,someone in the 'friendzone',,,,,,,,
pagano,"…una fiesta de origen pagano y... bueno, hoy en…",Adjective,Noun,,,,,,,,,,,,,,,,,,,en,pagan,,,,,,,,
pagarla,…que yo tenga para pagarla.,,,,,,,,,,,,,,,,,,,,,en,to pay it,,,,,,,,
pagarlo,Y van a pagarlo.,,,,,,,,,,,,,,,,,,,,,en,pay for it,,,,,,,,
pagó,…verano de 2023 Biogen pagó más de 7.000 millones…,Verb,pretérito perfecto simple,él/ella/ud.,pagar,pagarse,verbo,pagar,pretérito perfecto simple,él/ella/ud.,pagarse,,,,,,,,,,,en,paid,,,,,,,,
pailas,"…que los calderos, las pailas, las tenazas y los…",,,,,,,,,,,,,,,,,,,,,en,pans,,,,,,,,
paisajes,…cañón y destruyendo los paisajes. El soldado tenía los…,Noun,noun,,,,,,,,,,,,,,,,,,,en,landscapes,,,,,,,,
pálido,"Llevaba el rostro pálido al natural, no usaba…",Adjective,Noun,sustantivo,adjetivo,,,,,,,,,,,,,,,,,en,"adj. pale, colorless, pallid; weak; white",,,,,,,,
pálidos,Sus labios pálidos están ligeramente curvados hacia…,Adjective,adjetivo,,,,,,,,,,,,,,,,,,,en,"pale, colorless",,,,,,,,
palíndromo,origen de este sofisticado palíndromo de,,,,,,,,,,,,,,,,,,,,,en,palindrome (word that reads the same forward and backwards),,,,,,,,
palíndromos,juego de palíndromos o palabras que se,,,,,,,,,,,,,,,,,,,,,en,palindromes,,,,,,,,
palizas,"…hacerlo, le castigaba con palizas.",Noun,sustantivo,,,,,,,,,,,,,,,,,,,en,"paliza : beating, spanking",,,,,,,,
pan,…con un trozo de pan o con una loncha…,Adjective,Noun,,,,,,,,,,,,,,,,,,,en,bread,,,,,,,,
panchito,Tengo acento panchito.,Noun,noun,,,,,,,,,,,,,,,,,,,en,little Mexican,,,,,,,,
panda,"…Ya verás, panda!",Noun,noun,,,,,,,,,,,,,,,,,,,en,panda,,,,,,,,
pandillas,"…los rodeaban( de las pandillas que los asediaban, de…",Noun,sustantivo,,,,,,,,,,,,,,,,,,,en,"mob; band, gang",,,,,,,,
panjshir,…comunidad del valle de Panjshir busca ahora,,,,,,,,,,,,,,,,,,,,,en,Panjshir,,,,,,,,
pantalla,…mujer que véis en pantalla se llama MENG WANZHOU…,Noun,sustantivo,,,,,,,,,,,,,,,,,,,en,screen,,,,,,,,
panteones,…atrás eran conocidos como“ panteones.” Estos versos nacieron en…,,,,,,,,,,,,,,,,,,,,,en,cemeteries,,,,,,,,
pañuelo,…su frente con un pañuelo de cuadros rojos.,Noun,sustantivo,,,,,,,,,,,,,,,,,,,en,handkerchief; scarf; bandana,,,,,,,,
panza,Tiene una panza grande y redonda.,Noun,noun,,,,,,,,,,,,,,,,,,,en,"(barriga grande)	belly, paunch, pot-belly",,,,,,,,
papas,…como un costal de papas.,Verb,presente,tú,papar,Noun,sustantivo,tú,verbo,presente,papar,,,,,,,,,,,en,potato,,,,,,,,
papi,"…Buenos días, papi.- Buenos días, reina.",Noun,,,,,,,,,,,,,,,,,,,,en,daddy,,,,,,,,
papiros,en papiros tablillas de arcilla libros,Noun,noun,,,,,,,,,,,,,,,,,,,en,papyrus,,,,,,,,
para,…hermana decidió comprarle una para su cumpleaños.,Verb,él/ella/ud.,presente,imperativo,parar,pararse,parir,Noun,Preposition,imperativo,verbo,parar,presente,él/ella/ud.,parir,pararse,,,,,en,for,,,,,,,,
parad,Bueno.¡ Parad ya!,Verb,imperativo,vosotros,parar,imperativo,verbo,parar,vosotros,,,,,,,,,,,,,en,"stop, knock it off",,,,,,,,
parado,"años de edad, estaba parado mirándome y me dijo",Verb,yo,pretérito perfecto compuesto,parar,pararse,Adjective,Adverb,,,,,,,,,,,,,,en,"stopped, standing",,,,,,,,
paradoja,…la sátira y la paradoja.,Noun,noun,,,,,,,,,,,,,,,,,,,en,paradox,,,,,,,,
paralelas,Hablan de investigaciones paralelas.,Verb,presente,tú,paralelar,Adjective,verb,tú,adjective,presente,paralelar,,,,,,,,,,,en,parallel,,,,,,,,
páramo,"…del Viejo Continente un páramo helado,",Noun,sustantivo,,,,,,,,,,,,,,,,,,,en,moorland,,,,,,,,
parapetos,"…manda construir fajinas y parapetos, recorre baluartes y trincheras,…",Noun,,,,,,,,,,,,,,,,,,,,en,"parapet, barricade",,,,,,,,
parar,…enemigo superior es no parar ante nada.,Verb,participio pasado,verb,participio pasado,,,,,,,,,,,,,,,,,en,to stop,,,,,,,,
parca,La parca muy abusada,,,,,,,,,,,,,,,,,,,,,en,Grim Reaper,,,,,,,,
parece,…Por qué parece que tenemos que encontrar…,Verb,él/ella/ud.,presente,parecer,parecerse,Noun,Preposition,verbo,presente,parecer,él/ella/ud.,parecerse,,,,,,,,,tr,"seem, appear; look;",,,,,,,,
parecemos,"Muertes alargadas, personajes que parecemos clichés.",Verb,presente,nosotros,parecer,parecerse,verbo,nosotros,presente,parecer,parecerse,,,,,,,,,,,en,seem,,,,,,,,
parecen,"Parecen majos,¿ no?",Verb,presente,ellos/ellas/uds.,parecer,parecerse,Adjective,verbo,presente,parecer,ellos/ellas/uds.,parecerse,,,,,,,,,,en,"seem, appear, look, resemble",,,,,,,,
parecer,…Sus pasillos le debieron parecer enormes mientras la perseguía.,Verb,participio pasado,Noun,sustantivo,verbo,participio pasado,,,,,,,,,,,,,,,en,opinion,en,seem,en,"to seem, to look like, also to have an opinion",,,,
parecérselo,Más que parecérselo lo era.,,,,,,,,,,,,,,,,,,,,,en,look like it,,,,,,,,
parecido,…el tener un nombre parecido.,Verb,yo,pretérito perfecto compuesto,parecer,parecerse,Adjective,Noun,verbo,yo,parecer,pretérito perfecto compuesto,parecerse,,,,,,,,,en,similar,,,,,,,,
pareciéndome,…siguen de algún modo pareciéndome especialmente dulces.,,,,,,,,,,,,,,,,,,,,,en,seemed to me,,,,,,,,
pareció,"…que penetraba en ella, pareció a fin de cuentas…",Verb,pretérito perfecto simple,él/ella/ud.,parecer,parecerse,verbo,parecer,pretérito perfecto simple,él/ella/ud.,parecerse,,,,,,,,,,,en,it seemed,,,,,,,,
paredes,…tranquila entre las cuatro paredes harto conocidas.,Noun,noun,,,,,,,,,,,,,,,,,,,en,walls,,,,,,,,
pareja,"…en las relaciones de pareja, o porque son infelices…",Noun,,,,,,,,,,,,,,,,,,,,en,"(f)n. pair, couple, dyad; doublet; fellow; pendant; partner, mate",,,,,,,,
parejas,En serio. Las parejas tienen vida social.,Noun,,,,,,,,,,,,,,,,,,,,en,"couples, pairs",,,,,,,,
pares,…del bosque y no pares!,Verb,presente,tú,subjuntivo presente,parar,pararse,parir,Noun,verb,noun,tú,parar,presente,subjuntivo presente,parir,pararse,,,,,en,stop,,,,,,,,
parezca,…que tu rostro no parezca una máscara de hule?,Verb,él/ella/ud.,imperativo,subjuntivo presente,parecer,parecerse,Noun,sustantivo,imperativo,verbo,parecer,subjuntivo presente,él/ella/ud.,parecerse,,,,,,,en,"seem, appear; look;",,,,,,,,
parezco,"Yo sé que parezco gordo y sabroso, pero…",Verb,yo,presente,parecer,parecerse,verb,presente,yo,parecer,parecerse,,,,,,,,,,,en,I seem,,,,,,,,
parkear,…cosas como“ voy a parkear el coche” o“ dame…,,,,,,,,,,,,,,,,,,,,,en,park,en,estacionar,,,,,,
parque,…que miraba hacia el parque de los robles.,Noun,,,,,,,,,,,,,,,,,,,,en,"(m) park, playground",,,,,,,,
párrafos,"…compuesto por estrofas( los“ párrafos” del poema), y las…",Noun,sustantivo,,,,,,,,,,,,,,,,,,,en,paragraphs,,,,,,,,
párroco,"párroco de Anapú,",Noun,noun,,,,,,,,,,,,,,,,,,,en,parish priest,,,,,,,,
parte,…que nos pasamos gran parte de nuestra vida buscándola…,Verb,él/ella/ud.,presente,partir,partirse,Adverb,Noun,verbo,presente,partir,él/ella/ud.,partirse,,,,,,,,,en,"part, side, portion",,,,,,,,
partido,…un entrenamiento o un partido de fútbol.,Verb,yo,pretérito perfecto compuesto,partir,partirse,Adjective,Noun,sustantivo,adjetivo,verbo,yo,partir,pretérito perfecto compuesto,partirse,,,,,,,en,(Political) party,,,,,,,,
partir,"A partir de ahora, en Arizona…",Verb,participio pasado,verbo,participio pasado,,,,,,,,,,,,,,,,,en,"go, leave",,,,,,,,
pasa,Pasa una noche conmigo,Verb,él/ella/ud.,presente,pasar,pasarse,Noun,verbo,presente,pasar,él/ella/ud.,pasarse,,,,,,,,,,en,happens,,,,,,,,
pasado,"Ya ha pasado todo, hijo.¡ Volvéis a…",Verb,él/ella/ud.,pretérito perfecto compuesto,pasar,pasarse,Adjective,Noun,verbo,pasar,pretérito perfecto compuesto,él/ella/ud.,pasarse,,,,,,,,,en,past,,,,,,,,
pasamos,…naranja y que nos pasamos gran parte de nuestra…,,,,,,,,,,,,,,,,,,,,,en,we come/go past; we cross; we pass; we happen; we pass/go by (pasar),,,,,,,,
pasan,"…y sangre, las pulgas pasan su vida adulta completa…",,,,,,,,,,,,,,,,,,,,,en,"[v:pasar] hand over, transfer, deliver; move from one place to another",,,,,,,,
pasará,"…hacemos,¿ sabes lo que pasará?",Verb,él/ella/ud.,futuro,pasar,pasarse,verb,futuro,pasar,él/ella/ud.,pasarse,,,,,,,,,,,en,will happen,,,,,,,,
pasaré,"…dos días y, finalmente, pasaré 2 noches en Florencia.",,,,,,,,,,,,,,,,,,,,,en,I will spend/pass,,,,,,,,
pasaría,o¿ Qué pasaría si mi media naranja…,Verb,él/ella/ud.,condicional,pasar,pasarse,verbo,pasar,condicional,él/ella/ud.,pasarse,,,,,,,,,,,en,"would pass, would happen",,,,,,,,
pasaron,"Bueno. Entonces, pasaron varias horas.",,,,,,,,,,,,,,,,,,,,,en,they passed,,,,,,,,
pasatiempo,pasatiempo de la época pero…,Noun,noun,,,,,,,,,,,,,,,,,,,en,hobby,,,,,,,,
paseaba,"Un día, mientras paseaba por el bosque cercano,…",Verb,yo,indicativo pretérito imperfecto,pasear,pasearse,verbo,pasear,yo,pasearse,indicativo pretérito imperfecto,,,,,,,,,,,en,"was walking, was taking a walk",,,,,,,,
pasillos,…Sus pasillos le debieron parecer enormes…,Noun,sustantivo,,,,,,,,,,,,,,,,,,,en,"n.  corridor, passageway; promenade; lobby; gangway; aisle; lane",,,,,,,,
paso,Si das el paso te sigo,Adjective,Noun,,,,,,,,,,,,,,,,,,,fr,"passage, passing, way, route, path, course; step, pace; I pass",,,,,,,,
pasos,Los primeros pasos de la fiesta se…,Noun,sustantivo,,,,,,,,,,,,,,,,,,,en,steps,,,,,,,,
pastel,"…Algunas veces comen pastel de chocolate como postre,…",Noun,noun,,,,,,,,,,,,,,,,,,,en,"cake, pie",,,,,,,,
pasteles,"Llévale esta canasta de pasteles,¡ pero sé muy cuidadosa!",Noun,noun,,,,,,,,,,,,,,,,,,,en,pastry,en,cakes,,,,,,
pastizal,"…tenido que pagar un pastizal por este medicamento y,…",,,,,,,,,,,,,,,,,,,,,en,pastureland,,,,,,,,
pasto,…grandes margaritas en el pasto.,Verb,yo,presente,pastar,Noun,verb,noun,presente,yo,pastar,,,,,,,,,,,en,grass,,,,,,,,
pataleaban,"…ver las patas que pataleaban, y sólo cejaba en…",Verb,indicativo pretérito imperfecto,ellos/ellas/uds.,patalear,verb,ellos/ellas/uds.,patalear,indicativo pretérito imperfecto,,,,,,,,,,,,,en,were kicking,,,,,,,,
patas,Tienen seis patas y su estructura corporal…,Noun,,,,,,,,,,,,,,,,,,,,en,"(f)n. leg, paw; foot; female duck; tab; strap",,,,,,,,
patillas,"…Byron de bigote y patillas, a un Byron impasible,…",Noun,noun,,,,,,,,,,,,,,,,,,,en,whiskers; sideburns,,,,,,,,
patógenas,…división de las células patógenas( las que ya están…,,,,,,,,,,,,,,,,,,,,,en,pathogenic,,,,,,,,
patrocinador,"…INFORME K, y el patrocinador de este vídeo.",Noun,sustantivo,,,,,,,,,,,,,,,,,,,en,"patron, sponsor",,,,,,,,
patrón,"a San José, patrón de los carpinteros que…",Noun,sustantivo,,,,,,,,,,,,,,,,,,,en,"patron, master; pattern",,,,,,,,
paulatino,un progreso paulatino dentro de un orden…,Adjective,adjective,,,,,,,,,,,,,,,,,,,en,gradual,,,,,,,,
pausa,Después de la pausa: la conexión entre el…,Verb,él/ella/ud.,presente,pausar,Noun,verbo,presente,pausar,él/ella/ud.,,,,,,,,,,,,en,"pause, break",,,,,,,,
pauta,…Hay alguna pauta común entre los desaparecidos?,Verb,él/ella/ud.,presente,pautar,Noun,verb,noun,presente,él/ella/ud.,pautar,,,,,,,,,,,en,guideline,,,,,,,,
payasos,"y los payasos asesinos son muy inquietantes,…",Noun,sustantivo,,,,,,,,,,,,,,,,,,,en,clowns,,,,,,,,
paz,La paz será restaurada.,Noun,sustantivo,,,,,,,,,,,,,,,,,,,en,Peace,,,,,,,,
pecados,…muerte quien expíe tus pecados.,Noun,noun,,,,,,,,,,,,,,,,,,,en,sins,,,,,,,,
pecho,"…espalda o en el pecho, según necesidad.",Verb,yo,presente,pechar,pecharse,Adjective,Noun,verbo,presente,yo,pechar,pecharse,,,,,,,,,en,chest,,,,,,,,
pedazo,un pedazo de tierra para sembrar,Noun,noun,,,,,,,,,,,,,,,,,,,en,piece,,,,,,,,
pedido,…Porque se lo has pedido tú.,Verb,yo,pretérito perfecto compuesto,pedir,Noun,sustantivo,pedir,verbo,yo,pretérito perfecto compuesto,,,,,,,,,,,en,request,,,,,,,,
pedirle,…estado de Arizona puede pedirle los papeles en cualquier…,,,,,,,,,,,,,,,,,,,,,en,ask,,,,,,,,
pedo,"…come, tendré sabor a pedo.",,,,,,,,,,,,,,,,,,,,,en,fart,,,,,,,,
pegamento,…me ocurrió utilizar el pegamento para pegar,Noun,noun,,,,,,,,,,,,,,,,,,,en,glue,,,,,,,,
pelea,hay una pelea en el patio de…,Verb,él/ella/ud.,presente,pelear,pelearse,Noun,verb,noun,presente,pelear,él/ella/ud.,pelearse,,,,,,,,,en,fight,,,,,,,,
película,"BORUTO, LA PELÍCULA.",Noun,noun,,,,,,,,,,,,,,,,,,,en,movie,,,,,,,,
peligro,"estábamos en peligro, verdadero peligro",Verb,yo,presente,peligrar,Noun,,,,,,,,,,,,,,,,en,danger; risk; threat,,,,,,,,
peligrosa,boa constrictor es muy peligrosa,Adjective,,,,,,,,,,,,,,,,,,,,en,"adj. perilous, risky, dangerous; nasty",,,,,,,,
peligroso,y algo peligroso.,Adjective,Noun,sustantivo,adjetivo,,,,,,,,,,,,,,,,,en,dangerous,,,,,,,,
pellizqué,Yo me pellizqué el brazo para ver,Verb,yo,pretérito perfecto simple,pellizcar,pellizcarse,,,,,,,,,,,,,,,,en,pinched,,,,,,,,
pelotón,"…años después, frente al pelotón de fusilamiento, el coronel…",Noun,noun,,,,,,,,,,,,,,,,,,,en,squad,,,,,,,,
peludo,…y sacudió su cuerpo peludo y gruñó:,Adjective,adjective,,,,,,,,,,,,,,,,,,,en,furry,,,,,,,,
pena,"Es una pena, pero es así.",Verb,él/ella/ud.,presente,penar,penarse,Noun,verb,noun,penar,presente,él/ella/ud.,penarse,,,,,,,,,en,pity,,,,,,,,
pendiente,…misma/ o sin estar pendiente de que mi pareja…,Adjective,Noun,,,,,,,,,,,,,,,,,,,en,"pending, outstanding; slope",,,,,,,,
penetraba,"…universitaria, a medida que penetraba en ella, pareció a…",Verb,yo,indicativo pretérito imperfecto,penetrar,penetrarse,verbo,yo,penetrar,penetrarse,indicativo pretérito imperfecto,,,,,,,,,,,en,penetrated,,,,,,,,
pensaba,…era racista y él pensaba que era superior a…,Verb,yo,indicativo pretérito imperfecto,pensar,Noun,verbo,pensar,yo,indicativo pretérito imperfecto,,,,,,,,,,,,en,thought (past tense),,,,,,,,
pensadlo,Pensadlo bien: Empresas que podrían…,,,,,,,,,,,,,,,,,,,,,en,Think about it,,,,,,,,
pensamiento,…a sorprendernos con su pensamiento lateral. Así que¿ Cuál…,Noun,sustantivo,,,,,,,,,,,,,,,,,,,en,thinking,,,,,,,,
pensamos,"…en la media naranja, pensamos que necesitamos que otra…",Verb,presente,nosotros,pensar,verbo,pensar,nosotros,presente,,,,,,,,,,,,,en,"(pensar, present & past) we think/thought",,,,,,,,
pensando,…He estado dos semanas pensando en el viaje que…,Verb,gerundio,pensar,Adjective,Adverb,gerundio,verbo,pensar,,,,,,,,,,,,,en,thinking,,,,,,,,
pensarlo,"Sin pensarlo dos veces, decidió entrar…",Pronoun,Noun,pronombre,sustantivo,,,,,,,,,,,,,,,,,en,"v. think, deliberate, conceive in the mind; believe; contemplate, consider;",,,,,,,,
pensé,Pues pensé que no lo había…,Verb,yo,pretérito perfecto simple,pensar,Adjective,Noun,sustantivo,adjetivo,verbo,pensar,yo,pretérito perfecto simple,,,,,,,,,en,I thought,,,,,,,,
peor,El peor cumpleaños No era la…,Adjective,Noun,sustantivo,adjetivo,,,,,,,,,,,,,,,,,en,worse; worst,,,,,,,,
peores,los peores miedos?¿ Es posible vivir…,Verb,tú,subjuntivo presente,peorar,Adjective,Noun,sustantivo,adjetivo,tú,verbo,subjuntivo presente,peorar,,,,,,,,,en,worse,,,,,,,,
pequeño,Cuando era más pequeño sí que a veces…,Adjective,Noun,,,,,,,,,,,,,,,,,,,en,small,,,,,,,,
perderá,"casa, así no se perderá tu oveja porque estará",Verb,él/ella/ud.,futuro,perder,perderse,,,,,,,,,,,,,,,,en,will get lost,,,,,,,,
perderlos,…ya es hora de perderlos de vista.,,,,,,,,,,,,,,,,,,,,,en,to lose them,,,,,,,,
perderse,…y que era fácil perderse.,Verb,participio pasado,verb,participio pasado,,,,,,,,,,,,,,,,,en,to get lost,,,,,,,,
pérdida,…Brasil sufre la mayor pérdida de vegetación desde 2008,Noun,sustantivo,,,,,,,,,,,,,,,,,,,en,loss,,,,,,,,
perdidos,"SHIM estaba convencido de que el conocimiento que él tenía, que él aprendió del libro, y el conocimiento que los WIT tienen (porque ellos, los WIT saben fabricar luz—saben construir cosas) en combinación del conocimiento que él tiene, y talvez del co",Adjective,Noun,,,,,,,,,,,,,,,,,,,en,"n.  missing,",,,,,,,,
perdóneme,"Perdóneme el señor, pero es…",,,,,,,,,,,,,,,,,,,,,en,forgive me,,,,,,,,
perenne,…comunes de la alergia perenne y de los síntomas…,Adjective,,,,,,,,,,,,,,,,,,,,en,"ageless, perrennial",,,,,,,,
perezoso,"…caso, un pequeño oso perezoso ya no puede respirar…",Adjective,Noun,sustantivo,adjetivo,,,,,,,,,,,,,,,,,en,lazy,,,,,,,,
perfección,"…que se adapta con perfección al delicado cuerpo infantil,…",Adjective,Noun,,,,,,,,,,,,,,,,,,,en,N. perfection; ideal,,,,,,,,
perfil,Este es su perfil en la página de…,Noun,sustantivo,,,,,,,,,,,,,,,,,,,en,"(m.) profile, outline; skyline; hairstroke",,,,,,,,
perfilar,…va a ayudar a perfilar,Verb,participio pasado,verb,participio pasado,,,,,,,,,,,,,,,,,en,to shape,,,,,,,,
periódico,…en la oficina del periódico cuando recibieron la noticia…,Noun,,,,,,,,,,,,,,,,,,,,en,Newspaper,,,,,,,,
periodista,…verificadora de datos y periodista en El hilo¿ Quieres…,Noun,,,,,,,,,,,,,,,,,,,,en,"journalist, reporter",,,,,,,,
permanecer,"…madre:"" Nosotras debemos siempre permanecer en el camino y…",Verb,participio pasado,verb,participio pasado,,,,,,,,,,,,,,,,,en,to remain,,,,,,,,
permaneceremos,"Si hacemos eso, nosotras permaneceremos a salvo.""",Verb,nosotros,futuro,permanecer,verb,nosotros,futuro,permanecer,,,,,,,,,,,,,en,we will remain,,,,,,,,
permanecía,"…si bien algo pequeña, permanecía tranquila entre las cuatro…",Verb,yo,indicativo pretérito imperfecto,permanecer,verb,yo,permanecer,indicativo pretérito imperfecto,,,,,,,,,,,,,en,it remained,,,,,,,,
permite,y permite a las autoridades policiales…,Verb,él/ella/ud.,presente,permitir,permitirse,verbo,permitir,presente,él/ella/ud.,permitirse,,,,,,,,,,,en,[v: permitir] to allow,,,,,,,,
perno,…al suelo y el perno se cayó al suelo…,Noun,noun,,,,,,,,,,,,,,,,,,,en,bolt,,,,,,,,
perseguía,…parecer enormes mientras la perseguía.,Verb,yo,indicativo pretérito imperfecto,perseguir,verbo,yo,perseguir,indicativo pretérito imperfecto,,,,,,,,,,,,,en,pursue,,,,,,,,
persiguió,Y persiguió a la mariposa a…,Verb,pretérito perfecto simple,él/ella/ud.,perseguir,verb,pretérito perfecto simple,él/ella/ud.,perseguir,,,,,,,,,,,,,en,he chased,,,,,,,,
persona,"…que necesitamos que otra persona nos complete como personas,…",Verb,presente,personarse,Noun,verbo,presente,personarse,,,,,,,,,,,,,,en,person,,,,,,,,
pertenece,Siento que tampoco me pertenece.,Verb,él/ella/ud.,presente,pertenecer,pertenecerse,Adjective,Noun,sustantivo,adjetivo,pertenecer,verbo,presente,él/ella/ud.,pertenecerse,,,,,,,en,It belongs,,,,,,,,
pertenecen,…orden de artrópodos que pertenecen a la clase Arachnida(…,Verb,presente,ellos/ellas/uds.,pertenecer,pertenecerse,pertenecer,verbo,presente,ellos/ellas/uds.,pertenecerse,,,,,,,,,,,en,they belong to,,,,,,,,
pertenecía,…enorme territorio de Arizona pertenecía antes a México.,Verb,yo,indicativo pretérito imperfecto,pertenecer,pertenecerse,pertenecer,verbo,yo,pertenecerse,indicativo pretérito imperfecto,,,,,,,,,,,en,"v. pertain, appertain, belong to; connected to",,,,,,,,
perversos,…pie izquierdos son considerados perversos. Los musulmanes,Adjective,adjective,,,,,,,,,,,,,,,,,,,en,perverse; wicked,,,,,,,,
pesar,"…o menos satisfecho a pesar de las dificultades, pero…",Verb,participio pasado,Noun,verbo,participio pasado,,,,,,,,,,,,,,,,,,,,,,,,,
pesca,Las redes de pesca existen para atrapar peces.,Verb,él/ella/ud.,presente,pescar,Noun,verbo,presente,él/ella/ud.,pescar,,,,,,,,,,,,en,fishing,,,,,,,,
petardos,"…bueno es.... se tiran petardos, se encienden hogueras en…",Noun,,,,,,,,,,,,,,,,,,,,en,firecrackers,,,,,,,,
pez,"Una vez atrapado el pez, te puedes olvidar de…",Noun,,,,,,,,,,,,,,,,,,,,en,fish,,,,,,,,
pharmaceuticals,…una prometedora farmacéutica: Reata Pharmaceuticals.,,,,,,,,,,,,,,,,,,,,,en,Pharmaceuticals,,,,,,,,
pib,"…y al cabo, el PIB de Rusia es más…",Noun,sustantivo,,,,,,,,,,,,,,,,,,,en,GDP (producto interior bruto),,,,,,,,
pibón,"el intenso, la pibón, la cría,",,,,,,,,,,,,,,,,,,,,,en,bombshell,,,,,,,,
piden,…y la policía municipal piden refuerzos!,Verb,presente,ellos/ellas/uds.,pedir,verb,pedir,presente,ellos/ellas/uds.,,,,,,,,,,,,,en,they ask for,,,,,,,,
piedad,"…hiciera, pero no tuve piedad. Se lo merecía"".",Noun,sustantivo,,,,,,,,,,,,,,,,,,,en,piety (devoutness to God),en,"n. pity, mercy, piety (religious)",,,,,,
piedra,"…Harry Potter y la piedra filosofal, Harry espera impaciente…",Noun,sustantivo,,,,,,,,,,,,,,,,,,,en,stone,,,,,,,,
piedrecitas,…llenó los bolsillos con piedrecitas blancas del jardín.,,,,,,,,,,,,,,,,,,,,,en,little stones,,,,,,,,
piel,Don Rodrigo tenía la piel blanca y era de…,Noun,,,,,,,,,,,,,,,,,,,,en,skin,,,,,,,,
piensas,"Si te fijas, cuando piensas en media naranja, rápidamente…",Verb,presente,tú,pensar,tú,verbo,pensar,presente,,,,,,,,,,,,,en,"<-pensar  think, believe",,,,,,,,
pieza,Pero todavía falta una pieza fundamental en nuestra historia:…,Noun,sustantivo,,,,,,,,,,,,,,,,,,,en,"piece, roll, part",,,,,,,,
pillas,"Y, Ángela, tú lo pillas en el claustro y…",Verb,presente,tú,pillar,pillarse,tú,verbo,presente,pillar,pillarse,,,,,,,,,,,en,"v.  ravage, pillage; prey; worry  ; come across somebody",,,,,,,,
pillen,…Y que me pillen?- Lo subimos a una…,Verb,ellos/ellas/uds.,imperativo,subjuntivo presente,pillar,pillarse,imperativo,verbo,subjuntivo presente,ellos/ellas/uds.,pillar,pillarse,,,,,,,,,en,caught,en,(they) catch,en,(they) catch (subjunctive),,,,
pillo,Ya lo pillo. Eso es...,Verb,yo,presente,pillar,pillarse,verb,presente,yo,pillar,pillarse,,,,,,,,,,,en,I catch,,,,,,,,
pincho,"…es el caso del pincho moruno, las banderillas o…",Verb,yo,presente,pinchar,pincharse,Noun,verbo,presente,yo,pinchar,pincharse,,,,,,,,,,en,spike; prod; brochette,,,,,,,,
pinchó,"…con la aguja se pinchó un dedo, y tres…",Verb,pretérito perfecto simple,él/ella/ud.,pinchar,pincharse,verb,pretérito perfecto simple,él/ella/ud.,pinchar,pincharse,,,,,,,,,,,en,pricked,,,,,,,,
piñones,"…torta con frutas confitadas, piñones, con crema... bueno hay…",Noun,,,,,,,,,,,,,,,,,,,,en,pine nuts,,,,,,,,
pintan,…no es como lo pintan.,Verb,presente,ellos/ellas/uds.,pintar,pintarse,verbo,presente,pintar,ellos/ellas/uds.,pintarse,,,,,,,,,,,en,"paint; picture; depict, portray; decorate; stain",,,,,,,,
pintas,A: Gata que te pintas chapas,Verb,presente,tú,pintar,pintarse,Adjective,Noun,sustantivo,adjetivo,tú,verbo,presente,pintar,pintarse,,,,,,,en,spots,en,"spots, dot",en,"you paint, spots, dot",en,"spots, dots.   //   pints.",,
pintura,"cursos de pintura, escultura, fotografía y tallado…",Noun,sustantivo,,,,,,,,,,,,,,,,,,,en,"paint, painting, picture",,,,,,,,
pipa,Le concederás su última pipa a un hombre condenado.,Verb,él/ella/ud.,presente,pipar,Noun,verb,noun,presente,él/ella/ud.,pipar,,,,,,,,,,,en,pipe,,,,,,,,
pirada,…que sabemos que está pirada.,,,,,,,,,,,,,,,,,,,,,en,lunatic,,,,,,,,
pirado,"…como la prota, el pirado,",Verb,yo,pretérito perfecto compuesto,pirar,pirarse,verbo,yo,pretérito perfecto compuesto,pirar,pirarse,,,,,,,,,,,en,"crazy. looney, nutter",,,,,,,,
pirarse,pero hay que pirarse de aquí ya.,Verb,participio pasado,verb,participio pasado,,,,,,,,,,,,,,,,,en,get out,,,,,,,,
piras,"Estas piras de objetos fueron evolucionando,…",Verb,presente,tú,pirar,pirarse,tú,verbo,presente,pirar,pirarse,,,,,,,,,,,en,(you) out of here,en,"bonfires, pyres",en,"you're off, you're leaving",,,,
pírate,"Mejor pírate, tío.",Verb,imperativo,pirarse,imperativo,verbo,pirarse,,,,,,,,,,,,,,,en,"pirar: to skip (school), to ditch something, run away, go crazy, to go mad
Here, imperitive - go away",,,,,,,,
pirotecnia,"…y todo tipo de pirotecnia... cohetes... y bueno, bengalas…",,,,,,,,,,,,,,,,,,,,,en,pyrotechnics,,,,,,,,
pisaban,Ellos pisaban fuerte con sus pies…,Verb,indicativo pretérito imperfecto,ellos/ellas/uds.,pisar,verb,ellos/ellas/uds.,pisar,indicativo pretérito imperfecto,,,,,,,,,,,,,en,were stepping,,,,,,,,
pisó,Él pisó fuerte con sus pies.,Verb,pretérito perfecto simple,él/ella/ud.,pisar,verb,pretérito perfecto simple,él/ella/ud.,pisar,,,,,,,,,,,,,en,he stepped,,,,,,,,
pistas,…el texto y busca pistas,Verb,presente,tú,pistar,Noun,sustantivo,tú,verbo,presente,pistar,,,,,,,,,,,en,"paths, trails, tracks",,,,,,,,
pistolero,PISTOLERO,,,,,,,,,,,,,,,,,,,,,en,gunman,,,,,,,,
pistoleros,…hemos visto a unos pistoleros por acá.,,,,,,,,,,,,,,,,,,,,,en,gunmen,,,,,,,,
placa,…Me he dejado la placa!,Verb,él/ella/ud.,presente,placar,Noun,verb,noun,presente,él/ella/ud.,placar,,,,,,,,,,,en,plate,,,,,,,,
plagiar,…único que hacen es plagiar a sus autores favoritos.,Verb,participio pasado,verbo,participio pasado,,,,,,,,,,,,,,,,,en,plagiarize,,,,,,,,
plagio,"No es plagio, es fan fiction.",Verb,yo,presente,plagiar,Noun,sustantivo,verbo,presente,yo,plagiar,,,,,,,,,,,en,plagiarism,,,,,,,,
planchada,que llevar una camisa planchada con una corbata y,,,,,,,,,,,,,,,,,,,,,en,ironed,,,,,,,,
planeando,Arturo estaba planeando una revolución contra Don…,Verb,gerundio,planear,gerundio,verbo,planear,,,,,,,,,,,,,,,en,"planear v. plan, make a scheme",,,,,,,,
planes,…otro de los futuros planes del estudio.,Noun,sustantivo,,,,,,,,,,,,,,,,,,,en,"m. n. plan, design; arrangement",,,,,,,,
plata,"…más suave, como la plata, no tan grueso como…",Noun,sustantivo,,,,,,,,,,,,,,,,,,,en,n.  loot; silver; brass,,,,,,,,
platitos,"…blanquísimo, con siete minúsculos platitos y siete vasitos; y…",,,,,,,,,,,,,,,,,,,,,en,"saucers, little plates",,,,,,,,
platzi,Platzi proveyó el capital para…,,,,,,,,,,,,,,,,,,,,,en,Platzi,,,,,,,,
plazo,…Isabel se estableció un plazo inicial de investigación de…,Noun,,,,,,,,,,,,,,,,,,,,en,term,,,,,,,,
plumas,…del cielo como blancas plumas.,Noun,noun,,,,,,,,,,,,,,,,,,,en,feathers,,,,,,,,
pobre,"Tú, pobre niño no entiendes",Adjective,Noun,,,,,,,,,,,,,,,,,,,en,poor,,,,,,,,
pobrecilla,"…le dijo:-¡ Márchate, pues, pobrecilla!",,,,,,,,,,,,,,,,,,,,,en,poor thing,,,,,,,,
pobres,…de todos los hombres pobres que vivían en San…,Adjective,Noun,,,,,,,,,,,,,,,,,,,en,the poor,,,,,,,,
pobreza,"…sus hermanos, de la pobreza que los aquejaba) y…",Noun,sustantivo,,,,,,,,,,,,,,,,,,,en,poverty,,,,,,,,
poder,…sociedad de entregarle un poder sin límites.,Verb,participio pasado,Noun,verb,noun,participio pasado,,,,,,,,,,,,,,,en,"power, authority; be able",,,,,,,,
poderes,…brillante que parecía tener poderes mágicos.,Noun,sustantivo,,,,,,,,,,,,,,,,,,,en,powers,,,,,,,,
podrás,"…siempre está soleado, y podrás tomar helado todos los…",Verb,tú,futuro,poder,Adjective,Noun,sustantivo,adjetivo,tú,verbo,futuro,poder,,,,,,,,,en,you will be able to,,,,,,,,
podré,tarde podré ver el final de…,Verb,yo,futuro,poder,verb,yo,futuro,poder,,,,,,,,,,,,,en,I will be able to,,,,,,,,
podréis,"también, los más atrevidos, podréis invertir en criptoactivos.",Verb,futuro,vosotros,poder,verbo,futuro,poder,vosotros,,,,,,,,,,,,,en,you all will be able,,,,,,,,
podría,Y eso podría haberme supuesto un ascenso…,Verb,yo,condicional,poder,Preposition,verbo,yo,poder,condicional,,,,,,,,,,,,,,,,,,,,,
podrían,…y aunque los gatos podrían ser huéspedes transitorios de…,Verb,ellos/ellas/uds.,condicional,poder,Adjective,Noun,verbo,poder,condicional,ellos/ellas/uds.,,,,,,,,,,,en,They could,,,,,,,,
poesía,…hay tiempo para leer poesía ahora.¡ Vamos!”,Noun,noun,,,,,,,,,,,,,,,,,,,en,poetry,,,,,,,,
polarizados,en estos tiempos tan polarizados los ánimos se encienden…,,,,,,,,,,,,,,,,,,,,,en,polarized,,,,,,,,
policiales,…permite a las autoridades policiales detener a toda persona…,Adjective,Noun,,,,,,,,,,,,,,,,,,,en,"policial  adj. constabulary, pertaining to constables or their duties",,,,,,,,
políticos,políticos de roma 6 º julius…,Adjective,Noun,,,,,,,,,,,,,,,,,,,en,politicians,,,,,,,,
polvo,…se dispersan en un polvo fino que es inhalado…,Noun,,,,,,,,,,,,,,,,,,,,en,"powder, dust",,,,,,,,
pompeya,de pompeya puede que fuera obra…,,,,,,,,,,,,,,,,,,,,,en,Pompeii,,,,,,,,
poniéndome,Poniéndome a su altura yo,,,,,,,,,,,,,,,,,,,,,en,Putting myself,,,,,,,,
poodle,…hacen pensar en el poodle de una mujer adinerada.,,,,,,,,,,,,,,,,,,,,,en,poodle,,,,,,,,
populismo,…Bukele]:  La gente escucha populismo y dice: populismo.,,,,,,,,,,,,,,,,,,,,,en,populism,,,,,,,,
populista,…Alguien quiere un presidente populista?,Adjective,adjetivo,,,,,,,,,,,,,,,,,,,en,populist,,,,,,,,
poquitín,"…muy hambrienta, comió un poquitín de legumbres y un…",,,,,,,,,,,,,,,,,,,,,en,little bit,,,,,,,,
porcentaje,…con cryptos es un porcentaje muy pequeño del total.,Noun,sustantivo,,,,,,,,,,,,,,,,,,,en,percentage,,,,,,,,
porfa,"Porfa, porfa, porfa."" No"".",,,,,,,,,,,,,,,,,,,,,en,Please,,,,,,,,
Por lo mismo,"Por lo mismo, eran frecuentemente censuradas o…",,,,,,,,,,,,,,,,,,,,,en,For that very reason,,,,,,,,
porquería,Con esta porquería seguro que recaigo.,Noun,noun,,,,,,,,,,,,,,,,,,,en,junk,,,,,,,,
porquito,…quizás también está un porquito… Y eso también está…,,,,,,,,,,,,,,,,,,,,,en,little,,,,,,,,
portada,…Hermano que llenaba la portada.,Noun,,,,,,,,,,,,,,,,,,,,en,sleeve; title page; front;,,,,,,,,
portador,El delito de ser“ portador” de cara.,Noun,,,,,,,,,,,,,,,,,,,,en,"dj. transported, carried, conveyed from one place to another",,,,,,,,
posibilidad,…le horrorizaba era la posibilidad de estar,Noun,,,,,,,,,,,,,,,,,,,,en,possibility,,,,,,,,
positiva,…terminar con una nota positiva- en su último informe…,Verb,él/ella/ud.,presente,positivar,Adjective,Adverb,adjetivo,adverbio,verbo,presente,él/ella/ud.,positivar,,,,,,,,,en,"positive (f, adj)",,,,,,,,
posteriormente,…escuelas o trabajos para posteriormente colocarlas en el altar…,Adverb,adverbio,,,,,,,,,,,,,,,,,,,en,later,,,,,,,,
postre,Pero es el postre típico de la verbena…,Verb,él/ella/ud.,imperativo,subjuntivo presente,postrar,postrarse,Adverb,Noun,imperativo,verbo,subjuntivo presente,él/ella/ud.,postrarse,postrar,,,,,,,en,dessert,,,,,,,,
postura,"…mercado que defienden esa postura, también canciones, como Sin…",Noun,,,,,,,,,,,,,,,,,,,,en,"posture, position, status",,,,,,,,
posturas,…y el internacionalismo. Ambas posturas coinciden en defender la…,Noun,noun,,,,,,,,,,,,,,,,,,,en,positions,,,,,,,,
potable,dos galones de agua potable,Adjective,,,,,,,,,,,,,,,,,,,,en,drinkable (adj.),,,,,,,,
potente,"…del puente, oyó una potente voz aterradora que venía…",Adjective,adjective,,,,,,,,,,,,,,,,,,,en,powerful,,,,,,,,
potentes,"…adapta para dar saltos potentes, lo que las permite…",Adjective,,,,,,,,,,,,,,,,,,,,en,"potent, powerful",,,,,,,,
pozo,…planeta donde tengo mi pozo de agua y te…,Noun,noun,,,,,,,,,,,,,,,,,,,en,well,,,,,,,,
prado,…alta y verde del prado al otro lado del…,Noun,noun,,,,,,,,,,,,,,,,,,,en,meadow,,,,,,,,
precauciones,"…corazón, se tomaron muchas precauciones antes de darle la…",Verb,subjuntivo presente,precaucionarse,Noun,sustantivo,verbo,subjuntivo presente,precaucionarse,,,,,,,,,,,,,en,precautions,,,,,,,,
precedió,…toda la noche que precedió al día de la…,Verb,pretérito perfecto simple,él/ella/ud.,preceder,verbo,pretérito perfecto simple,él/ella/ud.,preceder,,,,,,,,,,,,,en,(he/she) preceded,,,,,,,,
preciosa,"…casa, y representa una preciosa alcancía de electricidad disponible…",Adjective,Noun,,,,,,,,,,,,,,,,,,,en,"lovely, beautiful",,,,,,,,
precioso,"…JUAN, QUE TENGAS UN PRECIOSO DÍA”.",Adjective,Noun,noun,adjective,,,,,,,,,,,,,,,,,en,lovely,,,,,,,,
precipité,…y creo que me precipité al enviarlo.,Verb,yo,pretérito perfecto simple,precipitar,precipitarse,verbo,yo,pretérito perfecto simple,precipitar,precipitarse,,,,,,,,,,,en,"precipitate, haste, accelerate",,,,,,,,
precisamente,"…Y, amigos eso es precisamente lo que tratamos de…",Adverb,Noun,,,,,,,,,,,,,,,,,,,en,"[adv]  precisely, exactly, just, true",,,,,,,,
preclínicas,…se someten a pruebas preclínicas terminan,,,,,,,,,,,,,,,,,,,,,en,preclinical,,,,,,,,
predijeron,ireneusz predijeron que ese sería el…,Verb,pretérito perfecto simple,ellos/ellas/uds.,predecir,verbo,pretérito perfecto simple,predecir,ellos/ellas/uds.,,,,,,,,,,,,,en,predicted,,,,,,,,
pregonaba,…cosas tienen vida propia— pregonaba el gitano con áspero…,Verb,yo,indicativo pretérito imperfecto,pregonar,verb,yo,pregonar,indicativo pretérito imperfecto,,,,,,,,,,,,,en,he proclaimed,,,,,,,,
pregunta,…Tienes alguna pregunta sobre ella?,Verb,él/ella/ud.,presente,preguntar,preguntarse,Noun,sustantivo,verbo,preguntar,presente,él/ella/ud.,preguntarse,,,,,,,,,en,question,,,,,,,,
preguntándome,…remate el Principito seguía preguntándome sobre cosas de las…,,,,,,,,,,,,,,,,,,,,,en,asking myself; wondering,,,,,,,,
preguntaste,…Alguna vez te preguntaste cómo es ahogarse?,Verb,pretérito perfecto simple,tú,preguntar,preguntarse,verb,tú,preguntar,pretérito perfecto simple,preguntarse,,,,,,,,,,,en,you asked,,,,,,,,
premiación,"En la ceremonia de premiación, se prohibió la entrada…",,,,,,,,,,,,,,,,,,,,,en,awarding of prizes,,,,,,,,
premiado,"…todos, y para cada premiado hubo una ovación, una…",Verb,yo,pretérito perfecto compuesto,premiar,Adjective,verbo,yo,pretérito perfecto compuesto,premiar,,,,,,,,,,,,en,prizewinning,,,,,,,,
premisa,Bajo esa premisa nació Tiempo de Juego.,Noun,sustantivo,,,,,,,,,,,,,,,,,,,en,premise,,,,,,,,
prender,…velas benditas se pueden prender cuando existan problemas durante…,Verb,participio pasado,verbo,participio pasado,,,,,,,,,,,,,,,,,en,Turn on,,,,,,,,
prendía,…la mañana y lo prendía por la tarde.,Verb,yo,indicativo pretérito imperfecto,prender,prenderse,verb,yo,prender,prenderse,indicativo pretérito imperfecto,,,,,,,,,,,en,used to light,,,,,,,,
prendían,…la calle y les prendían fuego la víspera del,Verb,indicativo pretérito imperfecto,ellos/ellas/uds.,prender,prenderse,verbo,ellos/ellas/uds.,prender,prenderse,indicativo pretérito imperfecto,,,,,,,,,,,en,lit,,,,,,,,
prensa,tan evidentes que la prensa internacional se refiere a…,Verb,él/ella/ud.,presente,prensar,Noun,sustantivo,verbo,presente,él/ella/ud.,prensar,,,,,,,,,,,en,press,,,,,,,,
preparatoria,"…año de bachillerato, de preparatoria.",Noun,,,,,,,,,,,,,,,,,,,,en,preparatory,,,,,,,,
preposición,"…español no usamos la preposición"" por"" para indicar la…",Noun,,,,,,,,,,,,,,,,,,,,en,"n. preposition, part of speech that serves to express the relationship between two words",,,,,,,,
presa,…boas constrictor atacan su presa primero sofocándola al enroscarse…,Adjective,Noun,sustantivo,adjetivo,,,,,,,,,,,,,,,,,en,"prey, catch, prize",,,,,,,,
presiones,…Sin presiones.-¡ Eso suena a presión!,Verb,tú,subjuntivo presente,presionar,Noun,verb,noun,tú,subjuntivo presente,presionar,,,,,,,,,,,en,pressures,,,,,,,,
prestado,"…crónica, aun cuando hubiera prestado a mi amigo poco…",Verb,yo,pretérito perfecto compuesto,prestar,prestarse,Adjective,verb,adjective,yo,prestar,pretérito perfecto compuesto,prestarse,,,,,,,,,en,lent,,,,,,,,
prestó,"…hizo caso, nadie le prestó atención a la charla,…",Verb,pretérito perfecto simple,él/ella/ud.,prestar,prestarse,verb,pretérito perfecto simple,prestar,él/ella/ud.,prestarse,,,,,,,,,,,en,lent,,,,,,,,
presuntas,…el hombre de las presuntas torturas.,,,,,,,,,,,,,,,,,,,,,en,alleged,,,,,,,,
pretensiosa,…nueva amiga era muy pretensiosa y vanidosa.,,,,,,,,,,,,,,,,,,,,,en,pretentious,,,,,,,,
prevalencia,"…a causa de la prevalencia del grafiti obsceno, omnipresente…",Noun,,,,,,,,,,,,,,,,,,,,en,prevalence,,,,,,,,
primavera,…la bienvenida a la primavera.,Noun,sustantivo,,,,,,,,,,,,,,,,,,,en,spring,,,,,,,,
prime,"…los clientes del Plan PRIME+ obtendrán un2,6% re remuneración…",Verb,él/ella/ud.,imperativo,primar,Noun,sustantivo,imperativo,verbo,él/ella/ud.,primar,,,,,,,,,,,en,Prime,,,,,,,,
primer,Este es nuestro primer episodio y la idea…,Adjective,Noun,,,,,,,,,,,,,,,,,,,en,first; former; the first,,,,,,,,
primera,…su iglesia a la primera iglesia del 1 º y 2…,Adjective,Noun,,,,,,,,,,,,,,,,,,,en,first,,,,,,,,
primeros,"…tanto, como fueron los primeros servicios de la iglesia?",Adjective,Noun,,,,,,,,,,,,,,,,,,,en,"first, primary",,,,,,,,
principal,"Además de su uso principal como lugares de enterramiento,…",Adjective,Noun,,,,,,,,,,,,,,,,,,,en,principal,,,,,,,,
príncipe,…creciste pensando en el príncipe o la princesa.”,Adjective,Noun,,,,,,,,,,,,,,,,,,,en,"[n,M] prince, son of a king; ruler, sovereign",,,,,,,,
principio,…y tal pues... al principio les... les daba un…,Verb,yo,presente,principiar,Noun,verbo,presente,yo,principiar,,,,,,,,,,,,en,"beginning, start, outset",,,,,,,,
prisa,"No tengo prisa, pero es que quiero…",Noun,,,,,,,,,,,,,,,,,,,,en,haste,,,,,,,,
privadas,"…para servicios en viviendas privadas, edificios desiertos, cuevas, cerca…",Adjective,,,,,,,,,,,,,,,,,,,,en,private,,,,,,,,
privilegiado,"Cuenta con un clima privilegiado, con días soleados durante…",Verb,yo,pretérito perfecto compuesto,privilegiar,Adjective,Noun,sustantivo,adjetivo,verbo,yo,pretérito perfecto compuesto,privilegiar,,,,,,,,,en,"n. privileged status, adj. preferential, preferred, privileged",,,,,,,,
probable,"…una naranja entera, es probable que ruede hasta caer…",Adjective,,,,,,,,,,,,,,,,,,,,en,likely,,,,,,,,
probar,"Aunque logren probar su teoría, el consejo…",Verb,participio pasado,verb,participio pasado,,,,,,,,,,,,,,,,,en,to prove,,,,,,,,
procedimiento,o procedimiento sin capacidad de curación…,Noun,noun,,,,,,,,,,,,,,,,,,,en,procedure,,,,,,,,
procrastinar,…hecho de fallar o procrastinar,,,,,,,,,,,,,,,,,,,,,en,To procrastinate,,,,,,,,
prodigaba,"…aun cuando no se prodigaba mucho, no era tampoco…",Verb,yo,indicativo pretérito imperfecto,prodigar,prodigarse,verb,yo,prodigar,prodigarse,indicativo pretérito imperfecto,,,,,,,,,,,en,he squandered,,,,,,,,
prodigioso,"Tenía un espejo prodigioso, y cada vez que…",Adjective,adjective,,,,,,,,,,,,,,,,,,,en,prodigious,,,,,,,,
producen,…zonas de la montaña producen excelentes vinos.,Verb,presente,ellos/ellas/uds.,producir,producirse,verbo,presente,producir,producirse,ellos/ellas/uds.,,,,,,,,,,,en,they produce,,,,,,,,
profesor,La banda del Profesor vuelve a reunirse.,Noun,,,,,,,,,,,,,,,,,,,,en,"teacher, professor (el)",,,,,,,,
profetas,muchos supuestos profetas hayan indicado,Verb,presente,tú,profetar,Noun,tú,verbo,presente,profetar,,,,,,,,,,,,en,prophets,,,,,,,,
prófugos,…era uno de los prófugos más buscados.,Adjective,,,,,,,,,,,,,,,,,,,,en,fugitives,,,,,,,,
profunda,Para combatir una neurastenia profunda que me tenía agobiado-…,Verb,él/ella/ud.,presente,profundar,Adjective,adjetivo,verbo,presente,él/ella/ud.,profundar,,,,,,,,,,,en,"deep, profound",,,,,,,,
profundidades,"Juntos, exploraron las profundidades de la cueva y…",Noun,sustantivo,,,,,,,,,,,,,,,,,,,en,depth,,,,,,,,
profundizar,"…con notas adicionales para profundizar en la historia, una…",Verb,participio pasado,verbo,participio pasado,,,,,,,,,,,,,,,,,en,v. deepen; fathom,,,,,,,,
profundo,Él vivía en lo profundo del bosque con su…,Verb,yo,presente,profundar,Adjective,Noun,verb,noun,adjective,presente,yo,profundar,,,,,,,,,en,deep,,,,,,,,
prójimo,Delito de ayudar al prójimo.,Noun,,,,,,,,,,,,,,,,,,,,en,neighbor; fellow,,,,,,,,
promesa,"…sino que son una promesa de la FED,",Noun,sustantivo,,,,,,,,,,,,,,,,,,,en,"n. vow, promise",,,,,,,,
prometedor,"…llegar a ser muy prometedor, aun estando todavía",Adjective,adjetivo,,,,,,,,,,,,,,,,,,,en,promising,,,,,,,,
prometedora,hacerse con una prometedora farmacéutica: Reata Pharmaceuticals.,Adjective,adjetivo,,,,,,,,,,,,,,,,,,,en,promising,,,,,,,,
prometido,…que el viejo había prometido.,Verb,yo,pretérito perfecto compuesto,prometer,prometerse,Noun,verb,noun,yo,pretérito perfecto compuesto,prometer,prometerse,,,,,,,,,en,promised,,,,,,,,
promover,orientada a promover el aprendizaje de mecanismos…,Verb,participio pasado,verbo,participio pasado,,,,,,,,,,,,,,,,,en,promote,,,,,,,,
pronóstico,…medicamento que contra todo pronóstico fue aprobado por la…,Noun,sustantivo,,,,,,,,,,,,,,,,,,,en,1. forecast n. 2. prognosis n. 3. prognostication n. 4. prediction,,,,,,,,
pronto,…decir… mañana encima abro pronto la librería.,Adverb,adverbio,,,,,,,,,,,,,,,,,,,en,soon,,,,,,,,
pronunciadas,"…cara varonil, de facciones pronunciadas, pero estaba intensamente pálido,…",Adjective,adjective,,,,,,,,,,,,,,,,,,,en,pronounced,,,,,,,,
propios,"…la recomendación de sus propios abogados, con la oposición…",Adjective,Noun,,,,,,,,,,,,,,,,,,,en,adj. proper; individual; peculiar; own,,,,,,,,
propósito,…fallarse de su primer propósito que había sido caer…,Noun,,,,,,,,,,,,,,,,,,,,en,"intention, purpose",,,,,,,,
propuesto,…imposible y la había propuesto como una lección contra…,Verb,yo,pretérito perfecto compuesto,proponer,proponerse,verbo,yo,pretérito perfecto compuesto,proponerse,proponer,,,,,,,,,,,en,proposed,,,,,,,,
propusimos,nos propusimos crear un canal donde…,Verb,pretérito perfecto simple,nosotros,proponer,proponerse,verbo,nosotros,pretérito perfecto simple,proponerse,proponer,,,,,,,,,,,en,"proponer v. propose; propound; advance; posit; proffer; tender ,",,,,,,,,
prota,"…así fue como la prota, el pirado,",,,,,,,,,,,,,,,,,,,,,en,"protagonista - main character, protagonist",,,,,,,,
protección,"…ellos para obtener su protección y sangre, las pulgas…",Noun,,,,,,,,,,,,,,,,,,,,en,protection,,,,,,,,
protege,Protege a la familia.,Verb,él/ella/ud.,presente,proteger,protegerse,verb,presente,proteger,él/ella/ud.,protegerse,,,,,,,,,,,en,Protect,,,,,,,,
protegida,PROTEGIDA POR EL ACUERDO DE…,Adjective,adjetivo,,,,,,,,,,,,,,,,,,,en,"protected, sheltered",,,,,,,,
prótesis,de un paciente con prótesis corticales la reacción inmediata,Noun,,,,,,,,,,,,,,,,,,,,en,prosthesis,,,,,,,,
protuberancia,"…de arco, sobre cuya protuberancia apenas podía mantenerse el…",Noun,noun,,,,,,,,,,,,,,,,,,,en,bulge,,,,,,,,
proveer,…Creativa se dedica a proveer clases de arte para…,Verb,participio pasado,verbo,participio pasado,,,,,,,,,,,,,,,,,en,"provide, supply, provision, purvey; accommodate; cater; stock",,,,,,,,
provenientes,…eran en su mayoría provenientes de las clases más…,Adjective,,,,,,,,,,,,,,,,,,,,en,emenate from,,,,,,,,
proveyó,Platzi proveyó el capital para producir…,Verb,pretérito perfecto simple,él/ella/ud.,proveer,proveerse,verbo,pretérito perfecto simple,él/ella/ud.,proveer,proveerse,,,,,,,,,,,en,"provide, set + aside, furnish",,,,,,,,
proviene,La energía proviene del sol. Luego se…,Verb,él/ella/ud.,presente,provenir,verb,presente,provenir,él/ella/ud.,,,,,,,,,,,,,en,it comes,,,,,,,,
provincia,Si la provincia de Alicante es famosa…,Noun,,,,,,,,,,,,,,,,,,,,en,province,,,,,,,,
provoca,…más algún rinovirus y provoca que se nos ponga…,Verb,él/ella/ud.,presente,provocar,verb,presente,provocar,él/ella/ud.,,,,,,,,,,,,,en,it causes,,,,,,,,
próxima,…gracias y hasta la próxima.,Adjective,Noun,,,,,,,,,,,,,,,,,,,en,"adj. proximate, next",,,,,,,,
prueba,"…cree, haz la siguiente prueba. La próxima vez que…",Verb,él/ella/ud.,presente,probar,probarse,Noun,verb,noun,probar,presente,él/ella/ud.,probarse,,,,,,,,,en,test,,,,,,,,
pruebas,Aquí dentro tengo las pruebas que demuestran,Verb,presente,tú,probar,probarse,Noun,verb,noun,tú,probar,presente,probarse,,,,,,,,,en,evidence,,,,,,,,
psicólogos,Yo había contratado psicólogos,Noun,sustantivo,,,,,,,,,,,,,,,,,,,en,psychologist,,,,,,,,
pudiera,Si pudiera dejarla salir aunque sólo…,Verb,yo,subjuntivo pretérito imperfecto,poder,Adjective,adjetivo,verbo,yo,poder,subjuntivo pretérito imperfecto,,,,,,,,,,,en,could,,,,,,,,
pudieron,No pudieron hacerlo más temprano.¿ Qué…,Verb,pretérito perfecto simple,ellos/ellas/uds.,poder,verb,poder,pretérito perfecto simple,ellos/ellas/uds.,,,,,,,,,,,,,en,they could,,,,,,,,
pudiese,…descubrió antes de que pudiese explicárselo.,Verb,yo,subjuntivo pretérito imperfecto,poder,verbo,yo,poder,subjuntivo pretérito imperfecto,,,,,,,,,,,,,en,could,,,,,,,,
pudiste,Así tú pudiste cumplir mi órden y…,Verb,pretérito perfecto simple,tú,poder,verb,tú,poder,pretérito perfecto simple,,,,,,,,,,,,,en,you were able to,,,,,,,,
pueblan,"…las numerosas Sociedades que pueblan la capital de Inglaterra,…",Verb,presente,ellos/ellas/uds.,poblar,poblarse,verb,presente,ellos/ellas/uds.,poblar,poblarse,,,,,,,,,,,en,they populate,,,,,,,,
pueblo,…que vivía en un pueblo pequeño en una parte…,Verb,yo,presente,poblar,poblarse,Noun,verbo,presente,yo,poblar,poblarse,,,,,,,,,,en,"town, common people; nation, folk",,,,,,,,
puede,…del estado de Arizona puede pedirle los papeles en…,Verb,él/ella/ud.,presente,poder,Adjective,Noun,verbo,presente,poder,él/ella/ud.,,,,,,,,,,,en,"can, may; might",,,,,,,,
pueden,"…ahora, los mexicanos no pueden ni siquiera caminar tranquilos…",Verb,presente,ellos/ellas/uds.,poder,Adjective,Noun,verbo,presente,poder,ellos/ellas/uds.,,,,,,,,,,,en,"can, may; might",,,,,,,,
puente,…que llegaron a un puente largo.,Noun,noun,,,,,,,,,,,,,,,,,,,en,bridge,,,,,,,,
puerta,…Río está en la puerta.,Noun,,,,,,,,,,,,,,,,,,,,en,door,,,,,,,,
puertas,Puertas.,Noun,,,,,,,,,,,,,,,,,,,,en,"portes, door",,,,,,,,
puertorriqueña,…madera en la artesanía puertorriqueña.,,,,,,,,,,,,,,,,,,,,,en,Puerto Rican,,,,,,,,
pues,y... pues el día 23 por la…,Adverb,Noun,,,,,,,,,,,,,,,,,,,en,: Well,en,then,,,,,,
puesto,Siento cómo se ha puesto Nando en el club…,Verb,yo,pretérito perfecto compuesto,poner,ponerse,Adjective,Noun,sustantivo,adjetivo,poner,verbo,yo,pretérito perfecto compuesto,ponerse,,,,,,,en,adj. established,,,,,,,,
puestos,…antes ya tienes muchos puestos donde puedes comprar petardos…,Noun,,,,,,,,,,,,,,,,,,,,en,"jobs, positions",,,,,,,,
pulgar,"…mí, el del dedo pulgar del señor Hatherley y…",Noun,noun,,,,,,,,,,,,,,,,,,,en,thumb,,,,,,,,
pulgas,EL GATO CON PULGAS,Noun,,,,,,,,,,,,,,,,,,,,en,fleas,,,,,,,,
pulmones,…grave: afecta a los pulmones( y a veces otros…,Noun,noun,,,,,,,,,,,,,,,,,,,en,lungs,,,,,,,,
pulseras,"…infantil, mediante cómodos cinturones, pulseras, anillos y broches.",Noun,,,,,,,,,,,,,,,,,,,,en,pulsera (f) n. bracelet; wristband,,,,,,,,
puñado,"Un entrenador, un puñado de jóvenes, un balón,…",Noun,sustantivo,,,,,,,,,,,,,,,,,,,en,"fistful, bunch, handful",,,,,,,,
puños,"El maestro Oscar, puños raídos, sueldo de fakir,…",Noun,,,,,,,,,,,,,,,,,,,,en,"n.  fist, handgrip; handle",,,,,,,,
puntiagudas,"…entre espinos y piedras puntiagudas, y los animales de…",,,,,,,,,,,,,,,,,,,,,en,"pointed, sharp pointed",,,,,,,,
puntualidad,"…sus carcajadas, observar la puntualidad con que llegaban a…",Noun,sustantivo,,,,,,,,,,,,,,,,,,,en,punctuality,,,,,,,,
pupa,…larva y uno de pupa.,Noun,,,,,,,,,,,,,,,,,,,,en,n.  insect in the intermediate transformation stage between larva and adult,,,,,,,,
puse,La puse yo mismo.,Verb,yo,pretérito perfecto simple,poner,ponerse,poner,verbo,yo,pretérito perfecto simple,ponerse,,,,,,,,,,,en,put,,,,,,,,
pusieran,Yo quería que le pusieran el vestido morado bonito…,Verb,ellos/ellas/uds.,subjuntivo pretérito imperfecto,poner,ponerse,poner,verbo,ellos/ellas/uds.,ponerse,subjuntivo pretérito imperfecto,,,,,,,,,,,en,"ponerv. put, place; lay; insert; impose; mark; adjust; send; contribute; subscri",,,,,,,,
puto,…he sido.- Nadie se puto mueve de aquí.,,,,,,,,,,,,,,,,,,,,,en,fucking,,,,,,,,
que,…las veremos en gatos que viven y han nacido…,Pronoun,Adverb,,,,,,,,,,,,,,,,,,,en,that,,,,,,,,
quebró,…planta de frijoles se quebró.,Verb,pretérito perfecto simple,él/ella/ud.,quebrar,quebrarse,verb,quebrar,pretérito perfecto simple,él/ella/ud.,quebrarse,,,,,,,,,,,en,broke,,,,,,,,
queda,"…mesa verás cómo se queda quieta, pero si pones…",Verb,él/ella/ud.,presente,quedar,quedarse,verbo,presente,quedar,él/ella/ud.,quedarse,,,,,,,,,,,en,is left over,,,,,,,,
quedaba,El invierno quedaba atrás y se daba…,Verb,yo,indicativo pretérito imperfecto,quedar,quedarse,verbo,yo,quedar,quedarse,indicativo pretérito imperfecto,,,,,,,,,,,en,remained,,,,,,,,
quedan,…las entregas que nos quedan del curso.,Verb,presente,ellos/ellas/uds.,quedar,quedarse,verbo,presente,quedar,ellos/ellas/uds.,quedarse,,,,,,,,,,,en,"remain, stay; keep; weaken; leave; agree; trail",,,,,,,,
quedaremos,"…Nos quedaremos aquí para siempre”, declaró…",Verb,nosotros,futuro,quedar,quedarse,verb,nosotros,futuro,quedar,quedarse,,,,,,,,,,,en,we will stay,,,,,,,,
quedarían,Solo quedarían por firmar los papeles…,Verb,ellos/ellas/uds.,condicional,quedar,quedarse,verbo,condicional,quedar,ellos/ellas/uds.,quedarse,,,,,,,,,,,en,would remain,en,they would stay,,,,,,
quedaron,Mm… Te quedaron bien buenos los frijoles.,Verb,pretérito perfecto simple,ellos/ellas/uds.,quedar,quedarse,verb,quedar,pretérito perfecto simple,ellos/ellas/uds.,quedarse,,,,,,,,,,,en,they turned out,,,,,,,,
quedas,…vayas. Si tú te quedas yo te doy una…,Verb,presente,tú,quedar,quedarse,verb,tú,presente,quedar,quedarse,,,,,,,,,,,en,stay,,,,,,,,
quedate,…policía2]¡ Quedate ahí!,,,,,,,,,,,,,,,,,,,,,en,Stay there,,,,,,,,
quédate,"…AHORA, QUÉDATE QUIETO PARA QUE TE…",Verb,imperativo,quedarse,Noun,verb,noun,imperativo,quedarse,,,,,,,,,,,,,en,STAY,,,,,,,,
quedéis,"…mejor para que os quedéis hasta el final,",Verb,subjuntivo presente,vosotros,quedar,quedarse,verb,quedar,vosotros,subjuntivo presente,quedarse,,,,,,,,,,,en,you stay,,,,,,,,
quédense,…a hacer un mandado Quédense conversando.,Verb,imperativo,quedarse,imperativo,verbo,quedarse,,,,,,,,,,,,,,,en,quédense stay tuned,,,,,,,,
quedo,"…hecho entrar— me dijo quedo, señalando hacia atrás por…",Verb,yo,presente,quedar,quedarse,verb,presente,yo,quedar,quedarse,,,,,,,,,,,en,quietly,,,,,,,,
quedó,y el niño se quedó callado,Verb,pretérito perfecto simple,él/ella/ud.,quedar,quedarse,,,,,,,,,,,,,,,,en,remained,,,,,,,,
queja,…Cruzado jadea y se queja],Verb,él/ella/ud.,presente,quejar,quejarse,Noun,sustantivo,verbo,presente,él/ella/ud.,quejarse,quejar,,,,,,,,,en,moan; complain,en,"n. moan, wail; grumble, murmur; niggle; complaint",,,,,,
quejarse,…la flor comenzó a quejarse a gruñir.,Verb,participio pasado,Noun,verb,noun,participio pasado,,,,,,,,,,,,,,,en,to complain,,,,,,,,
quejido,quejido amortiguado],,,,,,,,,,,,,,,,,,,,,en,"n. moan, groan; whine, whimper",,,,,,,,
quejidos,quejidos de dolor]-[ respira entrecortada],Noun,sustantivo,,,,,,,,,,,,,,,,,,,en,"moans, groans, cries, whines",,,,,,,,
quejó,"…se quejó, sentado a la mesa—.",Verb,pretérito perfecto simple,él/ella/ud.,quejar,quejarse,verbo,pretérito perfecto simple,él/ella/ud.,quejarse,quejar,,,,,,,,,,,en,"quejarse = complain, grieve, grumble, protest,",,,,,,,,
quemado,"…del protogermánico y significa‘ quemado'. Y recordamos que Sirius,…",Verb,yo,pretérito perfecto compuesto,quemar,quemarse,Adjective,Noun,verb,noun,adjective,yo,quemar,pretérito perfecto compuesto,quemarse,,,,,,,en,burned,,,,,,,,
quemó,…payaso ha escrito que quemó a Rai en la…,Verb,pretérito perfecto simple,él/ella/ud.,quemar,quemarse,verbo,pretérito perfecto simple,quemar,él/ella/ud.,quemarse,,,,,,,,,,,en,it burned,,,,,,,,
querían,…contrabandistas y grupos que querían reunirse fuera de la…,Verb,indicativo pretérito imperfecto,ellos/ellas/uds.,querer,verbo,querer,ellos/ellas/uds.,indicativo pretérito imperfecto,,,,,,,,,,,,,en,They wanted,,,,,,,,
querido,"Recuerda, querido lector, que en toda",Verb,yo,pretérito perfecto compuesto,querer,Adjective,Noun,,,,,,,,,,,,,,,en,wanted,,,,,,,,
queriendo,"…abandonado la Francia, y queriendo experimentar la vida doméstica…",Verb,gerundio,querer,verb,gerundio,querer,,,,,,,,,,,,,,,en,wanting,,,,,,,,
querrás,"Las putas cobayas querrás decir,¿ no?",Verb,tú,futuro,querer,verb,tú,futuro,querer,,,,,,,,,,,,,en,you will want,,,,,,,,
Qué va,No. Qué va. No me va mucho…,,,,,,,,,,,,,,,,,,,,,en,"not at all, no way, absolutely not",,,,,,,,
quiénes,quiénes y cómo eran nuestros…,Pronoun,Noun,pronombre,sustantivo,,,,,,,,,,,,,,,,,en,Who,,,,,,,,
quieran,Que nos la quieran vender,Verb,ellos/ellas/uds.,imperativo,querer,Adjective,Noun,verb,noun,imperativo,adjective,querer,ellos/ellas/uds.,,,,,,,,,en,they want,,,,,,,,
quieta,"…verás cómo se queda quieta, pero si pones una…",Verb,él/ella/ud.,presente,quietar,quietarse,Adjective,verbo,presente,él/ella/ud.,quietarse,quietar,,,,,,,,,,en,"quiet, silent; peaceful",,,,,,,,
quieto,Quieto!,Verb,yo,presente,quietar,quietarse,Adjective,Noun,verb,noun,adjective,presente,yo,quietarse,quietar,,,,,,,en,stay still,,,,,,,,
químicos,…llenan el cuerpo de químicos para evitar que tu…,Adjective,Noun,sustantivo,adjetivo,,,,,,,,,,,,,,,,,en,chemical,,,,,,,,
quinientos,…su gente tenían solamente quinientos años de vivir en…,Noun,,,,,,,,,,,,,,,,,,,,en,Five hundred,,,,,,,,
quinta,primera y en la quinta línea y las de…,Verb,él/ella/ud.,presente,quintar,Adjective,Noun,verb,noun,adjective,presente,él/ella/ud.,quintar,,,,,,,,,en,fifth,,,,,,,,
quisiera,"…la exclusividad, si me quisiera sabría lo que pienso…",Verb,yo,subjuntivo pretérito imperfecto,querer,Adjective,Noun,verbo,yo,querer,subjuntivo pretérito imperfecto,,,,,,,,,,,en,you would like,,,,,,,,
quisieras,Si tú realmente me quisieras no dejarías que yo…,Verb,subjuntivo pretérito imperfecto,tú,querer,verb,tú,querer,subjuntivo pretérito imperfecto,,,,,,,,,,,,,en,would want,,,,,,,,
quiso,…todas las cosas que quiso ser.,Verb,pretérito perfecto simple,él/ella/ud.,querer,verbo,querer,pretérito perfecto simple,él/ella/ud.,,,,,,,,,,,,,en,(he) wanted,,,,,,,,
quita,"…esos asuntos, se me quita el hambre.",Verb,él/ella/ud.,presente,quitar,quitarse,verb,presente,quitar,él/ella/ud.,quitarse,,,,,,,,,,,en,it takes away,,,,,,,,
quitaron,Los blancos les quitaron la tierra a Arturo…,Verb,pretérito perfecto simple,ellos/ellas/uds.,quitar,quitarse,Noun,verbo,quitar,pretérito perfecto simple,ellos/ellas/uds.,quitarse,,,,,,,,,,en,quitar-remove (they removed),,,,,,,,
quiten,…Ser libre de obstáculos:“ Quiten las,Verb,ellos/ellas/uds.,imperativo,subjuntivo presente,quitar,quitarse,verb,imperativo,quitar,subjuntivo presente,ellos/ellas/uds.,quitarse,,,,,,,,,en,“Remove,,,,,,,,
quizá,Conoces la sensación. Quizá es por escuchar una…,Adverb,Noun,sustantivo,adverbio,,,,,,,,,,,,,,,,,en,wonder,,,,,,,,
quizás,Pero quizás lo más llamativo es…,Adverb,adverbio,,,,,,,,,,,,,,,,,,,en,possibly,,,,,,,,
radicada,"…sin fines de lucro radicada en Guaynabo, Puerto Rico.",,,,,,,,,,,,,,,,,,,,,en,"adj. located, rooted, firmly established",,,,,,,,
radio,…hombre por radio] Río está en la…,Verb,yo,presente,radiar,Noun,verbo,presente,yo,radiar,,,,,,,,,,,,en,radius (also: radio),,,,,,,,
raíces,"…has preguntado sobre tus raíces, y es que es…",Noun,sustantivo,,,,,,,,,,,,,,,,,,,en,"root, origin, base",,,,,,,,
ralas,…le rellenó las cejas ralas con un lápiz negro.,,,,,,,,,,,,,,,,,,,,,en,scraggly,,,,,,,,
ralentiza,…almacén de carbono que ralentiza el ritmo del calentamiento…,Verb,él/ella/ud.,presente,ralentizar,ralentizarse,verbo,presente,él/ella/ud.,ralentizarse,ralentizar,,,,,,,,,,,en,slows down,,,,,,,,
ralentizar,"…un revolucionario fármaco para ralentizar el Alzheimer, Aduhelm,",Verb,participio pasado,verbo,participio pasado,,,,,,,,,,,,,,,,,en,rallentare - slow down,,,,,,,,
ramificaciones,Las ramificaciones de este esqueleto suplementario…,Noun,,,,,,,,,,,,,,,,,,,,pl,branch,,,,,,,,
ramita,…y le dio una ramita.,Noun,noun,,,,,,,,,,,,,,,,,,,en,twig,,,,,,,,
rápidamente,"…piensas en media naranja, rápidamente te viene a la…",Adverb,,,,,,,,,,,,,,,,,,,,en,"[adv] quickly, abruptly, quick",,,,,,,,
raramente,Raramente las veremos en gatos…,Adverb,,,,,,,,,,,,,,,,,,,,en,rarely,,,,,,,,
raro,…esto no es nada raro,Adjective,Noun,,,,,,,,,,,,,,,,,,,en,"odd, extraordinary",,,,,,,,
raros,…fueron vistos como bichos raros.,Adjective,adjective,,,,,,,,,,,,,,,,,,,en,adj.  rare; infrequent; dignified; extraordinary; odd,,,,,,,,
rasguños,Los moretones y rasguños en sus mejillas están…,,,,,,,,,,,,,,,,,,,,,en,"scratches, scrapes",,,,,,,,
rastreo,al rastreo de actividades ilegales a…,Verb,yo,presente,rastrear,Noun,sustantivo,verbo,presente,yo,rastrear,,,,,,,,,,,en,"n. trawl; tracing, tracking",,,,,,,,
rastro,Ellos siguieron el rastro de las piedrecitas todo…,Verb,yo,presente,rastrar,Noun,verb,noun,presente,yo,rastrar,,,,,,,,,,,en,trail,,,,,,,,
rastros,"Si fuese real, habría rastros de sangre,¿ no?",Noun,sustantivo,,,,,,,,,,,,,,,,,,,en,"traces, signs",,,,,,,,
rasura,"…la mañana cuando se rasura, canciones como sollozos.",Verb,él/ella/ud.,presente,rasurar,verbo,presente,él/ella/ud.,rasurar,,,,,,,,,,,,,en,shave,,,,,,,,
raya,Se raya porque estoy yo.,Verb,él/ella/ud.,presente,rayar,rayarse,Adjective,Noun,sustantivo,adjetivo,verbo,presente,él/ella/ud.,rayarse,rayar,,,,,,,en,streak,,,,,,,,
rayado,"…de copas, se fue rayado y no me contesta.",Verb,yo,pretérito perfecto compuesto,rayar,rayarse,Adjective,adjetivo,verbo,yo,pretérito perfecto compuesto,rayarse,rayar,,,,,,,,,en,striped,,,,,,,,
rayes,"…Ya!-¡ No me rayes la cabeza, eh! No…",Verb,tú,subjuntivo presente,rayar,rayarse,tú,verbo,subjuntivo presente,rayarse,rayar,,,,,,,,,,,en,scratch,,,,,,,,
raza,…era de la misma raza que los hombres pobres…,Noun,,,,,,,,,,,,,,,,,,,,en,"race, breed, class",,,,,,,,
razón,Otra razón que los motivaba a…,Noun,,,,,,,,,,,,,,,,,,,,en,reason,,,,,,,,
reaccionó,Silvia:¿ Y cómo reaccionó la familia de Itzel…,Verb,pretérito perfecto simple,él/ella/ud.,reaccionar,verbo,pretérito perfecto simple,él/ella/ud.,reaccionar,,,,,,,,,,,,,en,"(he/she/you) reacted, responded",,,,,,,,
reata,…con una prometedora farmacéutica: Reata Pharmaceuticals.,Verb,él/ella/ud.,presente,reatar,verbo,presente,él/ella/ud.,reatar,,,,,,,,,,,,,en,"train, string (of animals)",,,,,,,,
rebajarme,Yo no puedo rebajarme del nivel de gran,,,,,,,,,,,,,,,,,,,,,en,lower myself,,,,,,,,
rebaño,…estaba atada a un rebaño de pájaros que él…,Verb,yo,presente,rebañar,Noun,verb,noun,presente,yo,rebañar,,,,,,,,,,,en,flock,,,,,,,,
rebeldía,"…como la igualdad, la rebeldía, el cuestionamiento,",Noun,noun,,,,,,,,,,,,,,,,,,,en,rebellion,,,,,,,,
recaigo,…esta porquería seguro que recaigo.,Verb,yo,presente,recaer,verb,recaer,presente,yo,,,,,,,,,,,,,en,I relapse,,,,,,,,
receloso,"El Tirano, cauto, receloso, vigila las defensas, manda…",,,,,,,,,,,,,,,,,,,,,en,"mistrustful, suspicious",,,,,,,,
recibido,…Lorena dice que ha recibido mucho apoyo en redes…,Verb,yo,pretérito perfecto compuesto,recibir,recibirse,Adjective,verbo,recibir,yo,pretérito perfecto compuesto,recibirse,,,,,,,,,,en,adj.  received; taken,,,,,,,,
recibieron,…oficina del periódico cuando recibieron la noticia del accidente…,Verb,pretérito perfecto simple,ellos/ellas/uds.,recibir,recibirse,verbo,recibir,pretérito perfecto simple,ellos/ellas/uds.,recibirse,,,,,,,,,,,en,they received,,,,,,,,
reciente,"El mundo era tan reciente, que muchas cosas carecían…",Verb,él/ella/ud.,imperativo,subjuntivo presente,recentar,recentarse,Adjective,Noun,verb,noun,imperativo,adjective,subjuntivo presente,él/ella/ud.,recentarse,recentar,,,,,en,recent,,,,,,,,
recientemente,La ley recientemente aprobada en el estado…,Adverb,,,,,,,,,,,,,,,,,,,,en,recently,,,,,,,,
recinto,…por los habitantes del recinto donde se hallan.,Noun,,,,,,,,,,,,,,,,,,,,en,enclosure,,,,,,,,
recogen,…de este esqueleto suplementario recogen cada uno de los…,Verb,presente,ellos/ellas/uds.,recoger,recogerse,recoger,verbo,presente,ellos/ellas/uds.,recogerse,,,,,,,,,,,en,"collect, gather",,,,,,,,
recogidos,…bajas o en gatos recogidos de la calle o…,,,,,,,,,,,,,,,,,,,,,en,collected,,,,,,,,
reconocido,"playa, pero enseguida he reconocido [4] mis cortinas naranjas en",Verb,yo,pretérito perfecto compuesto,reconocer,reconocerse,Adjective,,,,,,,,,,,,,,,en,"v. recognize,acknowledged",,,,,,,,
reconocidos,Nuestros maestros son artistas reconocidos,Adjective,adjetivo,,,,,,,,,,,,,,,,,,,en,"accepted, acknowledged",,,,,,,,
reconoció,"…joven, Itzel Monroy Barraza, reconoció al sospechoso por el…",Verb,pretérito perfecto simple,él/ella/ud.,reconocer,reconocerse,verbo,pretérito perfecto simple,reconocer,él/ella/ud.,reconocerse,,,,,,,,,,,en,"v. recognize, identify; acknowledge, know; admit, acknowledge as true",,,,,,,,
reconozco,Reconozco que cualquier empresa que…,Verb,yo,presente,reconocer,reconocerse,verb,presente,yo,reconocer,reconocerse,,,,,,,,,,,en,"recognize, identify, acknowledge, know, admit",,,,,,,,
recordáis,Recordáis el apodo de la…,Verb,presente,vosotros,recordar,recordarse,recordar,verbo,presente,vosotros,recordarse,,,,,,,,,,,en,You remember,,,,,,,,
recorre,"…construir fajinas y parapetos, recorre baluartes y trincheras, dicta…",Verb,él/ella/ud.,presente,recorrer,verbo,presente,recorrer,él/ella/ud.,,,,,,,,,,,,,en,"it roams, travels",,,,,,,,
rectitud,"asocia a la justicia, rectitud y destreza. Además, diestro…",Noun,noun,,,,,,,,,,,,,,,,,,,en,rectitude,,,,,,,,
recuerda,"Recuerda, querido lector, que en",Verb,él/ella/ud.,presente,recordar,recordarse,Noun,,,,,,,,,,,,,,,en,Remember,,,,,,,,
recuerdas,,Verb,presente,tú,recordar,recordarse,Noun,,,,,,,,,,,,,,,,,,,,,,,,
recuerde,…hace falta que le recuerde la importancia,Verb,él/ella/ud.,imperativo,subjuntivo presente,recordar,recordarse,verb,recordar,imperativo,subjuntivo presente,él/ella/ud.,recordarse,,,,,,,,,en,remember,,,,,,,,
recuerdos,"…mi caja de los recuerdos, donde básicamente están las…",Noun,sustantivo,,,,,,,,,,,,,,,,,,,en,"memories, souvenirs",,,,,,,,
recuperan,recuperan la inversión realizada para…,Verb,presente,ellos/ellas/uds.,recuperar,recuperarse,verbo,presente,ellos/ellas/uds.,recuperar,recuperarse,,,,,,,,,,,en,They recover,,,,,,,,
recuperarla,…abuela y ganas de recuperarla.,,,,,,,,,,,,,,,,,,,,,en,to recover her,,,,,,,,
red,…puedes olvidar de la red.,Noun,,,,,,,,,,,,,,,,,,,,en,net,,,,,,,,
redes,Las redes de pesca existen para…,Verb,tú,subjuntivo presente,redar,Noun,tú,verbo,subjuntivo presente,redar,,,,,,,,,,,,en,(la red) networks,en,net; network,en,"net; network, social media",,,,
redonda,…una panza grande y redonda.,Adjective,Noun,noun,adjective,,,,,,,,,,,,,,,,,en,round,,,,,,,,
redondo,oveja un poco más redondo y fuerte,Adjective,Noun,,,,,,,,,,,,,,,,,,,en,"round, circular, round about, round in shape",,,,,,,,
reduciéndose,…vertical en algunas áreas reduciéndose así los costos de…,,,,,,,,,,,,,,,,,,,,,en,reduced,,,,,,,,
reeditas,…Por qué no reeditas La niña de Carrión?,Verb,presente,tú,reeditar,tú,verbo,presente,reeditar,,,,,,,,,,,,,en,"reprint⇒, reissue⇒, republish",,,,,,,,
reescriben,Ahora los escritores reescriben los sueños de otros.,Verb,presente,ellos/ellas/uds.,reescribir,verbo,presente,ellos/ellas/uds.,reescribir,,,,,,,,,,,,,en,rewrite,,,,,,,,
referido,"…más digno de ser referido en una crónica, aun…",Verb,yo,pretérito perfecto compuesto,referir,referirse,verb,referir,referirse,yo,pretérito perfecto compuesto,,,,,,,,,,,en,referred,,,,,,,,
reflejan,…de la línea se reflejan en una,Verb,presente,ellos/ellas/uds.,reflejar,reflejarse,verb,presente,ellos/ellas/uds.,reflejar,reflejarse,,,,,,,,,,,en,they reflect,,,,,,,,
refuerzos,…la policía municipal piden refuerzos!,Noun,noun,,,,,,,,,,,,,,,,,,,en,reinforcements,,,,,,,,
refugiados,"…frecuentes escondites para los refugiados, contrabandistas y grupos que…",Noun,,,,,,,,,,,,,,,,,,,,en,refugees,,,,,,,,
refugios,…la calle o de refugios.,Noun,,,,,,,,,,,,,,,,,,,,en,"refuge, shelter",,,,,,,,
regalo,…mascotas para comprar el regalo.,Verb,yo,presente,regalar,regalarse,Noun,verbo,regalar,presente,yo,regalarse,,,,,,,,,,en,gift,,,,,,,,
regañar,"regañar', que viene del nórdico…",Verb,participio pasado,verb,participio pasado,,,,,,,,,,,,,,,,,en,to scold,,,,,,,,
región,…más importantes de la región y algunos enlaces para…,Noun,,,,,,,,,,,,,,,,,,,,en,region,,,,,,,,
regó,…balde de agua y regó la flor de agua.,Verb,pretérito perfecto simple,él/ella/ud.,regar,regarse,verb,pretérito perfecto simple,regar,él/ella/ud.,regarse,,,,,,,,,,,en,watered,,,,,,,,
regresa,…Qué es eso hijo? Regresa la casa hay que…,Verb,él/ella/ud.,presente,regresar,regresarse,verbo,presente,regresar,él/ella/ud.,regresarse,,,,,,,,,,,en,"regresses, move backward, get in, returns",,,,,,,,
regresaba,…volvió a abrirla cuando regresaba en tren a la…,Verb,yo,indicativo pretérito imperfecto,regresar,regresarse,verbo,yo,regresar,regresarse,indicativo pretérito imperfecto,,,,,,,,,,,en,"v. regress, move backward, go back; go back to a former state; call back; get in",,,,,,,,
regresas,del planeta y después regresas aquí para contarme sobre,Verb,presente,tú,regresar,regresarse,,,,,,,,,,,,,,,,en,you return,,,,,,,,
regresé,Yo regresé a mi trabajo del…,Verb,yo,pretérito perfecto simple,regresar,regresarse,verb,yo,regresar,pretérito perfecto simple,regresarse,,,,,,,,,,,en,I returned,,,,,,,,
reina,"…días, papi.- Buenos días, reina.",Verb,él/ella/ud.,presente,reinar,Adjective,Noun,verbo,reinar,presente,él/ella/ud.,,,,,,,,,,,en,queen,,,,,,,,
reinado,Su reinado de terror termina hoy.,Verb,yo,pretérito perfecto compuesto,reinar,Noun,sustantivo,verbo,reinar,yo,pretérito perfecto compuesto,,,,,,,,,,,en,reign,,,,,,,,
reiría,De buena gana me reiría con ellos– no ya…,Verb,yo,condicional,reír,reírse,verbo,yo,reír,condicional,reírse,,,,,,,,,,,en,would laugh,,,,,,,,
reirse,Eso no es educado reirse de los problemas de,,,,,,,,,,,,,,,,,,,,,en,laugh,,,,,,,,
relacionado,…un poco distinto... también relacionado en cierto modo con…,Verb,yo,pretérito perfecto compuesto,relacionar,relacionarse,Adjective,verbo,relacionarse,yo,pretérito perfecto compuesto,relacionar,,,,,,,,,,en,relating to,,,,,,,,
relaciones,"…son infelices en las relaciones de pareja, o porque…",Verb,tú,subjuntivo presente,relacionar,relacionarse,Noun,tú,verbo,relacionarse,subjuntivo presente,relacionar,,,,,,,,,,en,Relations,,,,,,,,
rellenó,…arriba y alguien le rellenó las cejas ralas con…,Verb,pretérito perfecto simple,él/ella/ud.,rellenar,rellenarse,verbo,rellenar,pretérito perfecto simple,él/ella/ud.,rellenarse,,,,,,,,,,,en,"filled, stuffed",,,,,,,,
remate,Y para remate el Principito seguía preguntándome…,Verb,él/ella/ud.,imperativo,subjuntivo presente,rematar,rematarse,Noun,verb,noun,imperativo,subjuntivo presente,él/ella/ud.,rematarse,rematar,,,,,,,en,"rematar v. kill off; bind; top off, finish off, complete; use up; auction, (Latin America) sell at an auction (public sale in which items are sold to the highest bidder)",,,,,,,,
remota,…de recordar aquella tarde remota en que su padre…,Adjective,adjective,,,,,,,,,,,,,,,,,,,en,remote,,,,,,,,
remuneración,"…PRIME+ obtendrán un2,6% re remuneración por su dinero no",Noun,sustantivo,,,,,,,,,,,,,,,,,,,en,compensation,,,,,,,,
rendir,…observando y que deberán rendir cuentas por sus acciones.,Verb,participio pasado,verb,participio pasado,,,,,,,,,,,,,,,,,en,surrender,,,,,,,,
repetirme,"…céntimos Felipe: Perdón,¿ puede repetirme cuanto es?",,,,,,,,,,,,,,,,,,,,,en,repeat me,,,,,,,,
repisas,…repisas y en las repisas había cientos de libros.,Verb,presente,tú,repisar,Noun,verb,noun,tú,presente,repisar,,,,,,,,,,,en,shelves,,,,,,,,
repito,,Verb,yo,presente,repetir,repetirse,Noun,sustantivo,repetirse,verbo,presente,yo,repetir,,,,,,,,,en,I repeat,,,,,,,,
replicado,…2000 años ha sido replicado,Verb,yo,pretérito perfecto compuesto,replicar,verb,yo,pretérito perfecto compuesto,replicar,,,,,,,,,,,,,en,replicated,,,,,,,,
reposar,dejas reposar durante una noche de…,Verb,participio pasado,verb,participio pasado,,,,,,,,,,,,,,,,,en,rest,,,,,,,,
representa,"…de la casa, y representa una preciosa alcancía de…",Verb,él/ella/ud.,presente,representar,representarse,verbo,presente,él/ella/ud.,representar,representarse,,,,,,,,,,,en,represents,,,,,,,,
republicanos,…de los cargos políticos republicanos y la práctica totalidad…,Adjective,Noun,,,,,,,,,,,,,,,,,,,en,Republicans,,,,,,,,
repuso,"…del que nunca se repuso por completo, motivado por…",Verb,pretérito perfecto simple,él/ella/ud.,reponer,reponerse,verbo,pretérito perfecto simple,él/ella/ud.,reponer,reponerse,,,,,,,,,,,en,"reponer: aqui: responder, replicar",,,,,,,,
requiriendo,"…eran a menudo prohibidas, requiriendo que se reunieran en…",Verb,gerundio,requerir,requerir,gerundio,verbo,,,,,,,,,,,,,,,en,requiring,,,,,,,,
rescate,se pague un rescate.¿ Y a que no…,Verb,él/ella/ud.,imperativo,subjuntivo presente,rescatar,rescatarse,Noun,sustantivo,imperativo,verbo,subjuntivo presente,él/ella/ud.,rescatar,rescatarse,,,,,,,en,"n.  retrieval; redemption; ransom; rescue, deliverance",,,,,,,,
rescates,…que se paguen estos rescates?,Verb,tú,subjuntivo presente,rescatar,rescatarse,tú,verbo,subjuntivo presente,rescatar,rescatarse,,,,,,,,,,,en,rescues,,,,,,,,
resfriados,…recomiendas a quienes están resfriados,Noun,noun,,,,,,,,,,,,,,,,,,,en,cold,,,,,,,,
resfrío,"…la gripe y el resfrío que, aunque",Verb,yo,presente,resfriar,resfriarse,verb,presente,yo,resfriar,resfriarse,,,,,,,,,,,en,cold,,,,,,,,
resistente,…estructura de metal muy resistente y ligera que se…,Adjective,,,,,,,,,,,,,,,,,,,,en,"adj.  endurable, tough; resilient; resistant",,,,,,,,
respetarme,…Tú necesitas respetarme.,,,,,,,,,,,,,,,,,,,,,en,to respect me,,,,,,,,
respeto,…dan un poco de respeto.,Verb,yo,presente,respetar,Noun,verbo,respetar,presente,yo,,,,,,,,,,,,en,respect,,,,,,,,
respetuosa,…empezar por una rutina respetuosa.,Adjective,adjective,,,,,,,,,,,,,,,,,,,en,respectful,,,,,,,,
respingo,…da respingo],Verb,yo,presente,respingar,verbo,presente,yo,respingar,,,,,,,,,,,,,en,"n. start, sudden movement",,,,,,,,
respiración,"…pupilas se dilatan, tu respiración",Noun,sustantivo,,,,,,,,,,,,,,,,,,,en,breathing,,,,,,,,
respirar,…perezoso ya no puede respirar y se sofoca y…,Verb,participio pasado,verb,participio pasado,,,,,,,,,,,,,,,,,en,to breathe,,,,,,,,
resplandeciente,Esa mañana resplandeciente floreció.,Adjective,adjective,,,,,,,,,,,,,,,,,,,en,shining,,,,,,,,
respuesta,respuesta es ninguna porque aquí…,Noun,,,,,,,,,,,,,,,,,,,,en,response,,,,,,,,
restringir,…que la izquierda quisiera restringir la libertad de,Verb,participio pasado,verb,participio pasado,,,,,,,,,,,,,,,,,en,to restrict,,,,,,,,
resumen,"En resumen, lo que antes era…",Verb,presente,ellos/ellas/uds.,resumir,resumirse,Noun,sustantivo,verbo,presente,ellos/ellas/uds.,resumir,resumirse,,,,,,,,,en,summary,,,,,,,,
retira,"…con taciturno despecho, se retira del frente luego de…",Verb,él/ella/ud.,presente,retirar,retirarse,retirarse,verbo,presente,él/ella/ud.,retirar,,,,,,,,,,,en,Withdraws,,,,,,,,
reto,"…inglés porque... es un reto,¿ no?",Verb,yo,presente,retar,Noun,verbo,presente,yo,retar,,,,,,,,,,,,en,"n. challenge, dare",,,,,,,,
retozando,Sus hermanos le vieron retozando en la hierba.,Verb,gerundio,retozar,verb,gerundio,retozar,,,,,,,,,,,,,,,en,rolling,,,,,,,,
retraso,...cero) Llevo diez minutos de retraso a causa de...,Verb,yo,presente,retrasar,retrasarse,Noun,sustantivo,verbo,retrasar,presente,yo,retrasarse,,,,,,,,,en,delay,,,,,,,,
retrato,…infantil y miró el retrato del,Verb,yo,presente,retratar,retratarse,Noun,verbo,presente,yo,retratarse,retratar,,,,,,,,,,en,n.  picture; portrayal; portrait; effigy,,,,,,,,
retroceder,…Lo siento!¡ Voy a retroceder!,Verb,participio pasado,verb,participio pasado,,,,,,,,,,,,,,,,,en,to retreat,,,,,,,,
reunidas,…Ciencias y las Artes Reunidas que está colocado bajo…,,,,,,,,,,,,,,,,,,,,,en,Royal,,,,,,,,
reuniría,…anunció también que se reuniría con los gobernadores de…,Verb,yo,condicional,reunir,reunirse,verbo,yo,condicional,reunirse,reunir,,,,,,,,,,,en,meet,,,,,,,,
reunirse,…sus amigos fueron a reunirse para tener una reunión…,Verb,participio pasado,verbo,participio pasado,,,,,,,,,,,,,,,,,en,"v.  join, gather; reunite; be assembled",,,,,,,,
revelaban,…insinuaciones veladas que lo revelaban y ocultaban a medias.,Verb,indicativo pretérito imperfecto,ellos/ellas/uds.,revelar,revelarse,verbo,ellos/ellas/uds.,revelar,revelarse,indicativo pretérito imperfecto,,,,,,,,,,,en,revealed,,,,,,,,
revolotear,…Pueden dejar de revolotear?,Verb,participio pasado,verb,participio pasado,,,,,,,,,,,,,,,,,en,flutter around,,,,,,,,
rey,"…el llamado rey de los piratas,",Noun,sustantivo,,,,,,,,,,,,,,,,,,,en,"king, emperor",,,,,,,,
reza,…adaptada hora es labora reza y,Verb,él/ella/ud.,presente,rezar,verb,rezar,presente,él/ella/ud.,,,,,,,,,,,,,en,it prays,,,,,,,,
ridículo,Soy un hombre ridículo.,Adjective,Noun,,,,,,,,,,,,,,,,,,,en,"(adj.m.) ridiculous, absurd, ludicrous",,,,,,,,
riendo,"…ni una palabra, y riendo me explicó que el…",Verb,gerundio,reír,Adjective,Noun,gerundio,verbo,reír,,,,,,,,,,,,,en,laughing,,,,,,,,
rieron,Ellos conversaron y rieron y jugaron a fútbol…,Verb,pretérito perfecto simple,ellos/ellas/uds.,reír,reírse,Noun,verb,noun,reír,pretérito perfecto simple,ellos/ellas/uds.,reírse,,,,,,,,,en,laughed,,,,,,,,
rigurosa,…de no ser tan rigurosa como,Adjective,adjetivo,,,,,,,,,,,,,,,,,,,en,"adj. rigorous, severe; strict, stringent; grueling; didactic; hard boiled",,,,,,,,
rinovirus,…causado por más algún rinovirus y provoca que se…,,,,,,,,,,,,,,,,,,,,,en,rhinovirus (nose virus),,,,,,,,
rió,El Principito entonces se rió fuerte,Verb,pretérito perfecto simple,él/ella/ud.,reír,reírse,Noun,,,,,,,,,,,,,,,en,he laughed,,,,,,,,
riqueza,Riqueza.,Noun,sustantivo,,,,,,,,,,,,,,,,,,,en,wealth,,,,,,,,
riquezas,…frijoles para encontrar las riquezas de las que el…,Noun,noun,,,,,,,,,,,,,,,,,,,en,riches,,,,,,,,
riquísimo,Esther: Todo estaba riquísimo y especialmente el pastel…,Adjective,,,,,,,,,,,,,,,,,,,,en,"adj. luscious, lush; rich, wealthy; costly, expensive; delicious; tempting",,,,,,,,
risa,me gustó escuchar la risa del niño,Noun,,,,,,,,,,,,,,,,,,,,en,laughter,,,,,,,,
risas,Risas),Noun,noun,,,,,,,,,,,,,,,,,,,en,Laughter,,,,,,,,
risilla,risilla],,,,,,,,,,,,,,,,,,,,,en,giggle,,,,,,,,
ritmo,…carbono que ralentiza el ritmo del calentamiento global.,Verb,yo,presente,ritmar,Noun,sustantivo,verbo,presente,yo,ritmar,,,,,,,,,,,en,rhythm,,,,,,,,
rivarola,sita en el pasaje Rivarola número 4221 de la…,,,,,,,,,,,,,,,,,,,,,en,Rivarola,,,,,,,,
rizos,…el vestido: tiene unos rizos apretados y tiesos que…,Noun,sustantivo,,,,,,,,,,,,,,,,,,,en,"n. frizz, curly hair",,,,,,,,
robaron,Los gringos le robaron Arizona a México.,Verb,pretérito perfecto simple,ellos/ellas/uds.,robar,robarse,verbo,robar,pretérito perfecto simple,ellos/ellas/uds.,robarse,,,,,,,,,,,en,They are stolen,,,,,,,,
robles,…el parque de los robles.,Verb,tú,subjuntivo presente,roblar,roblarse,Noun,tú,verbo,subjuntivo presente,roblarse,roblar,,,,,,,,,,en,oak,,,,,,,,
robusto,…los ojos a su robusto hijo—.,Adjective,adjetivo,,,,,,,,,,,,,,,,,,,en,"adj. robust, sturdy, hardy",,,,,,,,
rocas,…materia orgánica en las rocas que de ne el…,Noun,sustantivo,,,,,,,,,,,,,,,,,,,en,rocks,,,,,,,,
rodeaban,…los problemas que los rodeaban( de las pandillas que…,Verb,indicativo pretérito imperfecto,ellos/ellas/uds.,rodear,rodearse,verbo,rodear,ellos/ellas/uds.,rodearse,indicativo pretérito imperfecto,,,,,,,,,,,en,"rodear    v. enclose, surround, circle, encompass",,,,,,,,
rodeado,"Rodeado de sus ayudantes, con…",Verb,yo,pretérito perfecto compuesto,rodear,rodearse,verbo,yo,rodear,pretérito perfecto compuesto,rodearse,,,,,,,,,,,en,surrounded,,,,,,,,
rodrigo,Don Rodrigo tenía la ayuda del…,Verb,yo,presente,rodrigar,Noun,verbo,presente,yo,rodrigar,,,,,,,,,,,,en,Rodrigo,,,,,,,,
rogó,Rogó una y otra vez…,Verb,pretérito perfecto simple,él/ella/ud.,rogar,verbo,pretérito perfecto simple,rogar,él/ella/ud.,,,,,,,,,,,,,en,"v. beg, request,",,,,,,,,
románticas,"…Angie, para ver comedias románticas malísimas sobre rubias bobas…",Adjective,Noun,sustantivo,adjetivo,,,,,,,,,,,,,,,,,en,"romantic, to do with romance",,,,,,,,
rompecabezas,"…cuadrado de Sator, un rompecabezas sin resolver desde hace…",Noun,noun,,,,,,,,,,,,,,,,,,,en,puzzle,,,,,,,,
rompieron,humanos otros rompieron los límites del,Verb,pretérito perfecto simple,ellos/ellas/uds.,romper,romperse,verb,pretérito perfecto simple,romper,romperse,ellos/ellas/uds.,,,,,,,,,,,en,they broke,,,,,,,,
roncando,…a un gran lobo roncando en la cama de…,Verb,gerundio,roncar,verb,gerundio,roncar,,,,,,,,,,,,,,,en,snoring,,,,,,,,
rosca,"…el muñeco de la Rosca de Reyes, son los…",Verb,él/ella/ud.,presente,roscar,Noun,verbo,presente,él/ella/ud.,roscar,,,,,,,,,,,,en,Thread,,,,,,,,
rostro,…permanente sonrisa en su rostro.,Noun,sustantivo,,,,,,,,,,,,,,,,,,,en,face,,,,,,,,
rubias,…comedias románticas malísimas sobre rubias bobas pero adorables que…,Adjective,adjetivo,,,,,,,,,,,,,,,,,,,en,"adj. blonde, fair, light in color",,,,,,,,
ruedas,granjero arepo domina sus Ruedas con,Verb,presente,tú,rodar,Noun,verb,noun,tú,presente,rodar,,,,,,,,,,,en,wheels,,,,,,,,
ruede,"…entera, es probable que ruede hasta caer de la…",Verb,él/ella/ud.,imperativo,rodar,imperativo,verbo,él/ella/ud.,rodar,,,,,,,,,,,,,en,it rolls [subj],,,,,,,,
ruego,Te ruego que me perdones!,Verb,yo,presente,rogar,Noun,verb,noun,presente,yo,rogar,,,,,,,,,,,en,I beg,,,,,,,,
ruido,"…los niños pues... el ruido, los petardos y los…",Noun,,,,,,,,,,,,,,,,,,,,en,noise,,,,,,,,
ruidos,El caer Los ruidos fuertes,Noun,sustantivo,,,,,,,,,,,,,,,,,,,en,noise,,,,,,,,
rumbo,…y comienza caminar a rumbo a la vieja hacienda.,Verb,yo,presente,rumbar,Noun,verbo,presente,yo,rumbar,,,,,,,,,,,,en,"course, route, direction",,,,,,,,
ruta,una ruta de puertos que algún…,Verb,él/ella/ud.,presente,rutar,Noun,sustantivo,verbo,presente,él/ella/ud.,rutar,,,,,,,,,,,en,"[n,F] route, itinerary; track, path",,,,,,,,
saavedra,Saavedra] Aníbal Cortés está caminando,Noun,,,,,,,,,,,,,,,,,,,,en,Saavedra,,,,,,,,
sabiendo,Sabiendo que la señora Mallard…,Verb,gerundio,saber,saber,gerundio,verbo,,,,,,,,,,,,,,,en,knowing,,,,,,,,
sable,verde elegante con un sable,Noun,,,,,,,,,,,,,,,,,,,,en,"saber, sword, knife",,,,,,,,
sabor,"…y huesudo, y tengo sabor a col.",Noun,noun,,,,,,,,,,,,,,,,,,,en,"flavour, taste",,,,,,,,
sabremos,"…Quinn no vuelve, lo sabremos.",Verb,nosotros,futuro,saber,verb,saber,nosotros,futuro,,,,,,,,,,,,,en,we will know,,,,,,,,
sabría,"…exclusividad, si me quisiera sabría lo que pienso y…",Verb,yo,condicional,saber,saber,verbo,yo,condicional,,,,,,,,,,,,,en,would know,,,,,,,,
sacaba,"…inteligente, lúcida, yo entonces sacaba mi dibujo número uno…",Verb,yo,indicativo pretérito imperfecto,sacar,sacarse,verbo,sacar,yo,sacarse,indicativo pretérito imperfecto,,,,,,,,,,,en,take out,,,,,,,,
sacaban,…los carpinteros que antiguamente sacaban sus trastos viejos a…,Verb,indicativo pretérito imperfecto,ellos/ellas/uds.,sacar,sacarse,verbo,sacar,ellos/ellas/uds.,sacarse,indicativo pretérito imperfecto,,,,,,,,,,,en,they remove,,,,,,,,
sácame,A mamarla. Sácame de aquí ahora.,,,,,,,,,,,,,,,,,,,,,en,Get me out,,,,,,,,
sacando,…los medios están constantemente sacando notas y actualizando la…,Verb,gerundio,sacar,gerundio,verbo,sacar,,,,,,,,,,,,,,,en,"v. take out, remove; bring out; draw out, extract; get; take; bring up; let; produce; educe, deduce; protract; (vulgar) have sexual intercourse",,,,,,,,
sacaron,…De dónde sacaron a este embalsamador?,Verb,pretérito perfecto simple,ellos/ellas/uds.,sacar,sacarse,verbo,sacar,pretérito perfecto simple,ellos/ellas/uds.,sacarse,,,,,,,,,,,en,take out,,,,,,,,
sacas,Sacas algo en claro de…,Verb,presente,tú,sacar,sacarse,Noun,verb,noun,tú,sacar,presente,sacarse,,,,,,,,,en,do you take out,,,,,,,,
saciedad,…tema discutido hasta la saciedad en todos los medios…,Noun,noun,,,,,,,,,,,,,,,,,,,en,satiety,,,,,,,,
sacos,europeos se visten con sacos y corbatas y llevan,Noun,,,,,,,,,,,,,,,,,,,,en,suits,,,,,,,,
sacrificarías,"…contra los de arriba, sacrificarías todo lo que somos.",Verb,condicional,tú,sacrificar,sacrificarse,verb,tú,condicional,sacrificar,sacrificarse,,,,,,,,,,,en,you would sacrifice,,,,,,,,
sacuden,…esas explosiones histéricas que sacuden a una naturaleza fuerte…,Verb,presente,ellos/ellas/uds.,sacudir,sacudirse,verb,sacudir,presente,ellos/ellas/uds.,sacudirse,,,,,,,,,,,en,shake,,,,,,,,
sacudió,…trol se estiró y sacudió su cuerpo peludo y…,Verb,pretérito perfecto simple,él/ella/ud.,sacudir,sacudirse,verb,sacudir,pretérito perfecto simple,él/ella/ud.,sacudirse,,,,,,,,,,,en,shook,,,,,,,,
saldrá,No se saldrá con la suya.,Verb,él/ella/ud.,futuro,salir,salirse,verb,salir,futuro,él/ella/ud.,salirse,,,,,,,,,,,en,he/she will get away,,,,,,,,
salga,…sol de este planeta salga,Verb,él/ella/ud.,presente,imperativo,subjuntivo presente,salgar,salir,salirse,verb,imperativo,salir,presente,subjuntivo presente,él/ella/ud.,salirse,salgar,,,,,en,go out,,,,,,,,
salimos,"Finalmente, salimos de la tienda con…",Verb,presente,nosotros,salir,salirse,Noun,verbo,salir,nosotros,presente,salirse,,,,,,,,,,en,"exit, leave",,,,,,,,
salles,Salles anunció también que se…,Verb,tú,subjuntivo presente,sallar,tú,verbo,subjuntivo presente,sallar,,,,,,,,,,,,,en,Salles,,,,,,,,
saltado,…segundos el lobo había saltado a través de la…,Verb,yo,pretérito perfecto compuesto,saltar,saltarse,verb,saltar,yo,pretérito perfecto compuesto,saltarse,,,,,,,,,,,en,jumped,,,,,,,,
saltando,…de la selva pasaban saltando por su lado sin…,Verb,gerundio,saltar,Adverb,verb,gerundio,saltar,adverb,,,,,,,,,,,,,en,jumping,,,,,,,,
saltar,"…hizo a Caperucita Roja saltar de miedo, y su…",Verb,participio pasado,verb,participio pasado,,,,,,,,,,,,,,,,,en,to jump,,,,,,,,
salto,…circo donde daba el salto como Leotard y bailaba…,Verb,yo,presente,saltar,saltarse,Noun,verb,noun,saltar,presente,yo,saltarse,,,,,,,,,en,jump,,,,,,,,
saltos,"…se adapta para dar saltos potentes, lo que las…",Noun,,,,,,,,,,,,,,,,,,,,en,jumps,,,,,,,,
saludarte,"…Es para saludarte mejor, querida"", dijo el…",,,,,,,,,,,,,,,,,,,,,en,greet,,,,,,,,
salvaje,"…gustado conocerla, un caballo salvaje de mujer, tan salvaje…",Adjective,Noun,sustantivo,adjetivo,,,,,,,,,,,,,,,,,en,"adj.  fierce, wild, savage, feral",,,,,,,,
salvando,Te estaba salvando.,Verb,gerundio,salvar,verb,gerundio,salvar,,,,,,,,,,,,,,,en,saving,,,,,,,,
salvar,…QUIERES SALVAR A LA PROTA?,Verb,participio pasado,verbo,participio pasado,,,,,,,,,,,,,,,,,en,"to save, salvage, rescue",,,,,,,,
salvas,"…su Abuela, sanas y salvas.",Verb,presente,tú,salvar,salvarse,Noun,verb,noun,tú,presente,salvar,salvarse,,,,,,,,,en,safe,,,,,,,,
sanas,"…Roja y su Abuela, sanas y salvas.",Verb,presente,tú,sanar,sanarse,Adjective,verb,tú,adjective,presente,sanar,sanarse,,,,,,,,,en,healthy,,,,,,,,
sanciones,…de Huawei a las sanciones contra Irán. Pero había,Verb,tú,subjuntivo presente,sancionar,Noun,sustantivo,tú,verbo,subjuntivo presente,sancionar,,,,,,,,,,,en,sanctions,,,,,,,,
sangrar,"…pican, pinchan y hacen sangrar al animal que trata…",Verb,participio pasado,verb,participio pasado,,,,,,,,,,,,,,,,,en,to bleed,,,,,,,,
sangre,…blanca y era de sangre española.,Verb,él/ella/ud.,imperativo,subjuntivo presente,sangrar,sangrarse,Noun,imperativo,verbo,subjuntivo presente,él/ella/ud.,sangrarse,sangrar,,,,,,,,en,blood,,,,,,,,
sangriento,…ejemplarizarla con un castigo sangriento.,Adjective,,,,,,,,,,,,,,,,,,,,en,"bloody, gory",,,,,,,,
saqué,"levanté, bajé del avión, saqué la caja de herramientas",Verb,yo,pretérito perfecto simple,sacar,sacarse,,,,,,,,,,,,,,,,en,"I got, obtained, took out",,,,,,,,
saquemos,Por eso digo que saquemos una lista de los…,Verb,imperativo,nosotros,subjuntivo presente,sacar,sacarse,imperativo,verbo,sacar,nosotros,subjuntivo presente,sacarse,,,,,,,,,en,we remove,,,,,,,,
sartén,"…Queda más en la sartén, ricura— dijo tía Petunia,…",Noun,sustantivo,,,,,,,,,,,,,,,,,,,en,frying pan,,,,,,,,
satisfecho,…estoy más o menos satisfecho a pesar de las…,Verb,yo,pretérito perfecto compuesto,satisfacer,satisfacerse,Adjective,verbo,yo,pretérito perfecto compuesto,satisfacer,satisfacerse,,,,,,,,,,en,satisfied,,,,,,,,
sator,"…el enigmático cuadrado de Sator, un rompecabezas sin resolver…",,,,,,,,,,,,,,,,,,,,,en,sator,,,,,,,,
se,Se te va la olla.,Pronoun,Noun,pronombre,sustantivo,,,,,,,,,,,,,,,,,en,"yourself, (himself, herself, itself, themselves)",,,,,,,,
sea,"Silvia: Carlos, o sea: Carlos Humberto Méndez González,…",Verb,él/ella/ud.,imperativo,ser,Adjective,Noun,imperativo,verbo,ser,él/ella/ud.,,,,,,,,,,,en,to be,,,,,,,,
secador,secador a todo volumen],Noun,sustantivo,,,,,,,,,,,,,,,,,,,en,dryer,,,,,,,,
secreta,la cámara secreta Tras derrotar una vez…,Verb,él/ella/ud.,presente,secretar,Adjective,Noun,sustantivo,adjetivo,verbo,presente,él/ella/ud.,secretar,,,,,,,,,en,"secret, cryptic; intimate, private; classified, confidential; inmost, deep",,,,,,,,
secuestrado,"Me han secuestrado, pendejo.",Verb,yo,pretérito perfecto compuesto,secuestrar,verb,yo,pretérito perfecto compuesto,secuestrar,,,,,,,,,,,,,en,kidnapped,,,,,,,,
sed,"peligro de morir de sed, de morir de hambre",Verb,imperativo,vosotros,ser,Adjective,Noun,,,,,,,,,,,,,,,en,thirst,,,,,,,,
sede,"…se pasó a una sede, en la que se…",Verb,él/ella/ud.,imperativo,sedar,Noun,sustantivo,imperativo,verbo,él/ella/ud.,sedar,,,,,,,,,,,en,headquarters,,,,,,,,
sedentario,"…hombre más exacto y sedentario del Reino Unido, me…",Adjective,adjective,,,,,,,,,,,,,,,,,,,en,sedentary,,,,,,,,
sedimentaria,"…Muerta, es una formación sedimentaria depositada en un mar…",,,,,,,,,,,,,,,,,,,,,en,sedimentary,,,,,,,,
seguido,"…este sentido, Rusia ha seguido a países como Irán,…",Verb,yo,pretérito perfecto compuesto,seguir,seguirse,Adjective,Adverb,adjetivo,adverbio,verbo,seguir,yo,pretérito perfecto compuesto,seguirse,,,,,,,en,"consecutive, in a row, frequently",,,,,,,,
seguidores,Los seguidores de Jesús usaron estos…,Noun,,,,,,,,,,,,,,,,,,,,en,"(m)n. supporters, followers",,,,,,,,
seguirle,…y algunos enlaces para seguirle el hilo a los…,,,,,,,,,,,,,,,,,,,,,en,follow him,,,,,,,,
según,"Según la nueva ley, si…",Preposition,,,,,,,,,,,,,,,,,,,,en,according to,,,,,,,,
segunda,…de que conseguirás una segunda historia.,Verb,él/ella/ud.,presente,segundar,Adjective,Noun,sustantivo,adjetivo,verbo,presente,él/ella/ud.,segundar,,,,,,,,,en,second,,,,,,,,
segundo,"…para asegurarse, mediante un segundo telegrama, de que era…",Verb,yo,presente,segundar,Adjective,Noun,sustantivo,adjetivo,verbo,presente,yo,segundar,,,,,,,,,en,Second,,,,,,,,
segundos,"…horas, los minutos, los segundos, los días y años.",Noun,noun,,,,,,,,,,,,,,,,,,,en,seconds,,,,,,,,
seguro,Seguro te has preguntado sobre…,Adjective,Noun,sustantivo,adjetivo,,,,,,,,,,,,,,,,,en,sure; certain,,,,,,,,
seguros,Estamos seguros de que luego de…,Adjective,Noun,sustantivo,adjetivo,,,,,,,,,,,,,,,,,en,insurance; sure,,,,,,,,
selva,…animal salvaje de la selva.,Adjective,Noun,sustantivo,adjetivo,,,,,,,,,,,,,,,,,en,"forest, woods",,,,,,,,
sembrar,…pedazo de tierra para sembrar,Verb,participio pasado,verb,participio pasado,,,,,,,,,,,,,,,,,en,to plant,,,,,,,,
semejantes,Si vivir en semejantes condiciones es lo que…,Adjective,Noun,noun,adjective,,,,,,,,,,,,,,,,,en,"n.  like, person or thing which is similar or comparable",,,,,,,,
semillas,…llevan a bendecir las semillas y velas o candelas…,Noun,,,,,,,,,,,,,,,,,,,,en,seeds,,,,,,,,
señal,señal de locura creer que…,Adjective,Noun,,,,,,,,,,,,,,,,,,,en,Signal,,,,,,,,
señala,Una aguja indicadora señala el momento en que…,Verb,él/ella/ud.,presente,señalar,señalarse,verbo,presente,señalar,él/ella/ud.,señalarse,,,,,,,,,,,en,he points out,,,,,,,,
sencilla,"…con una visión muy sencilla, pero a la vez…",Adjective,Noun,sustantivo,adjetivo,,,,,,,,,,,,,,,,,en,simple,,,,,,,,
sencillamente,Estaba sencillamente vestido con un traje…,Adverb,Noun,noun,adverb,,,,,,,,,,,,,,,,,en,simply,,,,,,,,
sencillez,…tu sencillez.#,Noun,noun,,,,,,,,,,,,,,,,,,,en,simplicity,,,,,,,,
sencillo,…fundación con un objetivo sencillo pero ambicioso: convertir los…,Adjective,Noun,sustantivo,adjetivo,,,,,,,,,,,,,,,,,en,"adj. simple, easy; straightforward; informal; naive; primitive",,,,,,,,
sensaciones,"…mezcla de culturas, las sensaciones que tuve en Nueva…",Adverb,Noun,,,,,,,,,,,,,,,,,,,en,sensations,,,,,,,,
sentado,"…se quejó, sentado a la mesa—.",Verb,yo,pretérito perfecto compuesto,sentar,sentarse,Adjective,adjetivo,verbo,sentar,sentarse,yo,pretérito perfecto compuesto,,,,,,,,,en,Seated,,,,,,,,
sentándonos,Vamos sentándonos.,,,,,,,,,,,,,,,,,,,,,en,sitting down,,,,,,,,
sentidos,…cumplimente en todos los sentidos?,Noun,,,,,,,,,,,,,,,,,,,,en,"[n,M] meaning, purport, significance; sense;",,,,,,,,
sentimiento,"…reloj, ocultando un ligero sentimiento de burla, pues, en…",Noun,sustantivo,,,,,,,,,,,,,,,,,,,en,"n.  regret; sympathy; feel, sense; sentiment",,,,,,,,
sentir,"…como personas, nos haga sentir vivos, nos haga sentir…",Verb,participio pasado,Noun,verbo,participio pasado,,,,,,,,,,,,,,,,en,feel,,,,,,,,
sentirme,"…a mí misma, puedo sentirme amada a través de…",,,,,,,,,,,,,,,,,,,,,en,"v. feel, sense",,,,,,,,
sepan,antes que sepan lo que estoy dispuesto…,Verb,ellos/ellas/uds.,imperativo,saber,verb,saber,imperativo,ellos/ellas/uds.,,,,,,,,,,,,,en,they know,,,,,,,,
séptima,…Vamos con la séptima reunión del club de…,Noun,sustantivo,,,,,,,,,,,,,,,,,,,en,seventh,,,,,,,,
séptimo,…a que es el séptimo Hokage.,Adjective,Noun,noun,adjective,,,,,,,,,,,,,,,,,en,seventh,,,,,,,,
ser,"…de ayudar a un ser mágico, decidió acompañarlo en…",Verb,participio pasado,Adverb,Noun,sustantivo,adverbio,verbo,participio pasado,,,,,,,,,,,,,en,be,,,,,,,,
será,…en el gato doméstico será más o menos frecuente…,Verb,él/ella/ud.,futuro,ser,Noun,verbo,ser,futuro,él/ella/ud.,,,,,,,,,,,,en,will be,,,,,,,,
seres,Es natural en los seres humanos bostezar cuando ellos…,Noun,noun,,,,,,,,,,,,,,,,,,,en,beings,,,,,,,,
sería,ireneusz predijeron que ese sería el año,Verb,yo,condicional,ser,Adverb,Noun,verbo,ser,yo,condicional,,,,,,,,,,,en,would be,,,,,,,,
serio,resulta difícil tomarlo en serio y para,Verb,yo,presente,seriar,Adjective,Noun,verbo,presente,yo,seriar,,,,,,,,,,,en,seriously,,,,,,,,
serlo,…ciento de probabilidad de serlo.,Noun,noun,,,,,,,,,,,,,,,,,,,en,to be it,,,,,,,,
seta,…pero no encontraron ninguna seta.,Noun,noun,,,,,,,,,,,,,,,,,,,en,mushroom,,,,,,,,
setas,…al bosque y recojan setas para hacer una sopa…,Noun,noun,,,,,,,,,,,,,,,,,,,en,mushrooms,,,,,,,,
Se te va la olla,Se te va la olla.,,,,,,,,,,,,,,,,,,,,,en,are you nuts?,,,,,,,,
severos,"…guerrillas, jura castigos muy severos a los cobardes y…",Adjective,,,,,,,,,,,,,,,,,,,,en,"severe, serious",,,,,,,,
shale,"…pozos horizontales en formaciones shale, la introducción de uidos…",,,,,,,,,,,,,,,,,,,,,en,"a fine-grained sedimentary rock formed by the compression of silt and clay particles. Its most notable characteristic is its layered structure, which enables it to split easily into thin, flat sheets.",,,,,,,,
si,"Si te fijas, cuando piensas…",Pronoun,Adverb,,,,,,,,,,,,,,,,,,,en,if,,,,,,,,
sí,…Río] Mejor.-[ Tokio] Sí.,Pronoun,Adverb,,,,,,,,,,,,,,,,,,,en,yes,,,,,,,,
sido,…primer propósito que había sido caer sobre la ciudad…,Verb,yo,pretérito perfecto compuesto,ser,verbo,ser,yo,pretérito perfecto compuesto,,,,,,,,,,,,,en,"has/have/had been, past tense of ser",,,,,,,,
siempre,Mi sobrina siempre había soñado con tener…,Adverb,Noun,,,,,,,,,,,,,,,,,,,en,always,,,,,,,,
sienna,"…a unos amigos a Sienna durante dos días y,…",,,,,,,,,,,,,,,,,,,,,en,Sienna,,,,,,,,
sientan,"…Quienes se oponen, se sientan a la izquierda.",Verb,presente,ellos/ellas/uds.,imperativo,subjuntivo presente,sentar,sentarse,sentir,sentirse,verb,imperativo,sentar,sentir,sentarse,presente,subjuntivo presente,sentirse,ellos/ellas/uds.,,,en,they sit,,,,,,,,
sienten,…hasta tus tripas se sienten,Verb,presente,ellos/ellas/uds.,imperativo,subjuntivo presente,sentar,sentarse,sentir,sentirse,imperativo,verbo,sentar,sentir,sentarse,presente,subjuntivo presente,sentirse,ellos/ellas/uds.,,,en,"v.  feel, sense; hear; bear; be sorry, regret (Sentir)",,,,,,,,
sientes,"O sea, sientes así como que algo…",Verb,presente,tú,subjuntivo presente,sentar,sentarse,sentir,sentirse,Noun,tú,verbo,sentar,sentir,sentarse,presente,subjuntivo presente,sentirse,,,,en,You feel,,,,,,,,
siento,"…lo que pienso y siento, unión total y fusión,…",Verb,yo,presente,sentar,sentarse,sentir,sentirse,Noun,verbo,sentar,sentir,sentarse,presente,yo,sentirse,,,,,,en,I feel/ sorry,,,,,,,,
síganme,Síganme!”,,,,,,,,,,,,,,,,,,,,,en,Follow me,,,,,,,,
sigilosamente,"…silenciosamente, el cazador entró sigilosamente en la casita.",Adverb,adverb,,,,,,,,,,,,,,,,,,,en,stealthily,,,,,,,,
siglo,"A mitad del siglo 19, Estados Unidos invadió ese…",Noun,,,,,,,,,,,,,,,,,,,,en,"(m)n. centenary; age, era; century",,,,,,,,
siglos,…porque durante estos primeros siglos eran en su mayoría…,Noun,,,,,,,,,,,,,,,,,,,,en,"age, era, century",,,,,,,,
sigo,…das el paso te sigo,Verb,yo,presente,seguir,seguirse,Noun,verbo,seguir,presente,yo,seguirse,,,,,,,,,,en,"I continue, I follow",,,,,,,,
siguen,…se burlan de mí siguen de algún modo pareciéndome…,Verb,presente,ellos/ellas/uds.,seguir,seguirse,verbo,seguir,presente,ellos/ellas/uds.,seguirse,,,,,,,,,,,en,keep,,,,,,,,
siguiente,La siguiente historia tiene lugar desde…,Adjective,Noun,sustantivo,adjetivo,,,,,,,,,,,,,,,,,en,following,,,,,,,,
siguieran,"…grado, sí no me siguieran considerando igual de ridículo…",Verb,ellos/ellas/uds.,subjuntivo pretérito imperfecto,seguir,seguirse,verbo,seguir,ellos/ellas/uds.,seguirse,subjuntivo pretérito imperfecto,,,,,,,,,,,en,continued  (imp subj from seguir),,,,,,,,
silenciosamente,…se abrió de golpe silenciosamente.,Adverb,adverb,,,,,,,,,,,,,,,,,,,en,silently,,,,,,,,
sillón,Arrellanado en su sillón favorito de espaldas a…,Noun,,,,,,,,,,,,,,,,,,,,en,n. chair; armchair,,,,,,,,
simetría,simetría perfecta lo mismo pasa…,Noun,noun,,,,,,,,,,,,,,,,,,,en,symmetry,,,,,,,,
sin,…migrantes viven sin documentos en el estado…,Noun,Preposition,,,,,,,,,,,,,,,,,,,en,Prep. without,,,,,,,,
sinceros,"Pero seamos sinceros, está claro que no…",Adjective,adjetivo,,,,,,,,,,,,,,,,,,,en,"adj.  sincere, honest, truthful, frank, straightforward, genuine, earnest",,,,,,,,
sin embargo,"Sin embargo, la espera dura poco,…",,,,,,,,,,,,,,,,,,,,,en,however,,,,,,,,
sino,"…no ya de mí, sino por afecto hacia ellos-…",Adjective,Noun,,,,,,,,,,,,,,,,,,,en,"but, if not",en,but rather/but instead,,,,,,
sintiéndose,"Luego, sintiéndose muy cansada, quiso echarse…",,,,,,,,,,,,,,,,,,,,,en,feeling,,,,,,,,
síntomas,…perenne y de los síntomas del asma; se dispersan…,Noun,,,,,,,,,,,,,,,,,,,,en,"f. n. symptom, sign",,,,,,,,
siquiera,…trabajo ni alojamiento ni siquiera transporte a un migrante…,Adjective,Adverb,,,,,,,,,,,,,,,,,,,en,at least (ni siquiera = not even),,,,,,,,
sirven,…muchas de estas inversiones sirven para copiar tecnología directamente.…,Verb,presente,ellos/ellas/uds.,servir,servirse,verbo,servir,presente,ellos/ellas/uds.,servirse,,,,,,,,,,,en,serve,,,,,,,,
sitio,…a vivir en ese sitio desde la época en…,Verb,yo,presente,sitiar,Noun,sustantivo,verbo,presente,yo,sitiar,,,,,,,,,,,en,"place, site",,,,,,,,
soberano,…los nuevos vestidos del Soberano.,Adjective,Noun,,,,,,,,,,,,,,,,,,,en,sovereign,,,,,,,,
sobre,…que había sido caer sobre la ciudad revolucionada y…,Verb,él/ella/ud.,imperativo,sobrar,Noun,Preposition,imperativo,verbo,sobrar,él/ella/ud.,,,,,,,,,,,en,above,en,"above, on, about, upon",,,,,,
sobreestimulado,…más en un mundo sobreestimulado de información,,,,,,,,,,,,,,,,,,,,,en,overstimulated,,,,,,,,
sobrevivan,…empresas pequeñas que no sobrevivan a esta crisis o…,Verb,ellos/ellas/uds.,imperativo,sobrevivir,verb,imperativo,ellos/ellas/uds.,sobrevivir,,,,,,,,,,,,,en,survive,,,,,,,,
sobrevivir,Para sobrevivir.,Verb,participio pasado,verb,participio pasado,,,,,,,,,,,,,,,,,en,to survive,,,,,,,,
sobrina,Mi sobrina siempre había soñado con…,Noun,,,,,,,,,,,,,,,,,,,,en,niece,,,,,,,,
sobrino,…del dormitorio de su sobrino Harry.,Noun,sustantivo,,,,,,,,,,,,,,,,,,,en,nephew,,,,,,,,
sociable,"Ella era una persona sociable, agradable, humanitaria.",Adjective,,,,,,,,,,,,,,,,,,,,en,sociable,,,,,,,,
socorro,…No!¡ Socorro!,Verb,yo,presente,socorrer,socorrerse,Noun,sustantivo,verbo,presente,yo,socorrer,socorrerse,,,,,,,,,en,"aid, help",,,,,,,,
sois,"…Señora Reina, vos sois la más hermosa en…",Verb,presente,vosotros,ser,Noun,verb,noun,ser,presente,vosotros,,,,,,,,,,,en,you guys are,,,,,,,,
solamente,Los hombres solamente comían dos veces al…,Adverb,,,,,,,,,,,,,,,,,,,,en,only,,,,,,,,
soldado,…en el planeta el soldado estaba disparando el cañón…,Verb,yo,pretérito perfecto compuesto,soldar,soldarse,Noun,verb,noun,yo,pretérito perfecto compuesto,soldar,soldarse,,,,,,,,,en,soldier,,,,,,,,
soleado,"donde siempre está soleado, y podrás tomar helado…",Verb,yo,pretérito perfecto compuesto,solear,solearse,Adjective,adjetivo,verbo,yo,pretérito perfecto compuesto,solearse,solear,,,,,,,,,en,sunny,,,,,,,,
soleados,"…clima privilegiado, con días soleados durante la mayor parte…",Adjective,adjetivo,,,,,,,,,,,,,,,,,,,en,"[adj] sunny, illuminated by the sun, filled with sunlight",,,,,,,,
solicitar,…al caso y también solicitar las penas correspondientes.,Verb,participio pasado,verbo,participio pasado,,,,,,,,,,,,,,,,,en,to try and obtain,,,,,,,,
sólidos,…convirtiendo en chiclosos y sólidos?,Adjective,adjective,,,,,,,,,,,,,,,,,,,en,solid,,,,,,,,
sollozos,"…se rasura, canciones como sollozos.",Noun,sustantivo,,,,,,,,,,,,,,,,,,,en,"(m)n. sob, uncontrollable crying, convulsive weeping",,,,,,,,
soltando,"Echó a correr soltando la maleta de viaje"".",Verb,gerundio,soltar,gerundio,verbo,soltar,,,,,,,,,,,,,,,en,releasing,,,,,,,,
soltar,Voy a soltar una puta bomba.,Verb,participio pasado,verb,participio pasado,,,,,,,,,,,,,,,,,en,drop/release,,,,,,,,
soltó,"mi amigo, el principito soltó una risa muy fuerte",Verb,pretérito perfecto simple,él/ella/ud.,soltar,soltarse,,,,,,,,,,,,,,,,en,laughed,,,,,,,,
sombrero,…mi dibujo representaba un sombrero.,Noun,sustantivo,,,,,,,,,,,,,,,,,,,en,n.m. hat,en,hat,,,,,,
sombría,"Cambió una mirada sombría con su esposa, Petunia.",Adjective,adjetivo,,,,,,,,,,,,,,,,,,,en,"adj. somber, gloomy, dark; depressing; sad, glum, mournful",,,,,,,,
someten,…los medicamentos que se someten a pruebas preclínicas terminan,Verb,presente,ellos/ellas/uds.,someter,someterse,verbo,presente,ellos/ellas/uds.,someter,someterse,,,,,,,,,,,en,"submit, subject; bring under; impeach",,,,,,,,
sometidos,De todos los problemas sometidos al estudio de mi…,,,,,,,,,,,,,,,,,,,,,en,submitted,,,,,,,,
somos,"…Órale, y la mayoría somos mexicanos!",Verb,presente,nosotros,ser,Adjective,Noun,verbo,nosotros,ser,presente,,,,,,,,,,,,,,,,,,,,
soñado,Mi sobrina siempre había soñado con tener una mascota.,Verb,yo,pretérito perfecto compuesto,soñar,Adjective,Noun,verbo,yo,pretérito perfecto compuesto,soñar,,,,,,,,,,,en,dreamed of,,,,,,,,
soñando,"ver si estaba durmiendo, soñando, pero no",Verb,gerundio,soñar,Adverb,,,,,,,,,,,,,,,,,en,dreaming,,,,,,,,
soñar,Y soñar.,Verb,participio pasado,Noun,verb,noun,participio pasado,,,,,,,,,,,,,,,en,to dream,,,,,,,,
sonarse,"…mano izquierda para limpiarse, sonarse o cualquier otra actividad…",Verb,participio pasado,verb,participio pasado,,,,,,,,,,,,,,,,,en,to blow one's nose,,,,,,,,
sonido,Un extraño sonido en el bosque hizo…,Noun,noun,,,,,,,,,,,,,,,,,,,en,sound,,,,,,,,
sonrió,"Y entonces, sonrió fuerte y dijo:",Verb,pretérito perfecto simple,él/ella/ud.,sonreír,sonreírse,Noun,verb,noun,pretérito perfecto simple,sonreír,él/ella/ud.,sonreírse,,,,,,,,,en,he smiled,,,,,,,,
sonrisa,…muerta es la permanente sonrisa en su rostro.,Noun,sustantivo,,,,,,,,,,,,,,,,,,,en,smile,,,,,,,,
sonrisas,"Bastó con ver sus sonrisas extendidas, oir sus bromas…",Noun,sustantivo,,,,,,,,,,,,,,,,,,,en,smiles,,,,,,,,
sonrosada,"…blanca como la nieve, sonrosada como la sangre y…",,,,,,,,,,,,,,,,,,,,,en,"Pink, blushing pink.",,,,,,,,
sopa,…los niños siempre tenían sopa y pan para comer.,Verb,él/ella/ud.,presente,sopar,soparse,Noun,verb,noun,presente,él/ella/ud.,soparse,sopar,,,,,,,,,en,soup,,,,,,,,
soportar,…no fue capaz de soportar el miedo.,Verb,participio pasado,verbo,participio pasado,,,,,,,,,,,,,,,,,en,"support, put up with, stand",,,,,,,,
sorprende,Lo que más me sorprende al ver a mi…,Verb,él/ella/ud.,presente,sorprender,sorprenderse,verbo,sorprender,presente,él/ella/ud.,sorprenderse,,,,,,,,,,,en,surprises,,,,,,,,
sorprender,…que os va a sorprender,Verb,participio pasado,verb,participio pasado,,,,,,,,,,,,,,,,,en,to surprise,,,,,,,,
sorprendió,Y… me sorprendió mucho.,Verb,pretérito perfecto simple,él/ella/ud.,sorprender,sorprenderse,verbo,sorprender,pretérito perfecto simple,él/ella/ud.,sorprenderse,,,,,,,,,,,en,surprised,,,,,,,,
sospechoso,"…una esquina, se vuelve sospechoso de ser un indocumentado.",Adjective,Noun,,,,,,,,,,,,,,,,,,,en,Suspect,,,,,,,,
sosteniendo,"…la portada muy feliz, sosteniendo una escoba y es…",Verb,gerundio,sostener,sostener,verb,gerundio,,,,,,,,,,,,,,,en,"sustaining, upholding, supporting",,,,,,,,
sostienen,"Sin embargo, algunos científicos sostienen que la Amazonía brasileña…",Verb,presente,ellos/ellas/uds.,sostener,sostenerse,sostener,verbo,presente,ellos/ellas/uds.,sostenerse,,,,,,,,,,,en,"sustain, hold up",,,,,,,,
sótano,"el sótano de algún banco, sino…",Adverb,Noun,sustantivo,adverbio,,,,,,,,,,,,,,,,,en,"basement, cellar, vault",,,,,,,,
suave,…música de intriga suave],Adjective,Noun,sustantivo,adjetivo,,,,,,,,,,,,,,,,,en,"adj. mild, not strong or harsh",,,,,,,,
suba,…ordeno que el sol suba y que el día…,Verb,él/ella/ud.,imperativo,subjuntivo presente,subir,subirse,Noun,subir,verb,noun,imperativo,subjuntivo presente,él/ella/ud.,subirse,,,,,,,en,rise,,,,,,,,
súbdito,"Un nuevo súbdito""",Noun,noun,,,,,,,,,,,,,,,,,,,en,subject,,,,,,,,
subido,…y con ello han subido los precios de los…,Verb,yo,pretérito perfecto compuesto,subir,subirse,subir,verb,yo,pretérito perfecto compuesto,subirse,,,,,,,,,,,en,risen,,,,,,,,
subieron,…Asprilla y Lucas Jaramillo subieron la colina y jugaron…,Verb,pretérito perfecto simple,ellos/ellas/uds.,subir,subirse,subir,verbo,pretérito perfecto simple,ellos/ellas/uds.,subirse,,,,,,,,,,,en,"(3rd person plural preterite) They went up, they rose, they climbed",,,,,,,,
subimos,…que me pillen?- Lo subimos a una cuenta anónima.,Verb,presente,nosotros,subir,subirse,Noun,subir,sustantivo,verbo,nosotros,presente,subirse,,,,,,,,,en,"rise, ascend; carry up; upload; get into; advance",,,,,,,,
subió,El payaso subió el capítulo de lo…,Verb,pretérito perfecto simple,él/ella/ud.,subir,subirse,subir,verbo,pretérito perfecto simple,él/ella/ud.,subirse,,,,,,,,,,,en,Went up,,,,,,,,
subiremos,"Nos subiremos a un barco, navegaremos…",Verb,nosotros,futuro,subir,subirse,subir,verbo,nosotros,futuro,subirse,,,,,,,,,,,en,we climb,,,,,,,,
subirlo,"Koldito, tienes que subirlo a tus redes, será…",,,,,,,,,,,,,,,,,,,,,en,upload,,,,,,,,
subterránea,"sino toda la ciudad subterránea, unidos como uno.",Adjective,adjective,,,,,,,,,,,,,,,,,,,en,"subterraneous, subterranean, underground",,,,,,,,
subvención,…en Siberia con una subvención pública.,Noun,sustantivo,,,,,,,,,,,,,,,,,,,en,"subsidy, grant",,,,,,,,
sucedía,…Lo que sucedía cada sábado dependía de…,Verb,yo,indicativo pretérito imperfecto,suceder,verbo,suceder,yo,indicativo pretérito imperfecto,,,,,,,,,,,,,en,"happened, occurred",,,,,,,,
sucedido,…quieres hablar de lo sucedido.,Verb,yo,pretérito perfecto compuesto,suceder,Noun,sustantivo,verbo,suceder,yo,pretérito perfecto compuesto,,,,,,,,,,,en,"happen, occur",,,,,,,,
sucedió,…qué es lo que sucedió?,Verb,pretérito perfecto simple,él/ella/ud.,suceder,verbo,suceder,pretérito perfecto simple,él/ella/ud.,,,,,,,,,,,,,en,happened,,,,,,,,
suceso,…de tal manera el suceso acababa siempre por justificarlas.,Noun,noun,,,,,,,,,,,,,,,,,,,en,"events, happening",,,,,,,,
sucesos,"…casamiento, cuando ocurrieron los sucesos que voy a referir…",Noun,noun,,,,,,,,,,,,,,,,,,,en,events,,,,,,,,
suculentas,…las que con sus suculentas reservas proveían su mesa;…,,,,,,,,,,,,,,,,,,,,,en,succulent,,,,,,,,
sudando,"distancia de la civilización, sudando, trabajando duro para reparar",Verb,gerundio,sudar,,,,,,,,,,,,,,,,,,en,sweating,,,,,,,,
suelen,…ya unos días antes suelen oírse bastantes petardos en…,Verb,presente,ellos/ellas/uds.,imperativo,solar,soler,Adjective,imperativo,verbo,presente,soler,ellos/ellas/uds.,solar,,,,,,,,en,usually,,,,,,,,
suelo,…dejado muerto en el suelo.,Verb,yo,presente,solar,soler,Noun,sustantivo,verbo,presente,yo,soler,solar,,,,,,,,,en,floor,,,,,,,,
suelos,"…las grietas de los suelos de madera, debajo de…",Noun,,,,,,,,,,,,,,,,,,,,en,"n. ground, earth; floor; deck; bottom (pl.)",,,,,,,,
suéltame,…llorosa]¡ Suéltame!,,,,,,,,,,,,,,,,,,,,,en,Let me go,,,,,,,,
suena,"suena"" Hands Around My Throat""…",Verb,él/ella/ud.,presente,sonar,sonarse,Adjective,Noun,sustantivo,adjetivo,verbo,presente,él/ella/ud.,sonar,sonarse,,,,,,,en,"v. sound; ring; play; pronounce; mention; seem, appear; resound",,,,,,,,
sueña,"…ha pasado?- Este, que sueña con ser escritor.",Verb,él/ella/ud.,presente,soñar,verbo,presente,él/ella/ud.,soñar,,,,,,,,,,,,,en,dreams,,,,,,,,
sueño,No era un sueño.,Verb,yo,presente,soñar,Noun,verb,noun,presente,yo,soñar,,,,,,,,,,,en,dream,,,,,,,,
sueños,…los escritores reescriben los sueños de otros.,Noun,sustantivo,,,,,,,,,,,,,,,,,,,en,"n: dreams, sleep",,,,,,,,
suerte,…supone es de mala suerte si naces mujer— pero…,Adverb,Noun,sustantivo,adverbio,,,,,,,,,,,,,,,,,en,"luck, fate, chance",,,,,,,,
sufre,…la selva de Brasil sufre la mayor pérdida de…,Verb,él/ella/ud.,presente,sufrir,sufrirse,verbo,presente,sufrir,él/ella/ud.,sufrirse,,,,,,,,,,,en,"v.  suffer, feel pain, experience loss or harm, endure misfortune; be punished; tolerate, endure; stand, bear; allow, permit",,,,,,,,
sufrido,…la Amazonía brasileña ha sufrido pérdidas aceleradas de vegetación…,Verb,yo,pretérito perfecto compuesto,sufrir,sufrirse,verbo,yo,sufrir,pretérito perfecto compuesto,sufrirse,,,,,,,,,,,en,adj.  long-suffering; afflicted; taken,,,,,,,,
sufriendo,…los Estados Unidos están sufriendo una auténtica invasión de…,Verb,gerundio,sufrir,gerundio,verbo,sufrir,,,,,,,,,,,,,,,en,"suffering, suffer, feel pain, experience loss or harm, endure misfortune; be punished; tolerate, endure; stand, bear; allow, permit",,,,,,,,
sufrimiento,…dinero a costa del sufrimiento de,Noun,sustantivo,,,,,,,,,,,,,,,,,,,en,"suffering, affliction; endurance; pain, ache; martyrdom",,,,,,,,
sufrimos,…de todo lo que sufrimos.,Verb,presente,nosotros,sufrir,sufrirse,Noun,verb,noun,nosotros,presente,sufrir,sufrirse,,,,,,,,,en,"we suffer, we suffered",,,,,,,,
sufrir,…amar sin temor a sufrir.,Verb,participio pasado,verbo,participio pasado,,,,,,,,,,,,,,,,,en,suffer,,,,,,,,
sujeto,…ya tenemos al último sujeto.,Verb,yo,presente,sujetar,sujetarse,Adjective,Noun,verb,noun,adjective,presente,yo,sujetar,sujetarse,,,,,,,en,subject,,,,,,,,
sumado,"…crecimiento vertiginoso de asistentes, sumado a la limitación de…",Verb,yo,pretérito perfecto compuesto,sumar,sumarse,verbo,yo,sumar,pretérito perfecto compuesto,sumarse,,,,,,,,,,,en,added,,,,,,,,
sumariamente,…que voy a referir sumariamente.,,,,,,,,,,,,,,,,,,,,,en,summarily,,,,,,,,
suministró,…experimento donde se le suministró,Verb,pretérito perfecto simple,él/ella/ud.,suministrar,verbo,pretérito perfecto simple,suministrar,él/ella/ud.,,,,,,,,,,,,,en,"v. provide, supply; accommodate; furnish",,,,,,,,
suntuosa,"…Saville Row, sin ser suntuosa, se recomendaba por su…",Adjective,adjective,,,,,,,,,,,,,,,,,,,en,"suntuoso adj. rich, magnificent, palatial, sumptuous",,,,,,,,
supe,Seguramente supe que era ridículo desde…,Verb,yo,pretérito perfecto simple,saber,Noun,saber,verbo,yo,pretérito perfecto simple,,,,,,,,,,,,en,I knew,,,,,,,,
superan,Los únicos países que superan a España en este…,Verb,presente,ellos/ellas/uds.,superar,superarse,verb,presente,superar,ellos/ellas/uds.,superarse,,,,,,,,,,,en,they surpass,,,,,,,,
superarme,"…YO puedo aprender a superarme a mí mismo, aprendiendo…",,,,,,,,,,,,,,,,,,,,,en,"surpass, go beyond, outgrow, overcome",,,,,,,,
superficie,…adulta completa en su superficie..,Noun,,,,,,,,,,,,,,,,,,,,en,"surface, area",,,,,,,,
superó,"…2008, año en que superó los 12.000 kilómetros cuadrados.",Verb,pretérito perfecto simple,él/ella/ud.,superar,superarse,verbo,superar,pretérito perfecto simple,él/ella/ud.,superarse,,,,,,,,,,,en,"v. surpass, exceed, be greater than; do better than, excel; go beyond, transcend; weather; overcome",,,,,,,,
supieran,…estar tranquilas si no supieran que las espinas las…,Verb,ellos/ellas/uds.,subjuntivo pretérito imperfecto,saber,verb,saber,ellos/ellas/uds.,subjuntivo pretérito imperfecto,,,,,,,,,,,,,en,they knew,,,,,,,,
supieras,Solo quería que lo supieras.,Verb,subjuntivo pretérito imperfecto,tú,saber,saber,tú,verbo,subjuntivo pretérito imperfecto,,,,,,,,,,,,,en,you would have known,,,,,,,,
supiste,Nunca supiste cuándo alejarte.,Verb,pretérito perfecto simple,tú,saber,Noun,verb,noun,saber,tú,pretérito perfecto simple,,,,,,,,,,,en,you knew,,,,,,,,
suplementario,…ramificaciones de este esqueleto suplementario recogen cada uno de…,,,,,,,,,,,,,,,,,,,,,en,"additional, backup",,,,,,,,
suplicó,"…favor, no me coma!” suplicó él.",Verb,pretérito perfecto simple,él/ella/ud.,suplicar,verb,pretérito perfecto simple,él/ella/ud.,suplicar,,,,,,,,,,,,,en,he pleaded,,,,,,,,
supone,…del caballo— que se supone es de mala suerte…,Verb,él/ella/ud.,presente,suponer,suponer,verbo,presente,él/ella/ud.,,,,,,,,,,,,,en,"suppose, presume; guess; mean; involve; pretend",,,,,,,,
suponen,"…tu idioma no te suponen ningún problema, pero que…",Verb,presente,ellos/ellas/uds.,suponer,suponer,verbo,presente,ellos/ellas/uds.,,,,,,,,,,,,,en,suppose,,,,,,,,
supongamos,el equilibrio Qué significa supongamos,Verb,imperativo,nosotros,suponer,suponer,imperativo,verbo,nosotros,,,,,,,,,,,,,en,"suppose, pretend",,,,,,,,
supuesto,"Camarera: Si, por supuesto.",Verb,yo,pretérito perfecto compuesto,suponer,Adjective,Noun,suponer,verbo,yo,pretérito perfecto compuesto,,,,,,,,,,,fr,"of course,supposed",,,,,,,,
supuestos,muchos supuestos profetas hayan indicado,Adjective,Noun,,,,,,,,,,,,,,,,,,,en,supposed,,,,,,,,
sur,"En el sur se elaboran famosos licores,…",Adjective,Noun,,,,,,,,,,,,,,,,,,,en,south,,,,,,,,
suscríbete,Suscríbete en elhilo. audio/ correo,Verb,imperativo,suscribirse,Noun,imperativo,verbo,suscribirse,,,,,,,,,,,,,,en,subscribe (yourself),,,,,,,,
sustos,Sustos y ya.-¿ No te…,,,,,,,,,,,,,,,,,,,,,en,"n. terror, alarm; fright, start",,,,,,,,
susurra,"…si te contuviera, te susurra para dejarte entrar.",Verb,él/ella/ud.,presente,susurrar,susurrarse,verb,presente,él/ella/ud.,susurrar,susurrarse,,,,,,,,,,,en,whispers,,,,,,,,
susurró,"…yo tengo un plan!”, susurró Gretel",Verb,pretérito perfecto simple,él/ella/ud.,susurrar,susurrarse,verb,pretérito perfecto simple,él/ella/ud.,susurrar,susurrarse,,,,,,,,,,,en,whispered,,,,,,,,
sutil,es más sutil y.... aun así lo…,Adjective,Noun,,,,,,,,,,,,,,,,,,,en,subtle,,,,,,,,
suturó,…jardín y luego lo suturó de nuevo.,Verb,pretérito perfecto simple,él/ella/ud.,suturar,verb,pretérito perfecto simple,él/ella/ud.,suturar,,,,,,,,,,,,,en,sutured,,,,,,,,
suya,…se saldrá con la suya.,Adjective,Noun,noun,adjective,,,,,,,,,,,,,,,,,en,his/her own,,,,,,,,
tablillas,en papiros tablillas de arcilla libros,Noun,noun,,,,,,,,,,,,,,,,,,,en,tablets,,,,,,,,
taciturno,"…de sus ayudantes, con taciturno despecho, se retira del…",,,,,,,,,,,,,,,,,,,,,en,"taciturn, silent, glum",,,,,,,,
tajante,…parece bastante clara. Un tajante no.,Adjective,adjetivo,,,,,,,,,,,,,,,,,,,en,"positive, cutting, short, unequivocal",,,,,,,,
tal,¿ Qué tal?,Adjective,Pronoun,,,,,,,,,,,,,,,,,,,en,such,,,,,,,,
tala,"…estrategia para combatir la tala ilegal, la minería y…",Verb,él/ella/ud.,presente,talar,Noun,sustantivo,verbo,presente,él/ella/ud.,talar,,,,,,,,,,,en,"felling, chopping down of trees; destruction;",,,,,,,,
tales,"Tales eran el nombre, profesión…",Verb,tú,subjuntivo presente,talar,Adjective,Noun,verb,noun,tú,adjective,subjuntivo presente,talar,,,,,,,,,en,those kinds of,,,,,,,,
tallado,"…pintura, escultura, fotografía y tallado en madera.",Verb,yo,pretérito perfecto compuesto,tallar,tallarse,verbo,yo,pretérito perfecto compuesto,tallar,tallarse,,,,,,,,,,,en,carved,,,,,,,,
tallas,"Rico, donde exhibiremos tallas en madera creadas por…",Verb,presente,tú,tallar,tallarse,Noun,sustantivo,tú,verbo,presente,tallar,tallarse,,,,,,,,,en,carvings,,,,,,,,
talvez,"SHIM estaba convencido de que el conocimiento que él tenía, que él aprendió del libro, y el conocimiento que los WIT tienen (porque ellos, los WIT saben fabricar luz—saben construir cosas) en combinación del conocimiento que él tiene, y talvez del co",Noun,,,,,,,,,,,,,,,,,,,,en,"perhaps, maybe",,,,,,,,
tamaño,Cuál es el tamaño de tu planeta,Noun,,,,,,,,,,,,,,,,,,,,en,size,,,,,,,,
también,"…Quieres follar?- Sí, eso también, pero mira.",Adverb,,,,,,,,,,,,,,,,,,,,en,also; too,,,,,,,,
tampoco,…que... con los niños tampoco no puedes... ir a…,Adverb,Noun,,,,,,,,,,,,,,,,,,,en,neither,,,,,,,,
tan,"Con tan solo verlos, te entra…",Adverb,Noun,sustantivo,adverbio,,,,,,,,,,,,,,,,,en,"adv.  such; so, this; that; as",,,,,,,,
tantas,"los toros, ¡he tenido tantas",Adjective,Pronoun,,,,,,,,,,,,,,,,,,,en,so many,,,,,,,,
tanto,"Por tanto, yo debo ser feliz…",Pronoun,Adverb,,,,,,,,,,,,,,,,,,,en,"both, so much, well",,,,,,,,
tardarán,…y pensó:« No tardarán las fieras en devorarte».,Verb,ellos/ellas/uds.,futuro,tardar,tardarse,verb,tardar,futuro,ellos/ellas/uds.,tardarse,,,,,,,,,,,en,they will take a long time,,,,,,,,
tarta,"…cena, se come la tarta y... bueno, tira los…",Noun,,,,,,,,,,,,,,,,,,,,en,Cake,,,,,,,,
tasa,…por edades y la tasa de paro.,Verb,él/ella/ud.,presente,tasar,Noun,verb,noun,presente,él/ella/ud.,tasar,,,,,,,,,,,en,rate,,,,,,,,
tasas,"…contexto actual de altas tasas de interés, el difícil…",Verb,presente,tú,tasar,Noun,sustantivo,tú,verbo,presente,tasar,,,,,,,,,,,en,rates,,,,,,,,
tecleo,tecleo],Verb,yo,presente,teclear,verbo,presente,yo,teclear,,,,,,,,,,,,,en,"typing, keyboarding",,,,,,,,
tejado,El tejado parecía que lo habían…,Verb,yo,pretérito perfecto compuesto,tejar,Noun,verb,noun,yo,pretérito perfecto compuesto,tejar,,,,,,,,,,,en,roof,,,,,,,,
tejer,Me gusta tejer y jugar a las…,Verb,participio pasado,verb,participio pasado,,,,,,,,,,,,,,,,,en,to knit,,,,,,,,
tela,…tenía una gorra de tela blanda que había puesto…,Noun,noun,,,,,,,,,,,,,,,,,,,en,fabric,,,,,,,,
tema,"…terapia para trabajar el tema del amor, y lo…",Verb,él/ella/ud.,presente,imperativo,subjuntivo presente,temar,temer,temerse,Noun,imperativo,verbo,presente,subjuntivo presente,él/ella/ud.,temer,temerse,temar,,,,en,"masculino, theme",,,,,,,,
temas,…al tanto de los temas que cubrimos en nuestros…,Verb,presente,tú,subjuntivo presente,temar,temer,temerse,Noun,tú,verbo,presente,subjuntivo presente,temer,temerse,temar,,,,,,en,"topic, theme, subject",,,,,,,,
temblar,…la cocina empezó a temblar.,Verb,participio pasado,verb,participio pasado,,,,,,,,,,,,,,,,,en,to tremble,,,,,,,,
temen,Convertirse en lo que temen.,Verb,presente,ellos/ellas/uds.,imperativo,temar,temer,temerse,verb,imperativo,presente,ellos/ellas/uds.,temer,temerse,temar,,,,,,,en,"dread, fear",,,,,,,,
temieron,"…no había nadie, se temieron lo peor y nos…",Verb,pretérito perfecto simple,ellos/ellas/uds.,temer,temerse,verb,pretérito perfecto simple,ellos/ellas/uds.,temer,temerse,,,,,,,,,,,en,they feared,,,,,,,,
temor,…y puedo amar sin temor a sufrir.,Noun,,,,,,,,,,,,,,,,,,,,en,fear,,,,,,,,
tempranito,"bien tempranito, te lo tomas de…",,,,,,,,,,,,,,,,,,,,,en,early,,,,,,,,
temprano,Un día muy temprano por la mañana cuando…,Adjective,Adverb,adjective,adverb,,,,,,,,,,,,,,,,,en,early,,,,,,,,
tenaz,"…una enfermedad dolorosa y tenaz, no se cansaba de…",Adjective,adjective,,,,,,,,,,,,,,,,,,,en,tenacious,,,,,,,,
tenazas,"…calderos, las pailas, las tenazas y los anafes se…",Noun,noun,,,,,,,,,,,,,,,,,,,en,tongs,,,,,,,,
tendrá,"…dominar a esa lechuza, tendrá que irse a otra…",Verb,él/ella/ud.,futuro,tener,tenerse,verbo,tener,futuro,él/ella/ud.,tenerse,,,,,,,,,,,,,,,,,,,,
tendrán,tendrán un lugar dónde estudiar.,Verb,ellos/ellas/uds.,futuro,tener,tenerse,verb,tener,futuro,ellos/ellas/uds.,tenerse,,,,,,,,,,,en,they will have,,,,,,,,
tendremos,Tendremos una aventura juntas.,Verb,nosotros,futuro,tener,tenerse,Adjective,adjetivo,verbo,tener,nosotros,futuro,tenerse,,,,,,,,,en,we will have to,,,,,,,,
tendríamos,no tendríamos los recursos necesarios para…,Verb,condicional,nosotros,tener,tenerse,verbo,tener,nosotros,condicional,tenerse,,,,,,,,,,,en,we would have,,,,,,,,
tengamos,…de miedo sin que tengamos que aprenderla:,Verb,imperativo,nosotros,subjuntivo presente,tener,tenerse,imperativo,verbo,tener,nosotros,subjuntivo presente,tenerse,,,,,,,,,en,"tenerv. have, possess; hold; bear; carry; wear; experience; practice; meet with; travel; show",,,,,,,,
tenido,…único detalle que ha tenido la policía.,Verb,yo,pretérito perfecto compuesto,tener,tenerse,verbo,tener,yo,pretérito perfecto compuesto,tenerse,,,,,,,,,,,en,"kept, held, had",,,,,,,,
Te pone cachonda,Te pone cachonda?¿ Eh?,,,,,,,,,,,,,,,,,,,,,en,Makes you horny,,,,,,,,
tercera,…Es la tercera vez esta semana!,Adjective,Noun,sustantivo,adjetivo,,,,,,,,,,,,,,,,,en,third,,,,,,,,
tercio,…de cuajo con un tercio del gasto.,Verb,yo,presente,terciar,terciarse,Noun,sustantivo,verbo,presente,yo,terciar,terciarse,,,,,,,,,en,third,,,,,,,,
terco,Terco hasta el final.,Adjective,Noun,noun,adjective,,,,,,,,,,,,,,,,,en,stubborn,,,,,,,,
terminan,…al medio ambiente donde terminan su desarrollo.,Verb,presente,ellos/ellas/uds.,terminar,terminarse,verbo,presente,terminar,ellos/ellas/uds.,terminarse,,,,,,,,,,,en,stop,,,,,,,,
terminantemente,…pero sí me opongo terminantemente a vestirme como vieja.,Adverb,adverbio,,,,,,,,,,,,,,,,,,,en,strictly,,,,,,,,
terminar,Eso sí- y por terminar con una nota positiva-…,Verb,participio pasado,verbo,participio pasado,,,,,,,,,,,,,,,,,en,to finish,,,,,,,,
terratenientes,…violencia la hacen los terratenientes,Noun,noun,,,,,,,,,,,,,,,,,,,en,landowners,,,,,,,,
terraza,salido directamente a la terraza para saludar a mis,Noun,,,,,,,,,,,,,,,,,,,,en,terrace,,,,,,,,
terreno,…las operaciones en el terreno.,Noun,sustantivo,,,,,,,,,,,,,,,,,,,en,"ground, terrain",,,,,,,,
tesoro,Decidió ver qué otro tesoro podía encontrar.,Noun,noun,,,,,,,,,,,,,,,,,,,en,treasure,,,,,,,,
tesoros,…quedarse y buscar otros tesoros.,Noun,noun,,,,,,,,,,,,,,,,,,,en,treasures,,,,,,,,
testigo,"Señor, una testigo dijo que su pene…",Noun,sustantivo,,,,,,,,,,,,,,,,,,,en,witness,,,,,,,,
testigos,…mar donde no hayan testigos,Noun,,,,,,,,,,,,,,,,,,,,en,witnesses,,,,,,,,
ti,"…también canciones, como Sin ti no soy nada, de…",Pronoun,Noun,,,,,,,,,,,,,,,,,,,en,"pron.  you; yourself, thyself (Grammar)",,,,,,,,
tía,…también puede ser una tía.,Adjective,Noun,sustantivo,adjetivo,,,,,,,,,,,,,,,,,en,"aunt, girl, chick",,,,,,,,
tierra,será imposible porque mi tierra es tan pequeña,Adverb,Noun,,,,,,,,,,,,,,,,,,,en,"earth, world; ground, soil",,,,,,,,
tiesos,…unos rizos apretados y tiesos que me hacen pensar…,,,,,,,,,,,,,,,,,,,,,en,"tense, tight, stiff",,,,,,,,
tijeras,"…las personas diestras. Las tijeras, abrelatas, cámaras, escritorios",Noun,noun,,,,,,,,,,,,,,,,,,,en,scissors,,,,,,,,
tijeretazo,"…concreto, hablamos de un tijeretazo anual de más de…",,,,,,,,,,,,,,,,,,,,,en,"cut, snip",,,,,,,,
tío,"Tío, que son turistas, que…",Adjective,Noun,,,,,,,,,,,,,,,,,,,en,"guy, dude (España)",en,"uncle; guy, dude (España)",,,,,,
tíos,…casa de sus insoportables tíos el inicio del segundo…,Adjective,Noun,sustantivo,adjetivo,,,,,,,,,,,,,,,,,en,aunt and uncle,,,,,,,,
típica,…sopa fría de verdura típica de Andalucía el tener…,Adjective,Noun,,,,,,,,,,,,,,,,,,,en,typical,,,,,,,,
típico,"…petardos sí, es lo típico,¿ no?",Adjective,Noun,,,,,,,,,,,,,,,,,,,en,adj.  typical; vernacular; picturesque,,,,,,,,
tira,"…pues la gente, pues tira petardos, sale de marcha...…",Verb,él/ella/ud.,presente,tirar,tirarse,Noun,verbo,tirarse,tirar,presente,él/ella/ud.,,,,,,,,,,en,n. strip; strap,,,,,,,,
tiraba,"…sí que a veces tiraba y tal, pero ahora…",Verb,yo,indicativo pretérito imperfecto,tirar,tirarse,verbo,tirarse,tirar,yo,indicativo pretérito imperfecto,,,,,,,,,,,en,He threw,,,,,,,,
tiran,"…es... bueno es.... se tiran petardos, se encienden hogueras…",Verb,presente,ellos/ellas/uds.,tirar,tirarse,verbo,tirarse,tirar,presente,ellos/ellas/uds.,,,,,,,,,,,en,"dev. tirar: to pull, throw, toss over, draw, shoot",,,,,,,,
tirano,"El Tirano, cauto, receloso, vigila las…",Noun,,,,,,,,,,,,,,,,,,,,en,"tyrant, dictator",,,,,,,,
titula,"Este episodio se titula,“ Que tan cerca?”",Verb,él/ella/ud.,presente,titular,titularse,verbo,presente,él/ella/ud.,titular,titularse,,,,,,,,,,,en,"titled, called",,,,,,,,
toca,…los discos mexicanos que toca mi padre los domingos…,Verb,él/ella/ud.,presente,tocar,Noun,sustantivo,tocar,verbo,presente,él/ella/ud.,,,,,,,,,,,en,"turn, tuch, feel",en,"tocar v. blow; feel, touch; play;",en,"he/she/it/utd turn, touch, feel",,,,
tocara,…música sin que nadie tocara las cuerdas.,Verb,yo,subjuntivo pretérito imperfecto,tocar,verb,tocar,yo,subjuntivo pretérito imperfecto,,,,,,,,,,,,,en,would play,,,,,,,,
tocarla,"Al tocarla, la esfera se abrió…",,,,,,,,,,,,,,,,,,,,,en,"touch her, touch it",,,,,,,,
tocó,…a los que les tocó el muñeco de la…,Verb,pretérito perfecto simple,él/ella/ud.,tocar,tocar,verbo,pretérito perfecto simple,él/ella/ud.,,,,,,,,,,,,,en,He touched,,,,,,,,
toda,Durante toda la noche que precedió…,Pronoun,Preposition,,,,,,,,,,,,,,,,,,,en,whole,,,,,,,,
todavía,"…engañarnos, el gobierno ruso todavía puede movilizar dinero,",Adverb,Noun,sustantivo,adverbio,,,,,,,,,,,,,,,,,en,still,,,,,,,,
todo,"Había animales por todo lado, de todos los…",Pronoun,Adverb,,,,,,,,,,,,,,,,,,,en,in any case; every,,,,,,,,
todo el mundo,"…por internet, pero que todo el mundo dice y al final,",,,,,,,,,,,,,,,,,,,,,en,everybody,,,,,,,,
todopoderoso,agricultor todopoderoso que se,Adjective,Noun,noun,adjective,,,,,,,,,,,,,,,,,en,almighty,,,,,,,,
tomaban,"Los hombres, tomaban el desayuno en su…",Verb,indicativo pretérito imperfecto,ellos/ellas/uds.,tomar,tomarse,verbo,tomar,ellos/ellas/uds.,tomarse,indicativo pretérito imperfecto,,,,,,,,,,,en,drink,,,,,,,,
tomado,"…el propio presidente, ha tomado esta decisión para lograr…",Verb,yo,pretérito perfecto compuesto,tomar,tomarse,verbo,tomar,yo,pretérito perfecto compuesto,tomarse,,,,,,,,,,,en,taken; landed; indulged,,,,,,,,
tomarlo,resulta difícil tomarlo en serio y para,,,,,,,,,,,,,,,,,,,,,en,"drink it, take it, seize it, accept; have; eat; impound; touch; understand; draw; reduce; live on",,,,,,,,
tomaron,"…padecía del corazón, se tomaron muchas precauciones antes de…",Verb,pretérito perfecto simple,ellos/ellas/uds.,tomar,tomarse,verbo,tomar,pretérito perfecto simple,ellos/ellas/uds.,tomarse,,,,,,,,,,,en,They took,,,,,,,,
tomátela,…insultos]-[ hombre]¡ Tomátela de acá!,,,,,,,,,,,,,,,,,,,,,en,Get out of here,,,,,,,,
tomo,Tomo el libro de texto…,Verb,yo,presente,tomar,tomarse,Noun,verbo,tomar,presente,yo,tomarse,,,,,,,,,,en,"I take, I drink, I eat, I have",,,,,,,,
toneladas,"…ocurre, se comprimen bajo toneladas de presión,",Noun,noun,,,,,,,,,,,,,,,,,,,en,tons,,,,,,,,
tono,…Qué tono tiene su voz?,Noun,noun,,,,,,,,,,,,,,,,,,,en,tone,,,,,,,,
tormenta,…juntado para crear una tormenta perfecta en el,Noun,noun,,,,,,,,,,,,,,,,,,,en,storm,,,,,,,,
tornillo,justo estaba destornillando un tornillo cuando de pronto escuché,Noun,,,,,,,,,,,,,,,,,,,,en,screw,,,,,,,,
tornillos,"…los clavos y los tornillos tratando de desenclavarse, y…",Noun,noun,,,,,,,,,,,,,,,,,,,en,screws,,,,,,,,
torno,…investigar más detalles en torno al caso y también…,Verb,yo,presente,tornar,tornarse,Noun,verbo,presente,yo,tornar,tornarse,,,,,,,,,,en,v.  turn down; dial; transform,,,,,,,,
torre,En esta torre están registrados al menos…,Verb,él/ella/ud.,imperativo,torrar,Noun,sustantivo,imperativo,verbo,él/ella/ud.,torrar,,,,,,,,,,,en,"n.  tower, turret; castle; steeple; rook",,,,,,,,
torta,"…es una especie de torta con frutas confitadas, piñones,…",Noun,,,,,,,,,,,,,,,,,,,,en,"scone, wheat biscuit or quick bread that is baked or cooked on a griddle",,,,,,,,
tostadas,Le gustan las tostadas con mantequilla,Adjective,Noun,noun,adjective,,,,,,,,,,,,,,,,,en,toast,,,,,,,,
total,"…pienso y siento, unión total y fusión, los celos…",Adjective,Noun,,,,,,,,,,,,,,,,,,,en,"overall, total",,,,,,,,
totalidad,…republicanos y la práctica totalidad de los demócratas,Noun,,,,,,,,,,,,,,,,,,,,en,"entirety, totality, absoluteness",,,,,,,,
toxinas,y las toxinas del río te carcomen…,Noun,noun,,,,,,,,,,,,,,,,,,,en,toxins (n),,,,,,,,
traduce,Eso se traduce en pobreza… y en…,Verb,él/ella/ud.,presente,traducir,verb,traducir,presente,él/ella/ud.,,,,,,,,,,,,,en,it translates,,,,,,,,
traducir,…empleando términos ingleses sin traducir.,Verb,participio pasado,verb,participio pasado,,,,,,,,,,,,,,,,,en,to translate,,,,,,,,
traerte,Voy a traerte una campana de cristal.,,,,,,,,,,,,,,,,,,,,,en,to bring you,,,,,,,,
traga,…Se traga sus vísceras,Verb,él/ella/ud.,presente,tragar,tragarse,verbo,presente,tragar,él/ella/ud.,tragarse,,,,,,,,,,,en,"inhales, swallows, sucks (v. tragar)",,,,,,,,
tragándola,"…constrictor come la presa, tragándola entera y pasa varios…",,,,,,,,,,,,,,,,,,,,,en,swallowing it,,,,,,,,
tragándose,"…de una boa constrictor tragándose, o sea, comiendo una…",,,,,,,,,,,,,,,,,,,,,en,swallowing,,,,,,,,
tragedia,"…No, esa es la tragedia, la consigna no ha…",Noun,noun,,,,,,,,,,,,,,,,,,,en,tragedy,,,,,,,,
traicionaste,Y me traicionaste.,Verb,pretérito perfecto simple,tú,traicionar,traicionarse,verb,tú,pretérito perfecto simple,traicionarse,traicionar,,,,,,,,,,,en,you betrayed,,,,,,,,
traído,"…Daniel] : Y Lisette, has traído algo que me quieres…",Verb,yo,pretérito perfecto compuesto,traer,traerse,verbo,yo,pretérito perfecto compuesto,traer,traerse,,,,,,,,,,,en,brought,,,,,,,,
traidores,…a los cobardes y traidores: Le contraría fallarse de…,Adjective,Noun,,,,,,,,,,,,,,,,,,,en,"n. traitors, betrayors",,,,,,,,
trama,"…interesar lentamente por la trama, por el dibujo de…",Verb,él/ella/ud.,presente,tramar,Noun,verbo,presente,él/ella/ud.,tramar,,,,,,,,,,,,en,"web, story",,,,,,,,
trampas,Las trampas para conejos existen para…,Noun,,,,,,,,,,,,,,,,,,,,en,"trap, snare; trickery, cheating; trapdoor; pitfall; debt; graft",,,,,,,,
tranquilidad,…al libro en la tranquilidad del estudio que miraba…,Noun,,,,,,,,,,,,,,,,,,,,en,"tranquility, calmness, quietness, stillness",,,,,,,,
transcurridos,…y los dos años transcurridos apenas han atenuado su…,,,,,,,,,,,,,,,,,,,,,en,elapsed,,,,,,,,
transeúnte,Un transeúnte insiste en que el…,Noun,noun,,,,,,,,,,,,,,,,,,,en,passerby,,,,,,,,
transformado,se ha transformado con el tiempo. Por…,Verb,yo,pretérito perfecto compuesto,transformar,transformarse,verb,yo,pretérito perfecto compuesto,transformar,transformarse,,,,,,,,,,,en,transformed,,,,,,,,
transgresores,"…énfasis en que los transgresores reciban su merecido castigo,",,,,,,,,,,,,,,,,,,,,,en,transgressors,,,,,,,,
transitoriamente,…el sábado para escapar transitoriamente de los problemas que…,Adverb,adverbio,,,,,,,,,,,,,,,,,,,en,"transiently, temporary",,,,,,,,
transitorios,"…gatos podrían ser huéspedes transitorios de casi todas, sólo…",,,,,,,,,,,,,,,,,,,,,en,adj. temporary,,,,,,,,
transmite,"…siempre está alegre y transmite luz a su alrededor,",Verb,él/ella/ud.,presente,transmitir,transmitirse,verb,presente,él/ella/ud.,transmitir,transmitirse,,,,,,,,,,,en,he/she/it transmits,,,,,,,,
transporte,…ni alojamiento ni siquiera transporte a un migrante sin…,Verb,él/ella/ud.,imperativo,subjuntivo presente,transportar,transportarse,Noun,imperativo,verbo,transportar,subjuntivo presente,él/ella/ud.,transportarse,,,,,,,,en,transport,,,,,,,,
tras,la cámara secreta Tras derrotar una vez más…,Preposition,preposición,,,,,,,,,,,,,,,,,,,en,prep. after,,,,,,,,
trasladarse,…lo que las permite trasladarse entre sus huéspedes.,Verb,participio pasado,verbo,participio pasado,,,,,,,,,,,,,,,,,en,"move, transfer, relocate",en,"transfer, relocate; move; shift",,,,,,
trastos,…que antiguamente sacaban sus trastos viejos a la calle…,,,,,,,,,,,,,,,,,,,,,en,"nm. junk (cosa inútil); container, recipient (recipiente); nuisance, rascal (persona inquieta); scenery, stage set, props",,,,,,,,
trata,Que trata de la condición y…,Verb,él/ella/ud.,presente,tratar,tratarse,Noun,sustantivo,verbo,presente,tratar,tratarse,él/ella/ud.,,,,,,,,,en,"[v:tratar] treat, behave towards; attend;",,,,,,,,
trataba,No se trataba de que un aficionado…,Verb,yo,indicativo pretérito imperfecto,tratar,tratarse,verbo,yo,tratar,tratarse,indicativo pretérito imperfecto,,,,,,,,,,,en,treat;tried,,,,,,,,
tratamiento,…al más tarde fracasado tratamiento contra el,Noun,sustantivo,,,,,,,,,,,,,,,,,,,en,treatment,,,,,,,,
tratamientos,desarrollo y comercialización de tratamientos contra enfermedades neurológicas y…,Noun,sustantivo,,,,,,,,,,,,,,,,,,,en,treatments,,,,,,,,
tratamos,…es precisamente lo que tratamos de hacer cada día.,Verb,presente,nosotros,tratar,tratarse,Noun,verbo,nosotros,presente,tratar,tratarse,,,,,,,,,,en,to treat,,,,,,,,
traté,una oveja que yo traté de dibujarle por última,Verb,yo,pretérito perfecto simple,tratar,tratarse,Pronoun,Noun,,,,,,,,,,,,,,en,tried,,,,,,,,
través,…puedo sentirme amada a través de los ojos del…,Noun,,,,,,,,,,,,,,,,,,,,en,through,en,"through, traverse",,,,,,
traviesos,Los Tres Chivitos Traviesos: The Three Billygoats in…,Adjective,adjective,,,,,,,,,,,,,,,,,,,en,Mischievous,,,,,,,,
trazas,trazas una línea entre las…,Verb,presente,tú,trazar,Noun,verb,noun,tú,presente,trazar,,,,,,,,,,,en,you draw,,,,,,,,
tremendamente,El sector farmacéutico es tremendamente competitivo y difícil.,Adverb,adverbio,,,,,,,,,,,,,,,,,,,en,"adv. awfully, terribly, dreadfully, tremendously",,,,,,,,
trincheras,"…parapetos, recorre baluartes y trincheras, dicta órdenes:",Noun,,,,,,,,,,,,,,,,,,,,en,"n. entrenchment, trench",,,,,,,,
tripas,…perfecta para sacarle las tripas.,Noun,sustantivo,,,,,,,,,,,,,,,,,,,en,"entrails, innards, guts",,,,,,,,
tristeza,…no fuera por la tristeza que siento cuando los…,Noun,,,,,,,,,,,,,,,,,,,,en,sadness,,,,,,,,
tromba,"tromba los medicamentos genéricos, mucho…",Noun,sustantivo,,,,,,,,,,,,,,,,,,,en,n. whirlwind,,,,,,,,
trozo,…de vino con un trozo de pan o con…,Verb,yo,presente,trozar,Noun,verbo,presente,yo,trozar,,,,,,,,,,,,en,"piece, fragment",,,,,,,,
truhanes,"…principales, y los dos truhanes, levantando los brazos como…",,,,,,,,,,,,,,,,,,,,,en,"rogue, crook, jester",,,,,,,,
tumbado,"Estaba tumbado sobre su espalda dura,…",Verb,yo,pretérito perfecto compuesto,tumbar,tumbarse,Adjective,verb,adjective,yo,pretérito perfecto compuesto,tumbarse,tumbar,,,,,,,,,en,lying,,,,,,,,
tumbas,"…cuevas, cerca de las tumbas de los mártires, y…",Verb,presente,tú,tumbar,tumbarse,Noun,tú,verbo,presente,tumbarse,tumbar,,,,,,,,,,en,"n. vault, tomb, grave",,,,,,,,
turbulenta,…se arrastraban en desbandada turbulenta detrás de los fierros…,Adjective,adjective,,,,,,,,,,,,,,,,,,,en,turbulent,,,,,,,,
turcos,…razonó que si los turcos adaptaran el estilo de…,Adjective,Noun,noun,adjective,,,,,,,,,,,,,,,,,en,Turks,,,,,,,,
turistas,"Tío, que son turistas, que se les ve…",Noun,,,,,,,,,,,,,,,,,,,,en,tourists,,,,,,,,
turno,Ahora es su turno.,Verb,yo,presente,turnar,turnarse,Noun,verbo,presente,yo,turnar,turnarse,,,,,,,,,,en,shift,,,,,,,,
turrón,"…más conocidos son el turrón, de Jijona o la…",Noun,,,,,,,,,,,,,,,,,,,,en,"nougat, chew confection made of sugar",,,,,,,,
tuve,"…culturas, las sensaciones que tuve en Nueva York y…",Verb,yo,pretérito perfecto simple,tener,tenerse,Noun,verbo,tener,yo,pretérito perfecto simple,tenerse,,,,,,,,,,en,-I had,,,,,,,,
tuvo,"la hermana que nunca tuvo, pero también que no",Verb,pretérito perfecto simple,él/ella/ud.,tener,tenerse,,,,,,,,,,,,,,,,en,He had,,,,,,,,
tuyo,"Si es el tuyo, tía.",Adjective,Noun,noun,adjective,,,,,,,,,,,,,,,,,en,yours,,,,,,,,
ubica,"Además, se ubica en medio de una…",Verb,él/ella/ud.,presente,ubicar,ubicarse,verbo,presente,él/ella/ud.,ubicar,ubicarse,,,,,,,,,,,en,located,,,,,,,,
ubicación,…ejército!¡ Supervisa también la ubicación de nuestra unidad!,Noun,noun,,,,,,,,,,,,,,,,,,,en,location,,,,,,,,
ubicada,"Ubicada al noroeste del País,…",,,,,,,,,,,,,,,,,,,,,en,located,,,,,,,,
ubicas,…ejes: en el horizontal ubicas tu opinión acerca de…,Verb,presente,tú,ubicar,ubicarse,verb,tú,presente,ubicar,ubicarse,,,,,,,,,,,en,you place,,,,,,,,
último,"Jennifer: Estaba estudiando el último año de bachillerato, de…",Adjective,Noun,,,,,,,,,,,,,,,,,,,en,last,,,,,,,,
últimos,Los últimos eran puertorriqueños o de…,Adjective,Noun,,,,,,,,,,,,,,,,,,,en,últimos recent,,,,,,,,
unes,…eje horizontal Y si unes,Verb,presente,tú,unir,unirse,verb,unir,tú,presente,unirse,,,,,,,,,,,en,you join,,,,,,,,
única,La única ley que impera aquí,Adjective,Noun,noun,adjective,,,,,,,,,,,,,,,,,en,"[adj]  unique, only",,,,,,,,
únicamente,…hace cinco años ofreciendo únicamente clases de dibujo.,Adverb,adverbio,,,,,,,,,,,,,,,,,,,en,"only, solely, uniquely, purely",,,,,,,,
único,Es el único detalle que ha tenido…,Adjective,Noun,,,,,,,,,,,,,,,,,,,en,only thing,,,,,,,,
unida,…una familia se mantiene unida!¡ Lo dijiste tú misma!,Adjective,Noun,noun,adjective,,,,,,,,,,,,,,,,,en,together,,,,,,,,
unieron,"…jóvenes y chicas se unieron cada vez, esperando ansiosos…",Verb,pretérito perfecto simple,ellos/ellas/uds.,unir,unirse,unir,verbo,pretérito perfecto simple,ellos/ellas/uds.,unirse,,,,,,,,,,,en,"unir v. unite, join, link, connect; mate; incorporate; interlock",,,,,,,,
unió,"…forma segura, y se unió a sus hermanos.",Verb,pretérito perfecto simple,él/ella/ud.,unir,unirse,verb,unir,pretérito perfecto simple,él/ella/ud.,unirse,,,,,,,,,,,en,joined,,,,,,,,
unión,"…que pienso y siento, unión total y fusión, los…",Noun,,,,,,,,,,,,,,,,,,,,en,Union,,,,,,,,
usted,"Ey, ey… usted…¡ deténgase!",Pronoun,Adverb,,,,,,,,,,,,,,,,,,,en,you [sing. formal],,,,,,,,
utilizando,apocalipsis uno de ellos utilizando las,Verb,gerundio,utilizar,gerundio,verbo,utilizar,,,,,,,,,,,,,,,en,Utilize,,,,,,,,
utilizar,"…en algunos casos podemos utilizar la preposición"" durante"":"" estaré…",Verb,participio pasado,verbo,participio pasado,,,,,,,,,,,,,,,,,en,To utilize,,,,,,,,
utópico,que ayer nos parecía utópico hoy nos parece viable,Adjective,,,,,,,,,,,,,,,,,,,,en,utopian,,,,,,,,
uva,…de Jijona o la uva de mesa del valle…,Noun,,,,,,,,,,,,,,,,,,,,en,"n. grape, type of fruit which grows in clusters on a vine (used to make wine)",,,,,,,,
va,Se te va la olla.,Verb,él/ella/ud.,presente,ir,irse,Adjective,Noun,sustantivo,adjetivo,verbo,ir,presente,irse,él/ella/ud.,,,,,,,en,"goes, going",,,,,,,,
vaca,Petroleo y gas en Vaca Muerta.,Verb,él/ella/ud.,presente,vacar,Noun,sustantivo,verbo,presente,él/ella/ud.,vacar,,,,,,,,,,,en,beef,,,,,,,,
vacía,…que la biblioteca estaba vacía.,Verb,él/ella/ud.,presente,vaciar,vaciarse,Adjective,Adverb,adjetivo,adverbio,verbo,presente,él/ella/ud.,vaciarse,vaciar,,,,,,,en,"adj.  empty, vacuous, hollow, void",,,,,,,,
vacío,Vacío está el vagón,Verb,yo,presente,vaciar,vaciarse,Adjective,Noun,verb,noun,adjective,presente,yo,vaciarse,vaciar,,,,,,,en,Empty,,,,,,,,
vagón,…Vacío está el vagón,Noun,noun,,,,,,,,,,,,,,,,,,,en,car,,,,,,,,
valemos,Las personas valemos menos que el dinero.,Verb,presente,nosotros,valer,valerse,verbo,valer,nosotros,presente,valerse,,,,,,,,,,,en,"aid, help; protect; serve",,,,,,,,
valga,…que cualquier empresa que valga la pena implica un…,Verb,él/ella/ud.,imperativo,subjuntivo presente,valer,valerse,Noun,verb,noun,imperativo,valer,subjuntivo presente,él/ella/ud.,valerse,,,,,,,en,worth,,,,,,,,
valor,…particulares que le agregan valor como su importante contenido…,Noun,sustantivo,,,,,,,,,,,,,,,,,,,en,"courage, heroism, value, weight",,,,,,,,
valores,valores de los otros se…,Verb,tú,subjuntivo presente,valorar,Noun,verb,noun,tú,subjuntivo presente,valorar,,,,,,,,,,,en,values,,,,,,,,
vana,Mi recomendación fue vana.,Adjective,adjective,,,,,,,,,,,,,,,,,,,en,vain,,,,,,,,
vanidosa,…era muy pretensiosa y vanidosa.,Adjective,Noun,noun,adjective,,,,,,,,,,,,,,,,,en,vain,,,,,,,,
varios,"…creencias que tienen, aparecen varios de los mitos que…",Adjective,Pronoun,,,,,,,,,,,,,,,,,,,en,"various, several",,,,,,,,
varonil,"…y tenía una cara varonil, de facciones pronunciadas, pero…",Adjective,adjective,,,,,,,,,,,,,,,,,,,en,masculine,,,,,,,,
vasitos,…minúsculos platitos y siete vasitos; y al lado de…,,,,,,,,,,,,,,,,,,,,,en,cups,,,,,,,,
vaticinan,muchos expertos vaticinan que será difícil hacerle…,Verb,presente,ellos/ellas/uds.,vaticinar,verb,presente,ellos/ellas/uds.,vaticinar,,,,,,,,,,,,,en,predict,,,,,,,,
váyanse,Váyanse ahora para que puedan…,Verb,imperativo,irse,verb,imperativo,irse,,,,,,,,,,,,,,,en,Go,,,,,,,,
ve,"…turistas, que se les ve en la cara.",Verb,él/ella/ud.,presente,tú,imperativo,ir,ver,verse,Noun,imperativo,ver,tú,verbo,ir,presente,verse,él/ella/ud.,,,,en,"ver v. see, understand",,,,,,,,
vea,"…que su rostro se vea demacrado, aunque apenas tiene(…",Verb,él/ella/ud.,imperativo,subjuntivo presente,ver,verse,Noun,sustantivo,imperativo,ver,verbo,subjuntivo presente,verse,él/ella/ud.,,,,,,,en,see,,,,,,,,
veáis,…muchos de los que veáis este vídeo desde España…,Verb,subjuntivo presente,vosotros,ver,verse,verb,ver,vosotros,subjuntivo presente,verse,,,,,,,,,,,en,you all see,,,,,,,,
vean,que vean que esto no es…,Verb,ellos/ellas/uds.,imperativo,subjuntivo presente,ver,verse,imperativo,ver,verbo,subjuntivo presente,verse,ellos/ellas/uds.,,,,,,,,,en,(they) see,,,,,,,,
vecindario,"…una casa en el vecindario que vale$1,150,000 un millón…",Noun,noun,,,,,,,,,,,,,,,,,,,en,neighborhood,,,,,,,,
veían,"…bosque, pero aún no veían el manzano.",Verb,indicativo pretérito imperfecto,ellos/ellas/uds.,ver,verse,verb,ver,verse,ellos/ellas/uds.,indicativo pretérito imperfecto,,,,,,,,,,,en,they saw,,,,,,,,
veladas,…frases entrecortadas e insinuaciones veladas que lo revelaban y…,Adjective,Noun,sustantivo,adjetivo,,,,,,,,,,,,,,,,,en,evenings,,,,,,,,
velas,…bendecir las semillas y velas o candelas las cuales…,Verb,presente,tú,velar,velarse,Noun,tú,verbo,presente,velar,velarse,,,,,,,,,,en,wake; watch; candle; sail,,,,,,,,
vemos,"Camelia: Y lo vemos y claro, pues era…",Verb,presente,nosotros,ver,verse,Noun,ver,verbo,nosotros,presente,verse,,,,,,,,,,en,"we see, view each other / meet",,,,,,,,
vencer,…este mundo a vencer.#,Verb,participio pasado,verb,participio pasado,,,,,,,,,,,,,,,,,en,to overcome,,,,,,,,
vendrá,…a tu habitación…- Nando vendrá cuando cierre el bar.,Verb,él/ella/ud.,futuro,venir,venirse,verbo,venir,futuro,él/ella/ud.,venirse,,,,,,,,,,,en,he will come,,,,,,,,
venga,"Venga, por favor.- Que no,…",Verb,él/ella/ud.,presente,imperativo,subjuntivo presente,vengar,vengarse,venir,venirse,Noun,imperativo,verbo,vengar,venir,presente,subjuntivo presente,él/ella/ud.,venirse,vengarse,,en,Come,,,,,,,,
vengan,vengan a disfrutar de la…,Verb,presente,ellos/ellas/uds.,imperativo,subjuntivo presente,vengar,vengarse,venir,venirse,imperativo,verbo,vengar,venir,presente,subjuntivo presente,ellos/ellas/uds.,venirse,vengarse,,,en,"they come (pres subj)   or  they avenge, revenge",,,,,,,,
vengando,…payaso asesino se estuviera vengando?,Verb,gerundio,vengar,gerundio,verbo,vengar,,,,,,,,,,,,,,,en,revenge,,,,,,,,
vengas,…está encantado de que vengas.- Sí. Porque se lo…,Verb,presente,tú,subjuntivo presente,vengar,vengarse,venir,venirse,tú,verbo,vengar,venir,presente,subjuntivo presente,venirse,vengarse,,,,,en,You come,en,You come (subjunctive),,,,,,
vengo,"…antes, de donde yo vengo, todo es muy pequeño",Verb,yo,presente,vengar,vengarse,venir,venirse,Adverb,Noun,verb,noun,vengar,venir,presente,yo,adverb,venirse,vengarse,,,en,"come; reach; arrive; result from; happen, occur; infiltrate; settle; land",,,,,,,,
venido,Hemos venido a buscarte.,Verb,yo,pretérito perfecto compuesto,venir,venirse,Adjective,verbo,venir,yo,pretérito perfecto compuesto,venirse,,,,,,,,,,en,have come,,,,,,,,
ventaja,…era una gran ventaja.,Noun,noun,,,,,,,,,,,,,,,,,,,en,advantage,,,,,,,,
ventana,"…vida miró por la ventana hacia afuera, del mismo…",Noun,sustantivo,,,,,,,,,,,,,,,,,,,en,"[n,F] window, opening",en,window,,,,,,
ventanas,…muy bonita que tiene ventanas muy grandes con lindas…,Noun,noun,,,,,,,,,,,,,,,,,,,en,windows,,,,,,,,
ventas,…últimos 4 años sus ventas han caído más de…,Noun,sustantivo,,,,,,,,,,,,,,,,,,,en,sales,,,,,,,,
veo,"…años que no... voy, veo como los tiran los…",Verb,yo,presente,ver,verse,Noun,ver,verbo,presente,yo,verse,,,,,,,,,,en,I see,,,,,,,,
verá,…hoy en adelante usted verá con buenos ojos el…,Verb,él/ella/ud.,futuro,ver,verse,ver,verbo,futuro,verse,él/ella/ud.,,,,,,,,,,,en,you will see,,,,,,,,
verás,"…naranja en una mesa verás cómo se queda quieta,…",Verb,tú,futuro,ver,verse,Noun,ver,tú,verbo,futuro,verse,,,,,,,,,,en,you will see,,,,,,,,
verbena,"…ayer, pues celebramos la verbena de San Juan, el…",Noun,,,,,,,,,,,,,,,,,,,,en,open-air dance,,,,,,,,
verdad,verdad pero esto no ha…,Adverb,Noun,,,,,,,,,,,,,,,,,,,en,truth,,,,,,,,
verdadera,"…os hemos contado, la verdadera pregunta es,",Adjective,Noun,sustantivo,adjetivo,,,,,,,,,,,,,,,,,en,legitimate,,,,,,,,
verdadero,"niño estábamos en peligro, verdadero peligro",Adjective,Noun,,,,,,,,,,,,,,,,,,,en,true; real; reality,,,,,,,,
verdaderos,…amigos eran los dueños verdaderos de la tierra y…,Adjective,,,,,,,,,,,,,,,,,,,,en,"true, real",,,,,,,,
veré,…Yo veré si el puente es…,Verb,yo,futuro,ver,verse,verb,ver,yo,futuro,verse,,,,,,,,,,,en,will see,,,,,,,,
veremos,Raramente las veremos en gatos que viven…,Verb,nosotros,futuro,ver,verse,Noun,ver,verbo,nosotros,futuro,verse,,,,,,,,,,en,we will see,,,,,,,,
vergüenza,…Y por qué tienes vergüenza?,Noun,noun,,,,,,,,,,,,,,,,,,,en,embarrassment,,,,,,,,
verificadora,"…Hola, soy Desirée Yépez, verificadora de datos y periodista…",,,,,,,,,,,,,,,,,,,,,en,verifier,,,,,,,,
verlas,…pero no será extraño verlas en gatos que habitan…,,,,,,,,,,,,,,,,,,,,,en,see them,,,,,,,,
verlos,"Con tan solo verlos, te entra un ataque…",Noun,sustantivo,,,,,,,,,,,,,,,,,,,en,watch them,,,,,,,,
verme,…Y vienes a verme a las 03:00 de…,Noun,noun,,,,,,,,,,,,,,,,,,,en,see me,,,,,,,,
verso,"…es una composición en verso, una tradición muy mexicana…",Verb,yo,presente,versar,versarse,Noun,sustantivo,verbo,presente,yo,versarse,versar,,,,,,,,,en,verse,,,,,,,,
verte,…no me resisto al verte( dime),Noun,,,,,,,,,,,,,,,,,,,,en,to see you *,,,,,,,,
vertiginoso,"…ellos, y el crecimiento vertiginoso de asistentes, sumado a…",,,,,,,,,,,,,,,,,,,,,en,"adj. vertiginous, dizzy; breakneck",en,"dizzy, giddy; very fast",en,"dizzy, giddy, vertiginous, fast, dramatic, lightning (speed)",en,extremely high or steep; vertiginous,en,"Adjective m sg

- vertiginous (pertaining or related to vertigo)

- dizzying, vertiginous, giddy (inducing a feeling of giddiness, vertigo, or dizzyness) 
Synonym: mareante

- suffering from vertigo 
Synonym: mareado"
vestíbulo,"…el pie en el vestíbulo, mi agradecido ex-paciente,…",Noun,noun,,,,,,,,,,,,,,,,,,,en,"hallway, entrance hall, lobby",,,,,,,,
vestirse,"…tenían la obligación de vestirse al estilo europeo, hombres…",Verb,participio pasado,verb,participio pasado,,,,,,,,,,,,,,,,,en,dress,,,,,,,,
vesubio,erupción del vesubio en la ciudad Romana,,,,,,,,,,,,,,,,,,,,,en,Vesuvius,,,,,,,,
vez,…persona adecuada... y tal vez sea cierto... se dice…,Adverb,Noun,,,,,,,,,,,,,,,,,,,en,"n. occasion, time; turn",,,,,,,,
vicio,…en las que el vicio solía acompañar al ocio.,Verb,yo,presente,viciar,viciarse,Noun,sustantivo,verbo,presente,yo,viciar,viciarse,,,,,,,,,en,"bad habit / addiction, vice",,,,,,,,
viejos,…antiguamente sacaban sus trastos viejos a la calle y…,Adjective,Noun,sustantivo,adjetivo,,,,,,,,,,,,,,,,,en,elderly,,,,,,,,
viendo,"…Si están viendo ustedes este holograma,",Verb,gerundio,ver,Adjective,verb,ver,gerundio,adjective,,,,,,,,,,,,,en,seeing,,,,,,,,
viene,"…media naranja, rápidamente te viene a la mente que…",Verb,él/ella/ud.,presente,venir,venirse,Adjective,Noun,verbo,venir,presente,él/ella/ud.,venirse,,,,,,,,,en,(he/she/it) arrive/come,,,,,,,,
vienes,"Rai,¿ para qué vienes si no te lees…",Verb,presente,tú,venir,venirse,tú,verbo,venir,presente,venirse,,,,,,,,,,,en,you come,,,,,,,,
vientos,...a causa de los fuertes vientos.......¡Algo falla!,Noun,sustantivo,,,,,,,,,,,,,,,,,,,en,winds,,,,,,,,
vieron,…familia de Itzel cuando vieron estas fotos?,Verb,pretérito perfecto simple,ellos/ellas/uds.,ver,verse,ver,verbo,pretérito perfecto simple,verse,ellos/ellas/uds.,,,,,,,,,,,en,they saw,,,,,,,,
viese,…para que la gente viese que trabajaban activamente en…,Verb,yo,subjuntivo pretérito imperfecto,ver,verse,ver,verbo,yo,verse,subjuntivo pretérito imperfecto,,,,,,,,,,,en,saw (subj past2 from ver),,,,,,,,
vigila,"El Tirano, cauto, receloso, vigila las defensas, manda construir…",Verb,él/ella/ud.,presente,vigilar,verbo,presente,vigilar,él/ella/ud.,,,,,,,,,,,,,en,"keep watch, watch over",,,,,,,,
vigilen,…al ejército y que vigilen el cielo.,Verb,ellos/ellas/uds.,imperativo,vigilar,verb,imperativo,vigilar,ellos/ellas/uds.,,,,,,,,,,,,,en,they watch,,,,,,,,
vinalopó,…mesa del valle del Vinalopó.,,,,,,,,,,,,,,,,,,,,,en,Vinalopó,,,,,,,,
viniendo,…la esclerosis se está viniendo abajo como un castillo…,Verb,gerundio,venir,Noun,sustantivo,gerundio,verbo,venir,,,,,,,,,,,,,en,coming,,,,,,,,
vinieron,"…Rodrigo, los ricos blancos vinieron de la ciudad de…",Verb,pretérito perfecto simple,ellos/ellas/uds.,venir,venirse,verbo,venir,pretérito perfecto simple,ellos/ellas/uds.,venirse,,,,,,,,,,,en,they came,,,,,,,,
vinieses,Te dije que vinieses para pasar más tiempo…,Verb,subjuntivo pretérito imperfecto,tú,venir,venirse,tú,verbo,venir,venirse,subjuntivo pretérito imperfecto,,,,,,,,,,,en,(you) came,,,,,,,,
vinos,…la montaña producen excelentes vinos.,Noun,,,,,,,,,,,,,,,,,,,,en,wines,,,,,,,,
vió,…me cuenta que quien vió las imágenes en redes…,Noun,,,,,,,,,,,,,,,,,,,,en,saw,,,,,,,,
vírgen,"…vividas de la selva vírgen tropical"".",Noun,sustantivo,,,,,,,,,,,,,,,,,,,en,"virgin, unspoiled, blank",,,,,,,,
vísceras,…Se traga sus vísceras,Noun,sustantivo,,,,,,,,,,,,,,,,,,,en,"viscear, guts",,,,,,,,
visitarnos,…existencia y fuera a visitarnos.,,,,,,,,,,,,,,,,,,,,,en,to visit us,,,,,,,,
víspera,…les prendían fuego la víspera del,Noun,sustantivo,,,,,,,,,,,,,,,,,,,en,"eve, the day before",,,,,,,,
vista,"Estar contigo, vista al mar donde no…",Verb,él/ella/ud.,imperativo,subjuntivo presente,vestir,vestirse,Noun,imperativo,verbo,subjuntivo presente,vestirse,él/ella/ud.,vestir,,,,,,,,en,sight,,,,,,,,
vistazo,…id a echar un vistazo a Scalable Capital.,Noun,sustantivo,,,,,,,,,,,,,,,,,,,en,"glance, look",,,,,,,,
viste,Ahora mi hermana se viste así en el más…,Verb,pretérito perfecto simple,él/ella/ud.,presente,tú,ver,verse,vestir,vestirse,ver,tú,verbo,presente,pretérito perfecto simple,vestirse,verse,él/ella/ud.,vestir,,,en,you see(understand)?,,,,,,,,
visto,Y nadie lo ha visto. Parecerá un accidente.,Verb,yo,presente,pretérito perfecto compuesto,ver,verse,vestir,vestirse,Adjective,Noun,sustantivo,adjetivo,ver,verbo,presente,yo,pretérito perfecto compuesto,vestirse,verse,vestir,en,"have a look at, see; take care, wait; feel, understand",,,,,,,,
vitalmiro,"el hacendado Vitalmiro Bastos de Moura,",,,,,,,,,,,,,,,,,,,,,en,Vitalmiro,,,,,,,,
viven,…veremos en gatos que viven y han nacido en…,Verb,presente,ellos/ellas/uds.,imperativo,vivar,vivir,imperativo,verbo,vivir,presente,ellos/ellas/uds.,vivar,,,,,,,,,en,"v. live, be alive, exist",,,,,,,,
vivían,…de las familias que vivían en San Pedro trabajaban…,Verb,indicativo pretérito imperfecto,ellos/ellas/uds.,vivir,verbo,vivir,ellos/ellas/uds.,indicativo pretérito imperfecto,,,,,,,,,,,,,en,"[v. vivir]  they lived, used to live",,,,,,,,
viviendas,"…reunieron para servicios en viviendas privadas, edificios desiertos, cuevas,…",Noun,,,,,,,,,,,,,,,,,,,,en,"homes, apartments, dwellings",,,,,,,,
vivos,"…personas, nos haga sentir vivos, nos haga sentir llenos,…",Adjective,Noun,,,,,,,,,,,,,,,,,,,en,"alive, living",,,,,,,,
vocabulario,…acostumbrado a usar el vocabulario que necesitaba y a…,Adjective,Noun,,,,,,,,,,,,,,,,,,,en,vocabulary,,,,,,,,
vociferan,vociferan todos.,Verb,presente,ellos/ellas/uds.,vociferar,verb,presente,ellos/ellas/uds.,vociferar,,,,,,,,,,,,,en,shout,,,,,,,,
volador,…Hogwarts en un coche volador.,Adjective,Noun,sustantivo,adjetivo,,,,,,,,,,,,,,,,,en,flying,,,,,,,,
volar,"…que siempre había querido volar, pidió tener alas y…",Verb,participio pasado,verbo,participio pasado,,,,,,,,,,,,,,,,,en,Fly,,,,,,,,
volcando,los científicos que están volcando todo su esfuerzo en,Verb,gerundio,volcar,,,,,,,,,,,,,,,,,,en,pouring,,,,,,,,
voldemort,"…vez más a lord Voldemort, su siniestro enemigo en…",,,,,,,,,,,,,,,,,,,,,en,Voldemort,,,,,,,,
voló,"…hermosa mujer alada, que voló hacia el cielo dejando…",Verb,pretérito perfecto simple,él/ella/ud.,volar,volarse,verbo,volar,pretérito perfecto simple,él/ella/ud.,volarse,,,,,,,,,,,en,flew,,,,,,,,
voltea,…visitar. Entonces Arturo se voltea y comienza caminar a…,Verb,él/ella/ud.,presente,voltear,voltearse,verbo,presente,él/ella/ud.,voltearse,voltear,,,,,,,,,,,en,turns,,,,,,,,
volteé,"destornillador al suelo, me volteé y usted no va",Verb,yo,pretérito perfecto simple,voltear,voltearse,,,,,,,,,,,,,,,,en,I turned,,,,,,,,
volteó,Ella se volteó hacia Gretel.,Verb,pretérito perfecto simple,él/ella/ud.,voltear,voltearse,Noun,verb,noun,pretérito perfecto simple,él/ella/ud.,voltearse,voltear,,,,,,,,,en,turned,,,,,,,,
volumen,…secador a todo volumen],Noun,sustantivo,,,,,,,,,,,,,,,,,,,en,volume,,,,,,,,
voluntad,…inmueble por su propia voluntad,Noun,noun,,,,,,,,,,,,,,,,,,,en,will,,,,,,,,
volvéis,"…ha pasado todo, hijo.¡ Volvéis a casa, muchachos!",Verb,presente,vosotros,volver,volverse,verbo,presente,volver,volverse,vosotros,,,,,,,,,,,en,you return,,,,,,,,
volvemos,Ya volvemos.,Verb,presente,nosotros,volver,volverse,verbo,nosotros,presente,volver,volverse,,,,,,,,,,,en,we return,,,,,,,,
volvería,Lo volvería a hacer.,Verb,yo,condicional,volver,volverse,verbo,yo,volver,volverse,condicional,,,,,,,,,,,en,"I/he/she/it would come back, return",,,,,,,,
volvió,"…abandonó por negocios urgentes, volvió a abrirla cuando regresaba…",Verb,pretérito perfecto simple,él/ella/ud.,volver,volverse,Adjective,Noun,verbo,volver,volverse,pretérito perfecto simple,él/ella/ud.,,,,,,,,,en,Went back,,,,,,,,
volviste,Te volviste su perro faldero después…,Verb,pretérito perfecto simple,tú,volver,volverse,verb,tú,volver,volverse,pretérito perfecto simple,,,,,,,,,,,en,you returned,,,,,,,,
vos,…ecuatorianos usan el pronombre VOS en vez de Tú.,Pronoun,Noun,,,,,,,,,,,,,,,,,,,en,"pron. you, (pronoun used in argentina among friends",,,,,,,,
voz,"Yo entonces hablé en voz baja, hablando conmigo mismo",Noun,,,,,,,,,,,,,,,,,,,,en,"n.  voice; whisper; word, term; lead",,,,,,,,
vuelan,aviones son máquinas que vuelan,Verb,presente,ellos/ellas/uds.,volar,volarse,,,,,,,,,,,,,,,,en,volar - fly; sail,,,,,,,,
vuelta,…acostumbrada a dar una vuelta por ahí.,Noun,sustantivo,,,,,,,,,,,,,,,,,,,en,turn,,,,,,,,
vuelto,el tiempo se ha vuelto más caótica si,Verb,yo,pretérito perfecto compuesto,volver,volverse,Noun,sustantivo,verbo,yo,volver,volverse,pretérito perfecto compuesto,,,,,,,,,en,become,,,,,,,,
vuelve,"…en una esquina, se vuelve sospechoso de ser un…",Verb,él/ella/ud.,presente,volver,volverse,Noun,verbo,presente,volver,volverse,él/ella/ud.,,,,,,,,,,en,returns,,,,,,,,
vuestra,Tengo buenos informes sobre vuestra conducta.,Adjective,Noun,noun,adjective,,,,,,,,,,,,,,,,,en,"your, yours (vosotros; f)",,,,,,,,
whist,…periódicos y jugar al whist.,,,,,,,,,,,,,,,,,,,,,en,whist (card game),,,,,,,,
ya,"Yo ya era muy mayor, demasiado…",Adverb,Noun,noun,adverb,,,,,,,,,,,,,,,,,en,already,,,,,,,,
yacimiento,…a menudo mal denominada yacimiento.,Noun,sustantivo,,,,,,,,,,,,,,,,,,,en,"deposit, bed, field (oil)",,,,,,,,
y demás representaciones de lo oscuro,y demás representaciones de lo oscuro,,,,,,,,,,,,,,,,,,,,,en,and other representations of the dark,,,,,,,,
yendo,…ti se te está yendo la olla?,Verb,gerundio,ir,gerundio,verbo,ir,,,,,,,,,,,,,,,en,going,,,,,,,,
zanahorias,…comer niño asado con zanahorias y salsa de carne.,Noun,noun,,,,,,,,,,,,,,,,,,,en,carrots,,,,,,,,
zaragoza,"…español, tiene acento de Zaragoza.",Noun,noun,,,,,,,,,,,,,,,,,,,en,an ancient city in northeastern Spain; formerly the capital of Aragon,,,,,,,,
zona,El60% de esa zona natural se encuentra en…,Noun,sustantivo,,,,,,,,,,,,,,,,,,,en,"n.  region, zone",,,,,,,,
zorro,su amistad con el zorro. Como usted sabe querido,Noun,,,,,,,,,,,,,,,,,,,,en,"n. fox, shrewd and cunning person",,,,,,,,
zumo,"…puede traerme también un zumo de naranja, por favor?",Noun,,,,,,,,,,,,,,,,,,,,en,juice,,,,,,,,
zurdo,zurdo! Y de seguro para…,Adjective,adjective,,,,,,,,,,,,,,,,,,,en,left handed; left-hander,,,,,,,,
